territory_id,region,name,unit,district_2010,group,index,city,employed,own_region,own_settlement,other_region,unknown,share_other_settlement,region_median,dev
515,Алтайский край,Алтайский муниципальный район,Алтайский муниципальный район,True,hidden,0.46,городской округ город Белокуриха,9929.0,9384.0,8259.0,381.0,163.0,0.1152,0.0742,0.041
516,Алтайский край,Баевский муниципальный район,Баевский муниципальный район,True,other,,,3702.0,3572.0,3418.0,128.0,1.0,0.0416,0.0742,-0.0326
517,Алтайский край,Бийский муниципальный район,Бийский муниципальный район,True,ring,0.4112,городской округ город Бийск,14174.0,13797.0,8206.0,281.0,94.0,0.3971,0.0742,0.3229
518,Алтайский край,Благовещенский муниципальный район,Благовещенский муниципальный район,True,other,,,12831.0,12005.0,11284.0,266.0,559.0,0.0588,0.0742,-0.0155
519,Алтайский край,Бурлинский муниципальный район,Бурлинский муниципальный район,True,other,,,4721.0,4184.0,3753.0,522.0,7.0,0.0914,0.0742,0.0172
520,Алтайский край,Быстроистокский муниципальный район,Быстроистокский муниципальный район,True,other,,,3423.0,3355.0,3113.0,53.0,15.0,0.071,0.0742,-0.0032
521,Алтайский край,Волчихинский муниципальный район,Волчихинский муниципальный район,True,other,,,7763.0,7716.0,7527.0,35.0,11.0,0.0244,0.0742,-0.0499
522,Алтайский край,Егорьевский муниципальный район,Егорьевский муниципальный район,True,other,,,5038.0,4990.0,4662.0,43.0,5.0,0.0652,0.0742,-0.0091
523,Алтайский край,Ельцовский муниципальный район,Ельцовский муниципальный район,True,other,,,2318.0,2258.0,2164.0,56.0,4.0,0.0406,0.0742,-0.0336
524,Алтайский край,Завьяловский муниципальный район,Завьяловский муниципальный район,True,other,,,8089.0,7976.0,7661.0,106.0,5.0,0.039,0.0742,-0.0353
525,Алтайский край,Залесовский муниципальный округ,Залесовский муниципальный район,True,other,,,5768.0,5491.0,5171.0,269.0,5.0,0.0555,0.0742,-0.0187
527,Алтайский край,Змеиногорский муниципальный район,Змеиногорский муниципальный район,True,other,,,8074.0,6093.0,5659.0,146.0,1833.0,0.0695,0.0742,-0.0047
542,Алтайский край,Зональный муниципальный район,Зональный муниципальный район,True,control,-1.4895,городской округ город Бийск,7842.0,7704.0,5762.0,73.0,64.0,0.2497,0.0742,0.1754
528,Алтайский край,Калманский муниципальный район,Калманский муниципальный район,True,control,-1.6153,городской округ город Барнаул,5114.0,4991.0,3645.0,25.0,98.0,0.2683,0.0742,0.1941
529,Алтайский край,Каменский муниципальный район,Каменский муниципальный район,True,other,,,3959.0,3798.0,3416.0,144.0,17.0,0.0969,0.0742,0.0227
530,Алтайский край,Ключевский муниципальный район,Ключевский муниципальный район,True,other,,,7840.0,7740.0,7132.0,64.0,36.0,0.0779,0.0742,0.0037
531,Алтайский край,Косихинский муниципальный район,Косихинский муниципальный район,True,other,,,6311.0,6233.0,5086.0,60.0,18.0,0.1823,0.0742,0.108
532,Алтайский край,Красногорский муниципальный район,Красногорский муниципальный район,True,other,,,5996.0,5708.0,5293.0,276.0,10.0,0.0693,0.0742,-0.0049
533,Алтайский край,Краснощёковский муниципальный район,Краснощёковский муниципальный район,True,other,,,8644.0,8562.0,7893.0,74.0,8.0,0.0775,0.0742,0.0032
534,Алтайский край,Крутихинский муниципальный район,Крутихинский муниципальный район,True,other,,,4082.0,3939.0,3749.0,120.0,23.0,0.0468,0.0742,-0.0274
535,Алтайский край,Кулундинский муниципальный район,Кулундинский муниципальный район,True,other,,,9383.0,9179.0,8120.0,182.0,16.0,0.1131,0.0742,0.0388
536,Алтайский край,Курьинский муниципальный район,Курьинский муниципальный район,True,other,,,4469.0,4388.0,4095.0,36.0,45.0,0.0662,0.0742,-0.008
537,Алтайский край,Кытмановский муниципальный район,Кытмановский муниципальный район,True,other,,,5079.0,4885.0,4247.0,140.0,54.0,0.127,0.0742,0.0527
538,Алтайский край,Локтевский муниципальный район,Локтевский муниципальный район,True,other,,,11416.0,11128.0,9635.0,176.0,33.0,0.1312,0.0742,0.0569
539,Алтайский край,Мамонтовский муниципальный район,Мамонтовский муниципальный район,True,other,,,9162.0,8995.0,8123.0,127.0,38.0,0.0956,0.0742,0.0213
540,Алтайский край,Михайловский муниципальный район,Михайловский муниципальный район,True,other,,,8570.0,8387.0,7897.0,127.0,54.0,0.0575,0.0742,-0.0167
572,Алтайский край,Немецкий национальный муниципальный район,Немецкий Национальный муниципальный район,True,other,,,7547.0,6797.0,5864.0,735.0,5.0,0.1237,0.0742,0.0495
541,Алтайский край,Новичихинский муниципальный район,Новичихинский муниципальный район,True,other,,,3820.0,3756.0,3663.0,35.0,29.0,0.0245,0.0742,-0.0497
543,Алтайский край,Павловский муниципальный район,Павловский муниципальный район,True,control,-1.2655,городской округ город Барнаул,17051.0,16764.0,12760.0,73.0,210.0,0.2378,0.0742,0.1635
544,Алтайский край,Панкрушихинский муниципальный район,Панкрушихинский муниципальный район,True,other,,,4608.0,4512.0,4232.0,77.0,19.0,0.061,0.0742,-0.0132
545,Алтайский край,Первомайский муниципальный район,Первомайский муниципальный район,True,ring,-0.3417,городской округ город Новоалтайск,20442.0,20190.0,11316.0,189.0,57.0,0.4353,0.0742,0.3611
546,Алтайский край,Петропавловский муниципальный район,Петропавловский муниципальный район,True,other,,,5109.0,4922.0,4425.0,39.0,148.0,0.1002,0.0742,0.0259
547,Алтайский край,Поспелихинский муниципальный район,Поспелихинский муниципальный район,True,other,,,10920.0,10627.0,10013.0,268.0,24.0,0.0564,0.0742,-0.0179
548,Алтайский край,Ребрихинский муниципальный район,Ребрихинский муниципальный район,True,other,,,8904.0,7675.0,6877.0,55.0,1173.0,0.1032,0.0742,0.029
549,Алтайский край,Родинский муниципальный район,Родинский муниципальный район,True,other,,,7749.0,7638.0,7214.0,78.0,32.0,0.0549,0.0742,-0.0193
550,Алтайский край,Романовский муниципальный район,Романовский муниципальный район,True,other,,,5502.0,5463.0,5257.0,21.0,18.0,0.0376,0.0742,-0.0367
552,Алтайский край,Смоленский муниципальный район,Смоленский муниципальный район,True,control,-0.9925,городской округ город Бийск,9614.0,9512.0,7232.0,73.0,28.0,0.2378,0.0742,0.1636
554,Алтайский край,Советский муниципальный район,Советский муниципальный район,True,other,,,6755.0,6413.0,6060.0,323.0,19.0,0.0524,0.0742,-0.0218
555,Алтайский край,Солонешенский муниципальный район,Солонешенский муниципальный район,True,other,,,3881.0,3642.0,3475.0,24.0,214.0,0.0455,0.0742,-0.0287
556,Алтайский край,Солтонский муниципальный район,Солтонский муниципальный район,True,other,,,2868.0,2803.0,2605.0,30.0,35.0,0.0699,0.0742,-0.0043
558,Алтайский край,Табунский муниципальный район,Табунский муниципальный район,True,other,,,4190.0,3966.0,3397.0,167.0,52.0,0.1375,0.0742,0.0633
559,Алтайский край,Тальменский муниципальный район,Тальменский муниципальный район,True,control,-1.2219,городской округ город Барнаул,17716.0,17311.0,13269.0,352.0,49.0,0.2288,0.0742,0.1546
560,Алтайский край,Тогульский муниципальный район,Тогульский муниципальный район,True,other,,,3257.0,3175.0,3052.0,62.0,20.0,0.038,0.0742,-0.0362
561,Алтайский край,Топчихинский муниципальный район,Топчихинский муниципальный район,True,other,,,9195.0,9094.0,8269.0,55.0,45.0,0.0902,0.0742,0.0159
562,Алтайский край,Третьяковский муниципальный район,Третьяковский муниципальный район,True,other,,,6186.0,5784.0,5325.0,72.0,326.0,0.0783,0.0742,0.0041
563,Алтайский край,Троицкий муниципальный район,Троицкий муниципальный район,True,other,,,8557.0,7400.0,6980.0,120.0,1035.0,0.0558,0.0742,-0.0184
564,Алтайский край,Тюменцевский муниципальный район,Тюменцевский муниципальный район,True,other,,,6399.0,6365.0,6026.0,29.0,5.0,0.053,0.0742,-0.0212
565,Алтайский край,Угловский муниципальный район,Угловский муниципальный район,True,other,,,5175.0,5086.0,4546.0,77.0,4.0,0.1044,0.0742,0.0302
566,Алтайский край,Усть-Калманский муниципальный район,Усть-Калманский муниципальный район,True,other,,,5810.0,5732.0,5528.0,50.0,28.0,0.0353,0.0742,-0.039
567,Алтайский край,Усть-Пристанский муниципальный район,Усть-Пристанский муниципальный район,True,other,,,4849.0,4822.0,4747.0,7.0,20.0,0.0155,0.0742,-0.0587
568,Алтайский край,Хабарский муниципальный район,Хабарский муниципальный район,True,other,,,6320.0,6094.0,5782.0,182.0,44.0,0.0497,0.0742,-0.0245
569,Алтайский край,Целинный муниципальный район,Целинный муниципальный район,True,other,,,5858.0,5181.0,4815.0,31.0,646.0,0.0702,0.0742,-0.004
557,Алтайский край,Шелаболихинский муниципальный район,Шелаболихинский муниципальный район,True,other,,,5562.0,5497.0,5180.0,56.0,9.0,0.0571,0.0742,-0.0172
571,Алтайский край,Шипуновский муниципальный район,Шипуновский муниципальный район,True,other,,,12434.0,12197.0,11070.0,140.0,97.0,0.0914,0.0742,0.0171
505,Алтайский край,городской округ город Алейск,Алейский городской округ,False,other,,,12575.0,12261.0,12089.0,48.0,265.0,0.014,0.0742,-0.0603
504,Алтайский край,городской округ город Барнаул,Барнаульский городской округ,False,other,,,326545.0,320010.0,297504.0,1544.0,4844.0,0.07,0.0742,-0.0043
506,Алтайский край,городской округ город Белокуриха,Белокурихинский городской округ,False,other,,,7959.0,7856.0,7751.0,75.0,22.0,0.0132,0.0742,-0.061
507,Алтайский край,городской округ город Бийск,Бийский городской округ,False,other,,,100269.0,96011.0,94333.0,1017.0,3221.0,0.0173,0.0742,-0.0569
508,Алтайский край,городской округ город Заринск,Заринский городской округ,False,other,,,22715.0,21589.0,20605.0,1060.0,55.0,0.0434,0.0742,-0.0308
509,Алтайский край,городской округ город Новоалтайск,Новоалтайский городской округ,False,other,,,32031.0,29776.0,25151.0,222.0,2027.0,0.1541,0.0742,0.0799
510,Алтайский край,городской округ город Рубцовск,Рубцовский городской округ,False,other,,,62320.0,61465.0,60441.0,429.0,413.0,0.0165,0.0742,-0.0577
512,Алтайский край,городской округ город Яровое,Яровской городской округ,False,other,,,7459.0,6528.0,5675.0,657.0,274.0,0.1187,0.0742,0.0445
553,Алтайский край,муниципальный округ Суетский район,Суетский муниципальный район,True,other,,,1894.0,1862.0,1707.0,28.0,4.0,0.082,0.0742,0.0078
570,Алтайский край,муниципальный округ Чарышский район,Чарышский муниципальный район,True,other,,,4798.0,4703.0,4566.0,79.0,16.0,0.0286,0.0742,-0.0456
511,Алтайский край,муниципальный округ город Славгород,Славгородский муниципальный район,True,control,0.0987,городской округ город Яровое,3760.0,3616.0,2341.0,136.0,7.0,0.3397,0.0742,0.2655
991,Владимирская область,Александровский муниципальный район,Александровский муниципальный район,True,other,,,54993.0,39434.0,34692.0,15359.0,177.0,0.0865,0.1802,-0.0937
992,Владимирская область,Вязниковский муниципальный район,Вязниковский муниципальный район,True,other,,,34390.0,30362.0,26116.0,3931.0,92.0,0.1238,0.1802,-0.0564
993,Владимирская область,Гороховецкий муниципальный район,Гороховецкий муниципальный район,True,other,,,9551.0,8692.0,7603.0,841.0,18.0,0.1142,0.1802,-0.066
994,Владимирская область,Гусь-Хрустальный муниципальный район,Гусь-Хрустальный муниципальный район,True,ring,-0.5369,городской округ город Гусь-Хрустальный,18855.0,15622.0,12822.0,3075.0,157.0,0.1497,0.1802,-0.0305
995,Владимирская область,Камешковский муниципальный район,Камешковский муниципальный район,True,control,-1.0527,городской округ город Владимир,13221.0,12396.0,7737.0,782.0,43.0,0.3535,0.1802,0.1733
996,Владимирская область,Киржачский муниципальный район,Киржачский муниципальный район,True,other,,,19023.0,15421.0,13695.0,3525.0,77.0,0.0911,0.1802,-0.0891
998,Владимирская область,Кольчугинский муниципальный район,Кольчугинский муниципальный район,True,other,,,24400.0,21013.0,19376.0,3311.0,62.0,0.0673,0.1802,-0.1129
999,Владимирская область,Меленковский муниципальный район,Меленковский муниципальный район,True,other,,,15464.0,13608.0,10269.0,1739.0,115.0,0.2175,0.1802,0.0373
1001,Владимирская область,Петушинский муниципальный район,Петушинский муниципальный район,True,other,,,31653.0,24480.0,20526.0,7058.0,110.0,0.1254,0.1802,-0.0549
1002,Владимирская область,Селивановский муниципальный район,Селивановский муниципальный район,True,other,,,7264.0,6921.0,5567.0,314.0,26.0,0.1871,0.1802,0.0069
1003,Владимирская область,Собинский муниципальный район,Собинский муниципальный район,True,control,-1.2795,городской округ город Владимир,26881.0,22997.0,16170.0,3841.0,32.0,0.2543,0.1802,0.0741
1004,Владимирская область,Судогодский муниципальный район,Судогодский муниципальный район,True,control,-1.1659,городской округ город Владимир,17907.0,17023.0,11219.0,824.0,57.0,0.3252,0.1802,0.1449
1005,Владимирская область,Суздальский муниципальный район,Суздальский муниципальный район,True,control,-0.2768,городской округ город Владимир,21169.0,20662.0,10886.0,429.0,76.0,0.4635,0.1802,0.2833
1006,Владимирская область,Юрьев-Польский муниципальный район,Юрьев-Польский муниципальный район,True,other,,,17463.0,16108.0,13090.0,1299.0,53.0,0.1733,0.1802,-0.0069
986,Владимирская область,городской округ город Владимир,Городской округ город Владимир,False,other,,,160954.0,157743.0,153415.0,2548.0,604.0,0.027,0.1802,-0.1532
987,Владимирская область,городской округ город Гусь-Хрустальный,Городской округ город Гусь-Хрустальный,False,other,,,28145.0,26118.0,25319.0,1898.0,123.0,0.0285,0.1802,-0.1517
988,Владимирская область,городской округ город Ковров,Городской округ город Ковров,False,other,,,66374.0,64967.0,63932.0,1233.0,159.0,0.0156,0.1802,-0.1646
989,Владимирская область,городской округ округ Муром,Городской округ округ Муром,False,other,,,57385.0,53999.0,51093.0,3220.0,161.0,0.0508,0.1802,-0.1294
1113,Ивановская область,Вичугский муниципальный район,Вичугский район,True,ring,0.5674,городской округ Вичуга,8584.0,6621.0,4496.0,1852.0,107.0,0.2507,0.2125,0.0382
1116,Ивановская область,Заволжский муниципальный район,Заволжский район,True,control,-0.0058,городской округ Кинешма,6905.0,5553.0,4588.0,1325.0,25.0,0.1403,0.2125,-0.0723
1117,Ивановская область,Ивановский муниципальный район,Ивановский район,True,ring,1.3692,городской округ Иваново,18650.0,18207.0,6081.0,304.0,131.0,0.6548,0.2125,0.4423
1118,Ивановская область,Ильинский муниципальный район,Ильинский район,True,other,,,4131.0,3447.0,2480.0,647.0,37.0,0.2362,0.2125,0.0237
1119,Ивановская область,Кинешемский муниципальный район,Кинешемский район,True,ring,-0.481,городской округ Кинешма,9832.0,7788.0,5791.0,1956.0,86.0,0.2049,0.2125,-0.0076
1120,Ивановская область,Комсомольский муниципальный район,Комсомольский район,True,other,,,8528.0,7474.0,5547.0,948.0,104.0,0.2288,0.2125,0.0162
1121,Ивановская область,Лежневский муниципальный район,Лежневский район,True,other,,,9138.0,8761.0,5744.0,313.0,62.0,0.3324,0.2125,0.1199
1122,Ивановская область,Лухский муниципальный район,Лухский район,True,other,,,4452.0,3743.0,2264.0,696.0,12.0,0.3331,0.2125,0.1206
1123,Ивановская область,Палехский муниципальный район,Палехский район,True,other,,,4855.0,4409.0,3380.0,433.0,13.0,0.2125,0.2125,0.0
1124,Ивановская область,Пестяковский муниципальный район,Пестяковский район,True,other,,,3033.0,2642.0,2023.0,385.0,5.0,0.2044,0.2125,-0.0081
1125,Ивановская область,Приволжский муниципальный район,Приволжский район,True,other,,,12740.0,11252.0,8911.0,1438.0,49.0,0.1845,0.2125,-0.0281
1126,Ивановская область,Пучежский муниципальный район,Пучежский район,True,other,,,5755.0,5024.0,4257.0,696.0,33.0,0.134,0.2125,-0.0785
1127,Ивановская область,Родниковский муниципальный район,Родниковский район,True,other,,,16001.0,13715.0,11836.0,2177.0,104.0,0.1182,0.2125,-0.0943
1128,Ивановская область,Савинский муниципальный район,Савинский район,True,other,,,5241.0,4777.0,3475.0,445.0,15.0,0.2491,0.2125,0.0366
1129,Ивановская область,Тейковский муниципальный район,Тейковский район,True,ring,0.0923,городской округ Тейково,5121.0,4632.0,2408.0,460.0,28.0,0.4367,0.2125,0.2242
1130,Ивановская область,Фурмановский муниципальный район,Фурмановский район,True,other,,,20237.0,18072.0,15055.0,2102.0,60.0,0.1495,0.2125,-0.063
1131,Ивановская область,Шуйский муниципальный район,Шуйский район,True,ring,1.2221,городской округ Шуя,10182.0,9567.0,4566.0,551.0,63.0,0.4942,0.2125,0.2817
1132,Ивановская область,Южский муниципальный район,Южский район,True,other,,,8607.0,7587.0,6411.0,968.0,52.0,0.1375,0.2125,-0.0751
1133,Ивановская область,Юрьевецкий муниципальный район,Юрьевецкий район,True,other,,,5846.0,4871.0,4032.0,954.0,21.0,0.144,0.2125,-0.0685
1108,Ивановская область,городской округ Вичуга,г. Вичуга,False,other,,,16963.0,13978.0,13482.0,2887.0,92.0,0.0294,0.2125,-0.1831
1107,Ивановская область,городской округ Иваново,г. Иваново,False,other,,,180586.0,176200.0,173979.0,2597.0,1698.0,0.0124,0.2125,-0.2001
1109,Ивановская область,городской округ Кинешма,г. Кинешма,False,other,,,41547.0,36083.0,35275.0,5231.0,214.0,0.0195,0.2125,-0.193
1110,Ивановская область,городской округ Кохма,г. Кохма,False,other,,,14145.0,13785.0,8534.0,282.0,76.0,0.3732,0.2125,0.1607
1111,Ивановская область,городской округ Тейково,г. Тейково,False,other,,,16206.0,15036.0,14216.0,719.0,444.0,0.052,0.2125,-0.1605
1112,Ивановская область,городской округ Шуя,г. Шуя,False,other,,,27149.0,25558.0,24273.0,1388.0,195.0,0.0477,0.2125,-0.1648
1170,Иркутская область,Аларский муниципальный район,Аларский муниципальный район,True,other,,,6761.0,6662.0,5591.0,48.0,51.0,0.1596,0.1145,0.0451
1144,Иркутская область,Балаганский муниципальный район,Балаганский муниципальный район,True,other,,,3422.0,3380.0,3092.0,13.0,29.0,0.0849,0.1145,-0.0297
1171,Иркутская область,Баяндаевский муниципальный район,Баяндаевский муниципальный район,True,other,,,3269.0,3188.0,2388.0,12.0,69.0,0.25,0.1145,0.1355
1172,Иркутская область,Боханский муниципальный район,Боханский муниципальный район,True,control,-0.3575,городской округ город Свирск,8958.0,8814.0,7409.0,40.0,103.0,0.1587,0.1145,0.0441
1146,Иркутская область,Братский муниципальный район,Братский муниципальный район,True,ring,-1.2993,городской округ город Братск,21608.0,21374.0,18541.0,83.0,149.0,0.132,0.1145,0.0175
1147,Иркутская область,Жигаловский муниципальный район,Жигаловский муниципальный район,True,other,,,3754.0,3708.0,3264.0,17.0,29.0,0.1192,0.1145,0.0047
1148,Иркутская область,Заларинский муниципальный район,Заларинский муниципальный район,True,other,,,9908.0,9772.0,8651.0,15.0,121.0,0.1145,0.1145,0.0
1149,Иркутская область,Зиминский муниципальный район,Зиминский муниципальный район,True,hidden,0.6066,городской округ Зима,4590.0,4546.0,3511.0,7.0,37.0,0.2273,0.1145,0.1128
1150,Иркутская область,Иркутский муниципальный район,Иркутский муниципальный район,True,ring,1.9678,городской округ город Иркутск,34875.0,34199.0,15145.0,67.0,601.0,0.5559,0.1145,0.4414
1151,Иркутская область,Казачинско-Ленский муниципальный район,Казачинско-Ленский муниципальный район,True,other,,,8483.0,8253.0,6552.0,149.0,78.0,0.2024,0.1145,0.0878
1152,Иркутская область,Катангский муниципальный район,Катангский муниципальный район,True,other,,,1525.0,1461.0,1427.0,3.0,61.0,0.0232,0.1145,-0.0913
1153,Иркутская область,Качугский муниципальный район,Качугский муниципальный район,True,other,,,5870.0,5780.0,5423.0,8.0,82.0,0.0617,0.1145,-0.0529
1154,Иркутская область,Киренский муниципальный район,Киренский муниципальный район,True,other,,,9354.0,9238.0,8577.0,82.0,34.0,0.0709,0.1145,-0.0436
1155,Иркутская область,Куйтунский муниципальный район,Куйтунский муниципальный район,True,other,,,10894.0,10780.0,9854.0,14.0,99.0,0.0858,0.1145,-0.0288
1157,Иркутская область,Нижнеилимский муниципальный район,Нижнеилимский муниципальный район,True,other,,,24277.0,23792.0,22051.0,389.0,96.0,0.072,0.1145,-0.0425
1158,Иркутская область,Нижнеудинский муниципальный район,Нижнеудинский муниципальный район,True,other,,,28598.0,28244.0,26436.0,91.0,260.0,0.0638,0.1145,-0.0507
1173,Иркутская область,Нукутский муниципальный район,Нукутский муниципальный район,True,other,,,1951.0,1935.0,1849.0,4.0,12.0,0.0444,0.1145,-0.0702
1159,Иркутская область,Ольхонский муниципальный район,"Ольхонское муниципальное образование, муниципальный район",True,other,,,3652.0,3527.0,2880.0,34.0,89.0,0.1816,0.1145,0.067
1174,Иркутская область,Осинский муниципальный район,Осинский муниципальный район,True,other,,,6884.0,6787.0,5811.0,19.0,78.0,0.1434,0.1145,0.0289
1160,Иркутская область,Слюдянский муниципальный район,Слюдянский муниципальный район,True,other,,,17169.0,16604.0,15139.0,259.0,305.0,0.0869,0.1145,-0.0277
1161,Иркутская область,Тайшетский муниципальный район,Тайшетский муниципальный район,True,other,,,32417.0,31522.0,29159.0,308.0,586.0,0.0742,0.1145,-0.0403
1163,Иркутская область,Усольский муниципальный район,"Усольское муниципальное образование, муниципальный район",True,control,-0.8465,городской округ город Усолье-Сибирское,21032.0,20850.0,13252.0,57.0,122.0,0.3634,0.1145,0.2488
1164,Иркутская область,Усть-Илимский муниципальный район,Усть-Илимский муниципальный район,True,ring,-1.2465,городской округ город Усть-Илимск,7849.0,7707.0,5022.0,86.0,55.0,0.3445,0.1145,0.23
1165,Иркутская область,Усть-Кутский муниципальный район,Усть-Кутский муниципальный район,True,other,,,24434.0,23590.0,22694.0,107.0,735.0,0.0378,0.1145,-0.0767
1166,Иркутская область,Усть-Удинский муниципальный район,Усть-Удинский муниципальный район,True,other,,,5068.0,5036.0,4617.0,4.0,28.0,0.0831,0.1145,-0.0314
1167,Иркутская область,Черемховский муниципальный район,"Черемховское муниципальное образование, муниципальный район",True,ring,0.1846,городской округ город Черемхово,10379.0,10145.0,6646.0,62.0,171.0,0.3428,0.1145,0.2282
1168,Иркутская область,Чунский муниципальный район,"Чунское муниципальное образование, муниципальный район",True,other,,,14585.0,14412.0,13166.0,68.0,102.0,0.086,0.1145,-0.0285
1169,Иркутская область,Шелеховский муниципальный район,Шелеховский муниципальный район,True,hidden,1.2993,городской округ Ангарский,28485.0,28075.0,19719.0,83.0,318.0,0.2967,0.1145,0.1821
1175,Иркутская область,Эхирит-Булагатский муниципальный район,Эхирит-Булагатский муниципальный район,True,other,,,9987.0,9724.0,8015.0,47.0,215.0,0.1749,0.1145,0.0603
1135,Иркутская область,городской округ Ангарский,"Ангарское муниципальное образование, муниципальный район",True,other,,,118168.0,116421.0,109403.0,338.0,1386.0,0.0601,0.1145,-0.0544
1137,Иркутская область,городской округ Зима,Городской округ Город Зима,False,other,,,14709.0,14616.0,14153.0,19.0,74.0,0.0316,0.1145,-0.0829
1136,Иркутская область,городской округ город Братск,Городской округ Город Братск,False,other,,,115573.0,114497.0,113295.0,415.0,645.0,0.0105,0.1145,-0.1041
1134,Иркутская область,городской округ город Иркутск,Городской округ Город Иркутск,False,other,,,270868.0,264934.0,261363.0,803.0,4995.0,0.0134,0.1145,-0.1011
1138,Иркутская область,городской округ город Саянск,Городской округ Город Саянск,False,other,,,20031.0,19707.0,17466.0,126.0,196.0,0.113,0.1145,-0.0016
1143,Иркутская область,городской округ город Свирск,Городской округ Город Свирск,False,other,,,5246.0,5163.0,4742.0,10.0,73.0,0.0814,0.1145,-0.0332
1139,Иркутская область,городской округ город Тулун,Городской округ Город Тулун,False,other,,,19084.0,18870.0,18459.0,33.0,181.0,0.0217,0.1145,-0.0928
1140,Иркутская область,городской округ город Усолье-Сибирское,Городской округ Город Усолье-Сибирское,False,other,,,36912.0,36372.0,32027.0,154.0,381.0,0.1189,0.1145,0.0044
1141,Иркутская область,городской округ город Усть-Илимск,Городской округ Город Усть-Илимск,False,other,,,41700.0,41222.0,40721.0,309.0,164.0,0.0121,0.1145,-0.1025
1142,Иркутская область,городской округ город Черемхово,Городской округ Город Черемхово,False,other,,,21394.0,21019.0,19831.0,103.0,270.0,0.0562,0.1145,-0.0583
1184,Калининградская область,городской округ Балтийский,Балтийский муниципальный район,True,other,,,17147.0,16771.0,14365.0,81.0,233.0,0.1422,0.408,-0.2658
1187,Калининградская область,городской округ Гусевский,Гусевский муниципальный район,True,other,,,16168.0,15814.0,11449.0,143.0,165.0,0.2728,0.408,-0.1352
1178,Калининградская область,городской округ Мамоновский,"Городской округ ""Город Мамоново""",False,other,,,3561.0,3471.0,2598.0,4.0,72.0,0.2502,0.408,-0.1578
1179,Калининградская область,городской округ Пионерский,"Городской округ ""Город Пионерский"" – г. Пионерский",False,other,,,5550.0,5399.0,3081.0,22.0,39.0,0.4206,0.408,0.0126
1180,Калининградская область,городской округ Светловский,Светловский городской округ,False,other,,,13697.0,13369.0,9297.0,68.0,131.0,0.3002,0.408,-0.1078
1190,Калининградская область,городской округ Светлогорский,Светлогорский муниципальный район,True,other,,,7533.0,7362.0,5166.0,34.0,102.0,0.2955,0.408,-0.1125
1181,Калининградская область,городской округ Советский,"Городской округ ""Город Советск"" – г. Советск",False,other,,,18895.0,18732.0,17814.0,58.0,45.0,0.0487,0.408,-0.3593
1176,Калининградская область,городской округ город Калининград,"Городской округ ""Город Калининград"" – г. Калининград",False,other,,,208502.0,201792.0,198947.0,743.0,4489.0,0.0139,0.408,-0.3941
1185,Калининградская область,муниципальный округ Гвардейский,Гвардейский муниципальный район,True,other,,,13222.0,13116.0,7954.0,23.0,66.0,0.3924,0.408,-0.0156
1186,Калининградская область,муниципальный округ Гурьевский,Гурьевский муниципальный район,True,hidden,1.5181,городской округ город Калининград,26871.0,26520.0,8321.0,70.0,212.0,0.6827,0.408,0.2746
1188,Калининградская область,муниципальный округ Зеленоградский,Зеленоградский муниципальный район,True,hidden,0.9346,городской округ Пионерский,15234.0,15054.0,7219.0,55.0,79.0,0.517,0.408,0.109
1189,Калининградская область,муниципальный округ Краснознаменский,Краснознаменский муниципальный район,True,control,-0.1056,городской округ Гусевский,5386.0,5325.0,3050.0,34.0,16.0,0.4236,0.408,0.0156
1191,Калининградская область,муниципальный округ Неманский,Неманский муниципальный район,True,control,0.269,городской округ Советский,8501.0,8387.0,5171.0,58.0,41.0,0.3801,0.408,-0.0279
1192,Калининградская область,муниципальный округ Нестеровский,Нестеровский муниципальный район,True,control,0.0653,городской округ Гусевский,7167.0,7110.0,3988.0,27.0,21.0,0.4369,0.408,0.0289
1193,Калининградская область,муниципальный округ Озерский,Озерский муниципальный район,True,control,-0.1301,городской округ Гусевский,5969.0,5879.0,2743.0,31.0,36.0,0.5286,0.408,0.1206
1194,Калининградская область,муниципальный округ Полесский,Полесский муниципальный район,True,other,,,9003.0,8908.0,4631.0,12.0,57.0,0.4781,0.408,0.0701
1195,Калининградская область,муниципальный округ Правдинский,Правдинский муниципальный район,True,other,,,7452.0,7359.0,3811.0,17.0,63.0,0.4802,0.408,0.0722
1196,Калининградская область,муниципальный округ Славский,Славский муниципальный район,True,control,-0.1742,городской округ Советский,9105.0,8945.0,4848.0,15.0,129.0,0.4564,0.408,0.0484
1197,Калининградская область,муниципальный округ Черняховский,Черняховский муниципальный район,True,control,0.4006,городской округ Гусевский,22674.0,22429.0,18256.0,54.0,157.0,0.1853,0.408,-0.2227
1240,Кемеровская область,Беловский муниципальный округ,Беловский муниципальный район,True,control,-0.502,городской округ Беловский,12595.0,12081.0,5747.0,19.0,495.0,0.5235,0.1772,0.3462
1241,Кемеровская область,Гурьевский муниципальный округ,Гурьевский муниципальный район,True,control,0.4256,городской округ Беловский,18612.0,17944.0,14684.0,154.0,514.0,0.1801,0.1772,0.0029
1242,Кемеровская область,Ижморский муниципальный округ,Ижморский муниципальный район,True,other,,,5091.0,4869.0,4157.0,76.0,146.0,0.144,0.1772,-0.0332
1243,Кемеровская область,Кемеровский муниципальный округ,Кемеровский муниципальный район,True,ring,0.7813,городской округ Кемеровский,20980.0,19957.0,6842.0,31.0,991.0,0.6561,0.1772,0.4789
1244,Кемеровская область,Крапивинский муниципальный округ,Крапивинский муниципальный район,True,other,,,9739.0,9591.0,6822.0,33.0,113.0,0.2877,0.1772,0.1104
1246,Кемеровская область,Мариинский муниципальный округ,Мариинский муниципальный район,True,other,,,22924.0,21669.0,19451.0,36.0,1219.0,0.1022,0.1772,-0.075
3007,Кемеровская область,Прокопьевский муниципальный округ,Прокопьевский муниципальный район,True,ring,-0.4267,городской округ Прокопьевский,13037.0,10815.0,4563.0,17.0,2205.0,0.5772,0.1772,0.4
1249,Кемеровская область,Промышленновский муниципальный округ,Промышленновский муниципальный район,True,other,,,21700.0,21356.0,17616.0,97.0,246.0,0.1743,0.1772,-0.0029
1250,Кемеровская область,Таштагольский муниципальный район,Таштагольский муниципальный район,True,hidden,0.6847,городской округ Междуреченский,25247.0,24715.0,23051.0,91.0,436.0,0.0671,0.1772,-0.1102
1251,Кемеровская область,Тисульский муниципальный округ,Тисульский муниципальный район,True,other,,,9619.0,9255.0,8306.0,261.0,102.0,0.0997,0.1772,-0.0775
1252,Кемеровская область,Топкинский муниципальный округ,Топкинский муниципальный район,True,other,,,18892.0,14221.0,10004.0,57.0,4612.0,0.2953,0.1772,0.1181
1253,Кемеровская область,Тяжинский муниципальный округ,Тяжинский муниципальный район,True,other,,,9500.0,8932.0,8158.0,166.0,402.0,0.0851,0.1772,-0.0922
1254,Кемеровская область,Чебулинский муниципальный округ,Чебулинский муниципальный район,True,other,,,6278.0,6124.0,5366.0,30.0,124.0,0.1232,0.1772,-0.0541
1256,Кемеровская область,Яйский муниципальный округ,Яйский муниципальный район,True,control,0.0169,городской округ Анжеро-Судженский,7060.0,6865.0,5910.0,84.0,111.0,0.1374,0.1772,-0.0398
1257,Кемеровская область,Яшкинский муниципальный округ,Яшкинский муниципальный район,True,control,-0.0449,городской округ Тайгинский,12411.0,11606.0,9584.0,161.0,644.0,0.1718,0.1772,-0.0054
1225,Кемеровская область,городской округ Анжеро-Судженский,Анжеро-Судженский городской округ,False,other,,,35060.0,34675.0,32659.0,206.0,177.0,0.0578,0.1772,-0.1194
1226,Кемеровская область,городской округ Беловский,Беловский городской округ,False,other,,,62387.0,57537.0,49883.0,142.0,4703.0,0.1327,0.1772,-0.0445
1227,Кемеровская область,городской округ Березовский,Березовский городской округ,False,other,,,24148.0,21188.0,19016.0,52.0,2906.0,0.1023,0.1772,-0.075
1228,Кемеровская область,городской округ Калтанский,Калтанский городской округ – г. Калтан,False,other,,,9634.0,9510.0,7486.0,26.0,98.0,0.2122,0.1772,0.035
1224,Кемеровская область,городской округ Кемеровский,Кемеровский городской округ – г. Кемерово,False,other,,,266840.0,256181.0,252513.0,592.0,10002.0,0.0143,0.1772,-0.1629
1229,Кемеровская область,городской округ Киселевский,Киселевский городской округ,False,other,,,45150.0,44709.0,41197.0,99.0,335.0,0.0784,0.1772,-0.0989
1230,Кемеровская область,городской округ Ленинск-Кузнецкий,Ленинск-Кузнецкий городской округ,False,other,,,46759.0,42594.0,40878.0,81.0,4083.0,0.0402,0.1772,-0.137
1231,Кемеровская область,городской округ Междуреченский,Междуреченский городской округ,False,other,,,49594.0,45956.0,45395.0,157.0,3478.0,0.0122,0.1772,-0.1651
1232,Кемеровская область,городской округ Мысковский,Мысковский городской округ,False,other,,,20272.0,17632.0,15280.0,44.0,2591.0,0.133,0.1772,-0.0442
1233,Кемеровская область,городской округ Новокузнецкий,Новокузнецкий городской округ – г. Новокузнецк,False,other,,,273013.0,263222.0,260385.0,512.0,9234.0,0.0108,0.1772,-0.1665
1234,Кемеровская область,городской округ Осинниковский,Осинниковский городской округ,False,other,,,26418.0,26084.0,18739.0,62.0,271.0,0.2809,0.1772,0.1037
1235,Кемеровская область,городской округ Полысаевский,Полысаевский городской округ,False,other,,,14198.0,14112.0,12055.0,23.0,63.0,0.1455,0.1772,-0.0317
1236,Кемеровская область,городской округ Прокопьевский,Прокопьевский городской округ – г. Прокопьевск,False,other,,,96786.0,80719.0,77745.0,185.0,15875.0,0.0368,0.1772,-0.1405
1237,Кемеровская область,городской округ Тайгинский,Тайгинский городской округ,False,other,,,11345.0,10695.0,10408.0,127.0,522.0,0.0265,0.1772,-0.1507
1238,Кемеровская область,городской округ Юргинский,Юргинский городской округ – г. Юрга,False,other,,,34852.0,29649.0,29063.0,918.0,4278.0,0.0192,0.1772,-0.1581
1266,Кировская область,Белохолуницкий муниципальный район,Белохолуницкий муниципальный район,True,other,,,8972.0,8626.0,7705.0,339.0,7.0,0.1027,0.1412,-0.0385
1269,Кировская область,Верхошижемский муниципальный район,Верхошижемский муниципальный район,True,other,,,4605.0,4554.0,3617.0,42.0,8.0,0.2038,0.1412,0.0626
1270,Кировская область,Вятскополянский муниципальный район,Вятскополянский муниципальный район,True,ring,0.5131,городской округ город Вятские Поляны,11775.0,9245.0,7207.0,2337.0,188.0,0.1759,0.1412,0.0346
1271,Кировская область,Даровской муниципальный район,Даровской муниципальный район,True,other,,,5576.0,5345.0,4978.0,207.0,24.0,0.0661,0.1412,-0.0751
1272,Кировская область,Зуевский муниципальный район,Зуевский муниципальный район,True,other,,,9925.0,9623.0,8226.0,263.0,34.0,0.1412,0.1412,0.0
1274,Кировская область,Кильмезский муниципальный район,Кильмезский муниципальный район,True,other,,,5641.0,5214.0,4496.0,374.0,52.0,0.1285,0.1412,-0.0128
1275,Кировская область,Кирово-Чепецкий муниципальный район,Кирово-Чепецкий муниципальный район,True,ring,0.5268,городской округ город Кирово-Чепецк,10515.0,10153.0,4843.0,299.0,62.0,0.508,0.1412,0.3667
1276,Кировская область,Котельничский муниципальный район,Котельничский муниципальный район,True,ring,-0.1236,городской округ город Котельнич,6992.0,6735.0,4434.0,250.0,7.0,0.3294,0.1412,0.1882
1277,Кировская область,Куменский муниципальный район,Куменский муниципальный район,True,other,,,8466.0,8214.0,6307.0,221.0,30.0,0.2261,0.1412,0.0848
1280,Кировская область,Малмыжский муниципальный район,Малмыжский муниципальный район,True,other,,,10106.0,9069.0,7531.0,1018.0,15.0,0.1524,0.1412,0.0112
1282,Кировская область,Нагорский муниципальный район,Нагорский муниципальный район,True,other,,,4601.0,4201.0,3795.0,186.0,213.0,0.0925,0.1412,-0.0487
1284,Кировская область,Нолинский муниципальный район,Нолинский муниципальный район,True,other,,,9044.0,8481.0,6966.0,518.0,38.0,0.1682,0.1412,0.027
1285,Кировская область,Омутнинский муниципальный район,Омутнинский муниципальный район,True,other,,,18194.0,17647.0,15639.0,525.0,21.0,0.1105,0.1412,-0.0307
1287,Кировская область,Оричевский муниципальный район,Оричевский муниципальный район,True,control,-1.2196,городской округ город Киров,14722.0,14330.0,9256.0,312.0,77.0,0.3465,0.1412,0.2052
1288,Кировская область,Орловский муниципальный район,Орловский муниципальный район,True,control,-1.6301,городской округ город Киров,5737.0,5588.0,4372.0,135.0,14.0,0.2125,0.1412,0.0712
1290,Кировская область,Подосиновский муниципальный район,Подосиновский муниципальный район,True,other,,,7684.0,7571.0,6767.0,97.0,16.0,0.1049,0.1412,-0.0364
1293,Кировская область,Слободской муниципальный район,Слободской муниципальный район,True,ring,0.8672,городской округ город Слободской,14552.0,14175.0,7043.0,357.0,15.0,0.4906,0.1412,0.3494
1294,Кировская область,Советский муниципальный район,Советский муниципальный район,True,other,,,12888.0,12597.0,11353.0,277.0,14.0,0.0966,0.1412,-0.0446
1295,Кировская область,Сунский муниципальный район,Сунский муниципальный район,True,other,,,3297.0,3209.0,2355.0,81.0,4.0,0.2593,0.1412,0.1181
1296,Кировская область,Тужинский муниципальный район,Тужинский муниципальный район,True,other,,,3242.0,3088.0,2764.0,144.0,10.0,0.1002,0.1412,-0.041
1298,Кировская область,Уржумский муниципальный район,Уржумский муниципальный район,True,other,,,10943.0,10122.0,8640.0,789.0,19.0,0.1357,0.1412,-0.0056
1300,Кировская область,Шабалинский муниципальный район,Шабалинский муниципальный район,True,other,,,4775.0,4688.0,3993.0,63.0,24.0,0.1463,0.1412,0.005
1301,Кировская область,Юрьянский муниципальный район,Юрьянский муниципальный район,True,control,-1.5738,городской округ город Киров,9543.0,9316.0,6818.0,206.0,19.0,0.2623,0.1412,0.121
1302,Кировская область,Яранский муниципальный район,Яранский муниципальный район,True,other,,,11227.0,9941.0,8871.0,1269.0,16.0,0.0954,0.1412,-0.0458
1259,Кировская область,городской округ город Вятские Поляны,г. Вятские Поляны,False,other,,,16657.0,14880.0,14582.0,1735.0,38.0,0.0179,0.1412,-0.1233
1260,Кировская область,городской округ город Кирово-Чепецк,г. Кирово-Чепецк,False,other,,,40275.0,39367.0,37986.0,808.0,81.0,0.0344,0.1412,-0.1069
1261,Кировская область,городской округ город Котельнич,г. Котельнич,False,other,,,11955.0,11633.0,11052.0,293.0,29.0,0.0487,0.1412,-0.0925
1264,Кировская область,муниципальный округ Арбажский,Арбажский муниципальный район,True,other,,,3227.0,3059.0,2719.0,165.0,3.0,0.1055,0.1412,-0.0358
1265,Кировская область,муниципальный округ Афанасьевский,Афанасьевский муниципальный район,True,other,,,6158.0,5838.0,3912.0,98.0,220.0,0.3244,0.1412,0.1831
1267,Кировская область,муниципальный округ Богородский,Богородский муниципальный район,True,other,,,2110.0,1982.0,1728.0,124.0,4.0,0.1206,0.1412,-0.0206
1268,Кировская область,муниципальный округ Верхнекамский,Верхнекамский муниципальный район,True,other,,,12136.0,11790.0,10595.0,286.0,60.0,0.099,0.1412,-0.0423
1273,Кировская область,муниципальный округ Кикнурский,Кикнурский муниципальный район,True,other,,,4036.0,3522.0,3139.0,482.0,32.0,0.0957,0.1412,-0.0456
1278,Кировская область,муниципальный округ Лебяжский,Лебяжский муниципальный район,True,other,,,3608.0,3129.0,2449.0,476.0,3.0,0.1886,0.1412,0.0474
1279,Кировская область,муниципальный округ Лузский,Лузский муниципальный район,True,other,,,7651.0,7343.0,6874.0,239.0,66.0,0.0618,0.1412,-0.0794
1281,Кировская область,муниципальный округ Мурашинский,Мурашинский муниципальный район,True,other,,,6101.0,5875.0,4997.0,57.0,167.0,0.148,0.1412,0.0067
1286,Кировская область,муниципальный округ Опаринский,Опаринский муниципальный район,True,other,,,5324.0,5186.0,4761.0,126.0,12.0,0.08,0.1412,-0.0612
1289,Кировская область,муниципальный округ Пижанский,Пижанский муниципальный район,True,other,,,4919.0,4336.0,3523.0,576.0,7.0,0.1655,0.1412,0.0243
1291,Кировская область,муниципальный округ Санчурский,Санчурский муниципальный район,True,other,,,3711.0,3385.0,2878.0,316.0,9.0,0.137,0.1412,-0.0043
1292,Кировская область,муниципальный округ Свечинский,Свечинский муниципальный район,True,other,,,3823.0,3630.0,2777.0,180.0,13.0,0.2239,0.1412,0.0826
1297,Кировская область,муниципальный округ Унинский,Унинский муниципальный район,True,other,,,4249.0,4100.0,3415.0,137.0,12.0,0.1617,0.1412,0.0204
1299,Кировская область,муниципальный округ Фаленский,Фаленский муниципальный район,True,other,,,4966.0,4681.0,4111.0,178.0,106.0,0.1173,0.1412,-0.024
1309,Костромская область,Антроповский муниципальный район,Антроповский муниципальный район,True,other,,,3268.0,3152.0,2646.0,73.0,42.0,0.1569,0.1587,-0.0018
1310,Костромская область,Буйский муниципальный район,Буйский муниципальный район,True,ring,0.9401,городской округ город Буй,5611.0,4834.0,3038.0,686.0,91.0,0.3254,0.1587,0.1667
1311,Костромская область,Вохомский муниципальный район,Вохомский муниципальный район,True,other,,,4075.0,3960.0,3435.0,88.0,27.0,0.1297,0.1587,-0.029
1312,Костромская область,Галичский муниципальный район,Галичский муниципальный район,True,ring,0.5437,городской округ город Галич,3607.0,3456.0,2164.0,118.0,33.0,0.3615,0.1587,0.2028
1313,Костромская область,Кадыйский муниципальный район,Кадыйский муниципальный район,True,other,,,3575.0,3420.0,2950.0,133.0,22.0,0.1323,0.1587,-0.0264
1314,Костромская область,Кологривский муниципальный округ,Кологривский муниципальный район,True,other,,,2795.0,2710.0,2270.0,32.0,53.0,0.1605,0.1587,0.0018
1315,Костромская область,Костромской муниципальный район,Костромской муниципальный район,True,ring,1.4877,городской округ город Кострома,20642.0,20186.0,7634.0,234.0,216.0,0.6145,0.1587,0.4559
1316,Костромская область,Красносельский муниципальный район,Красносельский муниципальный район,True,hidden,0.4694,городской округ город Волгореченск,8968.0,8624.0,5758.0,127.0,217.0,0.3275,0.1587,0.1688
1317,Костромская область,Макарьевский муниципальный район,Макарьевский муниципальный район,True,other,,,6392.0,5869.0,4953.0,501.0,22.0,0.1438,0.1587,-0.0149
2618,Костромская область,Мантуровский муниципальный округ,Мантуровский муниципальный район,True,other,,,1942.0,1842.0,1433.0,78.0,22.0,0.213,0.1587,0.0544
1319,Костромская область,Межевской муниципальный округ,Межевской муниципальный район,True,other,,,2058.0,2011.0,1769.0,21.0,26.0,0.1191,0.1587,-0.0396
1320,Костромская область,Нейский муниципальный округ,Нейский район,True,other,,,6246.0,6056.0,5642.0,145.0,44.0,0.0668,0.1587,-0.0919
1322,Костромская область,Октябрьский муниципальный район,Октябрьский муниципальный район,True,other,,,2172.0,2130.0,2021.0,31.0,11.0,0.0504,0.1587,-0.1082
1323,Костромская область,Островский муниципальный округ,Островский муниципальный район,True,other,,,5479.0,5123.0,3941.0,327.0,27.0,0.2168,0.1587,0.0581
1324,Костромская область,Павинский муниципальный округ,Павинский муниципальный район,True,other,,,2367.0,2259.0,1912.0,99.0,8.0,0.1471,0.1587,-0.0116
1325,Костромская область,Парфеньевский муниципальный округ,Парфеньевский муниципальный район,True,other,,,2823.0,2783.0,2543.0,23.0,17.0,0.0855,0.1587,-0.0731
1326,Костромская область,Поназыревский муниципальный округ,Поназыревский муниципальный район,True,other,,,2828.0,2718.0,2289.0,96.0,14.0,0.1525,0.1587,-0.0062
1327,Костромская область,Пыщугский муниципальный округ,Пыщугский муниципальный район,True,other,,,2262.0,2132.0,1819.0,80.0,50.0,0.1415,0.1587,-0.0172
1328,Костромская область,Солигаличский муниципальный округ,Солигаличский муниципальный район,True,other,,,4651.0,4450.0,3628.0,127.0,74.0,0.1796,0.1587,0.0209
1329,Костромская область,Судиславский муниципальный район,Судиславский муниципальный район,True,other,,,6106.0,5989.0,4064.0,71.0,44.0,0.3176,0.1587,0.1589
1330,Костромская область,Сусанинский муниципальный район,Сусанинский муниципальный район,True,other,,,3252.0,3110.0,2411.0,108.0,34.0,0.2172,0.1587,0.0586
1331,Костромская область,Чухломский муниципальный район,Чухломский муниципальный район,True,other,,,4419.0,4016.0,3617.0,317.0,86.0,0.0921,0.1587,-0.0666
1304,Костромская область,городской округ город Буй,Городской округ город Буй – г. Буй,False,other,,,12243.0,11694.0,11490.0,459.0,87.0,0.0168,0.1587,-0.1419
1305,Костромская область,городской округ город Волгореченск,г. Волгореченск,False,other,,,8425.0,7977.0,7468.0,409.0,34.0,0.0607,0.1587,-0.098
1306,Костромская область,городской округ город Галич,Городской округ город Галич – г. Галич,False,other,,,8636.0,8441.0,8239.0,167.0,28.0,0.0235,0.1587,-0.1352
1303,Костромская область,городской округ город Кострома,г. Кострома,False,other,,,126015.0,122715.0,121069.0,1356.0,1869.0,0.0133,0.1587,-0.1454
1308,Костромская область,городской округ город Шарья,Городской округ город Шарья,False,other,,,17130.0,16734.0,16519.0,284.0,110.0,0.0126,0.1587,-0.146
1321,Костромская область,муниципальный район город Нерехта и Нерехтский район,Муниципальный район город Нерехта и Нерехтский район,True,hidden,1.5536,городской округ город Волгореченск,16133.0,12463.0,9480.0,3577.0,90.0,0.1859,0.1587,0.0273
683,Красноярский край,Абанский муниципальный район,Абанский муниципальный район,True,other,,,7909.0,7798.0,7202.0,47.0,64.0,0.076,0.1242,-0.0483
685,Красноярский край,Балахтинский муниципальный район,Балахтинский муниципальный район,True,control,0.1959,городской округ город Дивногорск,8604.0,8458.0,7769.0,31.0,115.0,0.0812,0.1242,-0.0431
686,Красноярский край,Березовский муниципальный район,Березовский муниципальный район,True,hidden,1.2831,городской округ город Сосновоборск,18319.0,18170.0,10197.0,20.0,126.0,0.4382,0.1242,0.314
687,Красноярский край,Бирилюсский муниципальный район,Бирилюсский муниципальный район,True,other,,,4145.0,4107.0,3687.0,5.0,33.0,0.1021,0.1242,-0.0221
689,Красноярский край,Богучанский муниципальный район,Богучанский муниципальный район,True,other,,,21740.0,21511.0,19736.0,14.0,212.0,0.0825,0.1242,-0.0418
690,Красноярский край,Большемуртинский муниципальный район,Большемуртинский муниципальный район,True,other,,,7262.0,7124.0,5600.0,7.0,130.0,0.2137,0.1242,0.0894
691,Красноярский край,Большеулуйский муниципальный район,Большеулуйский муниципальный район,True,other,,,3015.0,2958.0,2312.0,4.0,53.0,0.2181,0.1242,0.0939
692,Красноярский край,Дзержинский муниципальный район,Дзержинский муниципальный район,True,other,,,5612.0,5486.0,5023.0,7.0,119.0,0.0843,0.1242,-0.04
693,Красноярский край,Емельяновский муниципальный район,Емельяновский муниципальный район,True,hidden,1.2474,городской округ город Красноярск,19331.0,18893.0,9924.0,39.0,392.0,0.4736,0.1242,0.3493
694,Красноярский край,Енисейский муниципальный район,Енисейский муниципальный район,True,ring,-0.0298,городской округ город Енисейск,10590.0,10419.0,7480.0,24.0,146.0,0.2814,0.1242,0.1572
695,Красноярский край,Ермаковский муниципальный район,Ермаковский муниципальный район,True,other,,,7140.0,6916.0,5930.0,135.0,89.0,0.1398,0.1242,0.0156
696,Красноярский край,Идринский муниципальный район,Идринский муниципальный район,True,other,,,4290.0,4207.0,3894.0,26.0,57.0,0.0739,0.1242,-0.0503
697,Красноярский край,Иланский муниципальный район,Иланский муниципальный район,True,control,-0.4966,городской округ город Канск,10269.0,10180.0,9173.0,14.0,75.0,0.0988,0.1242,-0.0255
698,Красноярский край,Ирбейский муниципальный район,Ирбейский муниципальный район,True,other,,,6153.0,5838.0,4851.0,4.0,311.0,0.1689,0.1242,0.0447
699,Красноярский край,Казачинский муниципальный район,Казачинский муниципальный район,True,other,,,4483.0,4437.0,3620.0,8.0,38.0,0.1838,0.1242,0.0596
701,Красноярский край,Каратузский муниципальный район,Каратузский муниципальный район,True,other,,,5371.0,5225.0,4881.0,55.0,91.0,0.0652,0.1242,-0.0591
702,Красноярский край,Кежемский муниципальный район,Кежемский муниципальный район,True,other,,,11006.0,10905.0,10213.0,27.0,72.0,0.0633,0.1242,-0.061
703,Красноярский край,Козульский муниципальный район,Козульский муниципальный район,True,other,,,6465.0,6359.0,5265.0,16.0,90.0,0.1716,0.1242,0.0474
704,Красноярский край,Краснотуранский муниципальный район,Краснотуранский муниципальный район,True,other,,,5975.0,5879.0,5477.0,30.0,65.0,0.068,0.1242,-0.0562
705,Красноярский край,Курагинский муниципальный район,Курагинский муниципальный район,True,other,,,18768.0,18197.0,15718.0,313.0,254.0,0.1339,0.1242,0.0097
706,Красноярский край,Манский муниципальный район,Манский муниципальный район,True,other,,,6204.0,6098.0,4410.0,15.0,91.0,0.2761,0.1242,0.1519
708,Красноярский край,Мотыгинский муниципальный район,Мотыгинский муниципальный район,True,other,,,7456.0,7349.0,6323.0,16.0,91.0,0.1393,0.1242,0.0151
710,Красноярский край,Нижнеингашский муниципальный район,Нижнеингашский муниципальный район,True,other,,,12635.0,12184.0,10748.0,59.0,392.0,0.1173,0.1242,-0.007
711,Красноярский край,Новоселовский муниципальный район,Новоселовский муниципальный район,True,other,,,5821.0,5763.0,5381.0,22.0,36.0,0.066,0.1242,-0.0582
712,Красноярский край,Партизанский муниципальный район,Партизанский муниципальный район,True,other,,,3785.0,3720.0,3299.0,4.0,61.0,0.1131,0.1242,-0.0112
713,Красноярский край,Пировский муниципальный округ,Пировский муниципальный район,True,other,,,3014.0,2988.0,2650.0,2.0,23.0,0.113,0.1242,-0.0112
714,Красноярский край,Рыбинский муниципальный район,Рыбинский муниципальный район,True,hidden,0.4758,городской округ город Бородино,12862.0,12662.0,10228.0,8.0,192.0,0.1921,0.1242,0.0679
715,Красноярский край,Саянский муниципальный район,Саянский муниципальный район,True,other,,,4661.0,4480.0,3901.0,7.0,174.0,0.129,0.1242,0.0048
716,Красноярский край,Северо-Енисейский муниципальный район,Северо-Енисейский муниципальный район,True,other,,,6540.0,6417.0,5806.0,7.0,116.0,0.0951,0.1242,-0.0291
717,Красноярский край,Сухобузимский муниципальный район,Сухобузимский муниципальный район,True,other,,,8277.0,8137.0,5981.0,10.0,130.0,0.2646,0.1242,0.1404
718,Красноярский край,Таймырский Долгано-Ненецкий муниципальный район,Таймырский Долгано-Ненецкий муниципальный район,True,hidden,0.514,городской округ город Норильск,15728.0,15612.0,15286.0,18.0,97.0,0.0209,0.1242,-0.1034
719,Красноярский край,Тасеевский муниципальный район,Тасеевский муниципальный район,True,other,,,5007.0,4935.0,4366.0,13.0,59.0,0.115,0.1242,-0.0092
720,Красноярский край,Туруханский муниципальный район,Туруханский муниципальный район,True,other,,,8096.0,7952.0,7847.0,3.0,141.0,0.0132,0.1242,-0.111
721,Красноярский край,Тюхтетский муниципальный округ,Тюхтетский муниципальный район,True,other,,,3195.0,3137.0,2695.0,19.0,39.0,0.1401,0.1242,0.0158
722,Красноярский край,Ужурский муниципальный район,Ужурский муниципальный район,True,other,,,14144.0,13753.0,12788.0,22.0,369.0,0.0701,0.1242,-0.0542
723,Красноярский край,Уярский муниципальный район,Уярский муниципальный район,True,other,,,8439.0,8269.0,7280.0,11.0,159.0,0.1194,0.1242,-0.0048
725,Красноярский край,Шушенский муниципальный район,Шушенский муниципальный район,True,other,,,12301.0,11638.0,10310.0,552.0,108.0,0.1089,0.1242,-0.0153
726,Красноярский край,Эвенкийский муниципальный район,Эвенкийский муниципальный район,True,other,,,8449.0,8231.0,8118.0,0.0,218.0,0.0137,0.1242,-0.1105
667,Красноярский край,городской округ город Ачинск,Городской округ город Ачинск,False,other,,,52687.0,51725.0,48574.0,121.0,830.0,0.0608,0.1242,-0.0635
668,Красноярский край,городской округ город Боготол,Городской округ город Боготол – г. Боготол,False,other,,,8920.0,8838.0,8694.0,11.0,71.0,0.0163,0.1242,-0.108
669,Красноярский край,городской округ город Бородино,Городской округ город Бородино – г. Бородино,False,other,,,8680.0,8370.0,7672.0,44.0,264.0,0.0829,0.1242,-0.0413
670,Красноярский край,городской округ город Дивногорск,Городской округ город Дивногорск,False,other,,,14783.0,14648.0,10812.0,74.0,56.0,0.2605,0.1242,0.1362
671,Красноярский край,городской округ город Енисейск,Городской округ город Енисейск – г. Енисейск,False,other,,,8499.0,8386.0,7786.0,38.0,71.0,0.0712,0.1242,-0.0531
674,Красноярский край,городской округ город Канск,Городской округ город Канск – г. Канск,False,other,,,43615.0,43211.0,41682.0,181.0,220.0,0.0352,0.1242,-0.089
666,Красноярский край,городской округ город Красноярск,Городской округ город Красноярск,False,other,,,493334.0,486612.0,482161.0,1071.0,5479.0,0.0091,0.1242,-0.1151
675,Красноярский край,городской округ город Лесосибирск,Городской округ город Лесосибирск,False,other,,,31503.0,30979.0,29714.0,51.0,467.0,0.0408,0.1242,-0.0835
676,Красноярский край,городской округ город Минусинск,Городской округ город Минусинск,False,other,,,32742.0,30008.0,28599.0,2649.0,77.0,0.0431,0.1242,-0.0811
677,Красноярский край,городской округ город Назарово,Городской округ город Назарово – г. Назарово,False,other,,,23010.0,22627.0,21644.0,99.0,282.0,0.0433,0.1242,-0.081
678,Красноярский край,городской округ город Норильск,Городской округ город Норильск,False,other,,,101102.0,99238.0,98875.0,56.0,1783.0,0.0037,0.1242,-0.1206
679,Красноярский край,городской округ город Сосновоборск,Городской округ город Сосновоборск – г. Сосновоборск,False,other,,,16239.0,16089.0,8782.0,75.0,64.0,0.4517,0.1242,0.3275
680,Красноярский край,городской округ город Шарыпово,Городской округ город Шарыпово,False,other,,,22487.0,21709.0,18165.0,589.0,177.0,0.1589,0.1242,0.0346
1577,Новгородская область,Боровичский муниципальный район,Боровичский район,True,other,,,32993.0,30705.0,26713.0,365.0,1918.0,0.1285,0.137,-0.0086
1578,Новгородская область,Валдайский муниципальный район,Валдайский район,True,other,,,11789.0,11331.0,9934.0,251.0,204.0,0.1206,0.137,-0.0164
1582,Новгородская область,Любытинский муниципальный район,Любытинский район,True,other,,,3778.0,3678.0,2989.0,75.0,24.0,0.1835,0.137,0.0465
1583,Новгородская область,Маловишерский муниципальный район,Маловишерский район,True,other,,,7618.0,6354.0,5999.0,1204.0,58.0,0.047,0.137,-0.0901
1586,Новгородская область,Новгородский муниципальный район,Новгородский район,True,ring,1.4613,городской округ Великий Новгород,27444.0,26462.0,9536.0,554.0,420.0,0.6263,0.137,0.4893
1587,Новгородская область,Окуловский муниципальный район,Окуловский район,True,other,,,10686.0,10045.0,8829.0,559.0,77.0,0.1146,0.137,-0.0224
1588,Новгородская область,Парфинский муниципальный район,Парфинский район,True,other,,,4863.0,4569.0,3908.0,253.0,39.0,0.137,0.137,0.0
1590,Новгородская область,Поддорский муниципальный район,Поддорский район,True,other,,,1752.0,1655.0,1281.0,82.0,15.0,0.2153,0.137,0.0783
1592,Новгородская область,Старорусский муниципальный район,Старорусский район,True,other,,,20786.0,18914.0,16837.0,563.0,1303.0,0.1066,0.137,-0.0304
1594,Новгородская область,Холмский муниципальный район,Холмский район,True,other,,,2578.0,2519.0,2158.0,37.0,22.0,0.1412,0.137,0.0042
1595,Новгородская область,Чудовский муниципальный район,Чудовский район,True,other,,,10437.0,8488.0,7312.0,1888.0,60.0,0.1133,0.137,-0.0237
1596,Новгородская область,Шимский муниципальный район,Шимский район,True,other,,,4941.0,4549.0,2900.0,306.0,84.0,0.3395,0.137,0.2025
1575,Новгородская область,городской округ Великий Новгород,Великий Новгород,False,other,,,114285.0,105130.0,103443.0,1593.0,7460.0,0.0158,0.137,-0.1212
1579,Новгородская область,муниципальный округ Волотовский,Волотовский район,True,other,,,2213.0,2127.0,1982.0,48.0,38.0,0.0667,0.137,-0.0704
1580,Новгородская область,муниципальный округ Демянский,Демянский район,True,other,,,5244.0,4935.0,4154.0,252.0,57.0,0.1506,0.137,0.0135
1581,Новгородская область,муниципальный округ Крестецкий,Крестецкий район,True,other,,,5574.0,5380.0,4146.0,175.0,16.0,0.222,0.137,0.085
1584,Новгородская область,муниципальный округ Марёвский,Марёвский район,True,other,,,1887.0,1800.0,1466.0,63.0,24.0,0.1793,0.137,0.0423
1585,Новгородская область,муниципальный округ Мошенской,Мошенской район,True,other,,,3000.0,2899.0,2547.0,93.0,7.0,0.1176,0.137,-0.0194
1589,Новгородская область,муниципальный округ Пестовский,Пестовский район,True,other,,,9314.0,8759.0,8007.0,485.0,70.0,0.0814,0.137,-0.0557
1591,Новгородская область,муниципальный округ Солецкий,Солецкий район,True,other,,,5989.0,5587.0,4800.0,315.0,83.0,0.1333,0.137,-0.0038
1593,Новгородская область,муниципальный округ Хвойнинский,Хвойнинский район,True,other,,,6478.0,6032.0,5076.0,395.0,50.0,0.1487,0.137,0.0117
787,Приморский край,Анучинский муниципальный округ,Анучинский муниципальный район,True,control,-0.8016,городской округ Арсеньевский,4810.0,4755.0,3498.0,16.0,34.0,0.2632,0.1735,0.0897
788,Приморский край,Дальнереченский муниципальный район,Дальнереченский муниципальный район,True,ring,0.1567,городской округ Дальнереченский,3700.0,3640.0,2419.0,18.0,41.0,0.3337,0.1735,0.1602
789,Приморский край,Кавалеровский муниципальный округ,Кавалеровский муниципальный район,True,control,0.3403,городской округ Дальнегорский,10292.0,9999.0,7767.0,194.0,95.0,0.2189,0.1735,0.0454
790,Приморский край,Кировский муниципальный район,Кировский муниципальный район,True,hidden,0.632,городской округ Лесозаводский,8813.0,8618.0,7350.0,40.0,152.0,0.1464,0.1735,-0.0271
791,Приморский край,Красноармейский муниципальный округ,Красноармейский муниципальный район,True,control,-0.1131,городской округ Дальнегорский,7757.0,7601.0,6573.0,113.0,42.0,0.1332,0.1735,-0.0402
792,Приморский край,Лазовский муниципальный округ,Лазовский муниципальный район,True,other,,,6841.0,6756.0,5802.0,33.0,42.0,0.1403,0.1735,-0.0332
793,Приморский край,Михайловский муниципальный район,Михайловский муниципальный район,True,control,-1.7603,городской округ Уссурийский,13615.0,13431.0,9509.0,49.0,123.0,0.2907,0.1735,0.1172
794,Приморский край,Надеждинский муниципальный район,Надеждинский муниципальный район,True,control,0.2774,городской округ Артемовский,17890.0,17700.0,9366.0,44.0,120.0,0.469,0.1735,0.2955
795,Приморский край,Октябрьский муниципальный округ,Октябрьский муниципальный район,True,control,-1.4121,городской округ Уссурийский,11597.0,11415.0,9083.0,14.0,161.0,0.2039,0.1735,0.0305
796,Приморский край,Ольгинский муниципальный округ,Ольгинский муниципальный район,True,other,,,4118.0,4070.0,3346.0,12.0,34.0,0.1773,0.1735,0.0038
797,Приморский край,Партизанский муниципальный округ,Партизанский муниципальный район,True,control,-0.841,городской округ Находкинский,11825.0,11692.0,6772.0,43.0,70.0,0.4185,0.1735,0.2451
798,Приморский край,Пограничный муниципальный округ,Пограничный муниципальный район,True,other,,,9435.0,9383.0,8306.0,11.0,35.0,0.1146,0.1735,-0.0589
799,Приморский край,Пожарский муниципальный округ,Пожарский муниципальный район,True,other,,,14102.0,13671.0,12422.0,233.0,192.0,0.0898,0.1735,-0.0837
800,Приморский край,Спасский муниципальный район,Спасский муниципальный район,True,ring,-0.1057,городской округ Спасск-Дальний,9322.0,9171.0,5905.0,39.0,101.0,0.3542,0.1735,0.1807
801,Приморский край,Тернейский муниципальный округ,Тернейский муниципальный район,True,hidden,0.8815,городской округ Дальнегорский,6132.0,6092.0,5740.0,21.0,17.0,0.0576,0.1735,-0.1159
802,Приморский край,Ханкайский муниципальный округ,Ханкайский муниципальный район,True,other,,,8837.0,8733.0,7247.0,20.0,78.0,0.1697,0.1735,-0.0038
803,Приморский край,Хасанский муниципальный округ,Хасанский муниципальный район,True,control,-0.5197,городской округ Уссурийский,15558.0,15393.0,13944.0,29.0,113.0,0.0938,0.1735,-0.0796
804,Приморский край,Хорольский муниципальный округ,Хорольский муниципальный район,True,other,,,11200.0,10968.0,8622.0,78.0,143.0,0.2122,0.1735,0.0387
805,Приморский край,Черниговский муниципальный округ,Черниговский муниципальный район,True,other,,,14795.0,14643.0,13412.0,38.0,111.0,0.0838,0.1735,-0.0896
806,Приморский край,Чугуевский муниципальный округ,Чугуевский муниципальный район,True,control,-0.2206,городской округ Дальнегорский,9498.0,9411.0,7936.0,15.0,70.0,0.1564,0.1735,-0.017
807,Приморский край,Шкотовский муниципальный округ,Шкотовский муниципальный район,True,control,-0.6174,городской округ Большой Камень,11275.0,11186.0,8572.0,16.0,71.0,0.2333,0.1735,0.0598
808,Приморский край,Яковлевский муниципальный округ,Яковлевский муниципальный район,True,control,-0.9306,городской округ Арсеньевский,5901.0,5834.0,5046.0,20.0,46.0,0.1346,0.1735,-0.0389
777,Приморский край,городской округ Артемовский,Артемовский городской округ,False,other,,,55941.0,55344.0,46537.0,153.0,346.0,0.1584,0.1735,-0.0151
778,Приморский край,городской округ Большой Камень,г. Большой Камень,False,other,,,19823.0,19442.0,18250.0,201.0,139.0,0.0606,0.1735,-0.1129
775,Приморский край,городской округ Владивостокский,Владивостокский городской округ,False,other,,,297670.0,291056.0,287088.0,656.0,5157.0,0.0136,0.1735,-0.1599
779,Приморский край,городской округ Дальнегорский,Дальнегорский городской округ,False,other,,,19493.0,18800.0,17168.0,476.0,199.0,0.0846,0.1735,-0.0889
780,Приморский край,городской округ Дальнереченский,Дальнереченский городской округ,False,other,,,12472.0,12344.0,11755.0,30.0,95.0,0.0476,0.1735,-0.1259
781,Приморский край,городской округ Лесозаводский,Лесозаводский городской округ,False,other,,,19372.0,19127.0,17604.0,59.0,176.0,0.0793,0.1735,-0.0941
782,Приморский край,городской округ Находкинский,Находкинский городской округ,False,other,,,76133.0,74910.0,72528.0,374.0,566.0,0.0315,0.1735,-0.1419
783,Приморский край,городской округ Партизанский,Партизанский городской округ,False,other,,,19001.0,18673.0,15749.0,122.0,181.0,0.1554,0.1735,-0.0181
784,Приморский край,городской округ Спасск-Дальний,Спасск-Дальний городской округ – г. Спасск-Дальний,False,other,,,19550.0,19359.0,18547.0,74.0,105.0,0.0418,0.1735,-0.1317
785,Приморский край,городской округ Уссурийский,Уссурийский городской округ,False,other,,,84433.0,81756.0,74331.0,146.0,2427.0,0.0905,0.1735,-0.0829
1766,Псковская область,Бежаницкий муниципальный район,Бежаницкий муниципальный район,True,other,,,5366.0,4718.0,4009.0,634.0,13.0,0.1324,0.1851,-0.0526
1768,Псковская область,Гдовский муниципальный район,Гдовский муниципальный район,True,other,,,4868.0,4600.0,3718.0,258.0,6.0,0.1814,0.1851,-0.0037
1769,Псковская область,Дедовичский муниципальный район,Дедовичский муниципальный район,True,other,,,6375.0,5602.0,4928.0,753.0,14.0,0.106,0.1851,-0.0791
1770,Псковская область,Дновский муниципальный район,Дновский муниципальный район,True,other,,,6217.0,6042.0,5121.0,159.0,16.0,0.1485,0.1851,-0.0366
1776,Псковская область,Новосокольнический муниципальный район,Новосокольнический муниципальный район,True,other,,,6699.0,6454.0,5518.0,210.0,31.0,0.1404,0.1851,-0.0447
1778,Псковская область,Островский муниципальный район,Островский муниципальный район,True,other,,,12572.0,12126.0,10618.0,356.0,86.0,0.1208,0.1851,-0.0643
1781,Псковская область,Плюсский муниципальный район,Плюсский муниципальный район,True,other,,,3497.0,3064.0,2587.0,409.0,23.0,0.1373,0.1851,-0.0478
1782,Псковская область,Порховский муниципальный район,Порховский муниципальный район,True,other,,,9016.0,8729.0,6992.0,260.0,27.0,0.1932,0.1851,0.0081
1783,Псковская область,Псковский муниципальный район,Псковский муниципальный район,True,ring,2.0881,городской округ город Псков,14577.0,14257.0,5153.0,138.0,173.0,0.632,0.1851,0.447
1784,Псковская область,Пустошкинский муниципальный район,Пустошкинский муниципальный район,True,other,,,3730.0,3543.0,2929.0,164.0,21.0,0.1655,0.1851,-0.0195
1785,Псковская область,Пушкиногорский муниципальный район,Пушкиногорский муниципальный район,True,other,,,4141.0,4044.0,3428.0,95.0,2.0,0.1488,0.1851,-0.0363
1787,Псковская область,Себежский муниципальный район,Себежский муниципальный район,True,other,,,7601.0,7473.0,5515.0,77.0,42.0,0.259,0.1851,0.0739
1765,Псковская область,городской округ город Великие Луки,г. Великие Луки,False,other,,,50667.0,49961.0,49527.0,575.0,104.0,0.0086,0.1851,-0.1765
1764,Псковская область,городской округ город Псков,г. Псков,False,other,,,96437.0,94622.0,93604.0,1083.0,650.0,0.0106,0.1851,-0.1745
1771,Псковская область,муниципальный округ Красногородский,Красногородский муниципальный район,True,other,,,2628.0,2514.0,1948.0,68.0,45.0,0.2191,0.1851,0.034
1773,Псковская область,муниципальный округ Локнянский,Локнянский муниципальный район,True,other,,,3447.0,3134.0,2492.0,267.0,46.0,0.1888,0.1851,0.0037
1774,Псковская область,муниципальный округ Невельский,Невельский муниципальный район,True,other,,,11151.0,10313.0,8568.0,769.0,59.0,0.1573,0.1851,-0.0278
1775,Псковская область,муниципальный округ Новоржевский,Новоржевский муниципальный район,True,other,,,3620.0,3264.0,2420.0,328.0,27.0,0.2349,0.1851,0.0498
1777,Псковская область,муниципальный округ Опочецкий,Опочецкий муниципальный район,True,other,,,7435.0,7007.0,5919.0,331.0,94.0,0.1482,0.1851,-0.0369
1780,Псковская область,муниципальный округ Печорский,Печорский муниципальный район,True,other,,,9377.0,9074.0,6740.0,124.0,77.0,0.251,0.1851,0.0659
1786,Псковская область,муниципальный округ Пыталовский,Пыталовский муниципальный район,True,other,,,5239.0,5039.0,3668.0,157.0,34.0,0.2634,0.1851,0.0783
1788,Псковская область,муниципальный округ Струго-Красненский,Струго-Красненский муниципальный район,True,other,,,5223.0,4935.0,4355.0,242.0,44.0,0.112,0.1851,-0.0731
30,Республика Башкортостан,Абзелиловский муниципальный район,Абзелиловский,True,control,-0.8568,городской округ город Сибай,17455.0,12252.0,9107.0,5128.0,72.0,0.1809,0.1809,0.0
31,Республика Башкортостан,Альшеевский муниципальный район,Альшеевский,True,other,,,16506.0,15616.0,12923.0,842.0,46.0,0.1636,0.1809,-0.0173
32,Республика Башкортостан,Архангельский муниципальный район,Архангельский,True,other,,,6070.0,5743.0,4239.0,266.0,59.0,0.2502,0.1809,0.0693
33,Республика Башкортостан,Аскинский муниципальный район,Аскинский,True,other,,,7346.0,6451.0,5588.0,872.0,22.0,0.1178,0.1809,-0.0631
34,Республика Башкортостан,Аургазинский муниципальный район,Аургазинский,True,other,,,14091.0,13441.0,10606.0,532.0,113.0,0.2028,0.1809,0.0219
35,Республика Башкортостан,Баймакский муниципальный район,Баймакский,True,control,-0.1773,городской округ город Сибай,20723.0,19339.0,16590.0,1331.0,53.0,0.133,0.1809,-0.0479
36,Республика Башкортостан,Бакалинский муниципальный район,Бакалинский,True,other,,,10562.0,9052.0,7748.0,1437.0,73.0,0.1243,0.1809,-0.0566
37,Республика Башкортостан,Балтачевский муниципальный район,Балтачевский,True,other,,,7782.0,6932.0,5954.0,792.0,56.0,0.1266,0.1809,-0.0543
38,Республика Башкортостан,Белебеевский муниципальный район,Белебеевский,True,other,,,46896.0,43181.0,37919.0,3515.0,189.0,0.1127,0.1809,-0.0683
39,Республика Башкортостан,Белокатайский муниципальный район,Белокатайский,True,other,,,6995.0,5752.0,5088.0,1155.0,88.0,0.0961,0.1809,-0.0848
40,Республика Башкортостан,Белорецкий муниципальный район,Белорецкий,True,other,,,45124.0,44301.0,40390.0,624.0,188.0,0.087,0.1809,-0.0939
41,Республика Башкортостан,Бижбулякский муниципальный район,Бижбулякский,True,other,,,9803.0,8317.0,6319.0,1474.0,10.0,0.204,0.1809,0.0231
42,Республика Башкортостан,Бирский муниципальный район,Бирский,True,other,,,23485.0,21556.0,17417.0,1773.0,151.0,0.1774,0.1809,-0.0035
43,Республика Башкортостан,Благоварский муниципальный район,Благоварский,True,other,,,10761.0,10476.0,7607.0,235.0,50.0,0.2679,0.1809,0.0869
44,Республика Башкортостан,Благовещенский муниципальный район,Благовещенский,True,control,0.2335,городской округ город Уфа,22593.0,22090.0,16261.0,365.0,131.0,0.2595,0.1809,0.0786
45,Республика Башкортостан,Буздякский муниципальный район,Буздякский,True,other,,,11927.0,11234.0,8562.0,635.0,55.0,0.2251,0.1809,0.0441
46,Республика Башкортостан,Бураевский муниципальный район,Бураевский,True,other,,,8396.0,7512.0,6521.0,848.0,36.0,0.1185,0.1809,-0.0624
47,Республика Башкортостан,Бурзянский муниципальный район,Бурзянский,True,other,,,5625.0,5510.0,4692.0,86.0,28.0,0.1461,0.1809,-0.0348
48,Республика Башкортостан,Гафурийский муниципальный район,Гафурийский,True,other,,,11282.0,10712.0,8630.0,534.0,35.0,0.1851,0.1809,0.0042
49,Республика Башкортостан,Давлекановский муниципальный район,Давлекановский,True,other,,,16946.0,16258.0,12360.0,625.0,58.0,0.2308,0.1809,0.0499
50,Республика Башкортостан,Дуванский муниципальный район,Дуванский,True,other,,,11977.0,11121.0,9387.0,785.0,68.0,0.1456,0.1809,-0.0353
51,Республика Башкортостан,Дюртюлинский муниципальный район,Дюртюлинский,True,other,,,27173.0,24893.0,19658.0,2185.0,81.0,0.1932,0.1809,0.0123
52,Республика Башкортостан,Ермекеевский муниципальный район,Ермекеевский,True,other,,,6517.0,5701.0,4253.0,752.0,62.0,0.2243,0.1809,0.0434
53,Республика Башкортостан,Зианчуринский муниципальный район,Зианчуринский,True,other,,,9103.0,7876.0,6599.0,1056.0,171.0,0.143,0.1809,-0.038
54,Республика Башкортостан,Зилаирский муниципальный район,Зилаирский,True,other,,,5965.0,5711.0,5084.0,209.0,44.0,0.1059,0.1809,-0.075
55,Республика Башкортостан,Иглинский муниципальный район,Иглинский,True,control,-0.082,городской округ город Уфа,21435.0,21097.0,12146.0,273.0,63.0,0.4188,0.1809,0.2379
56,Республика Башкортостан,Илишевский муниципальный район,Илишевский,True,other,,,14204.0,13140.0,10531.0,991.0,73.0,0.1846,0.1809,0.0037
57,Республика Башкортостан,Ишимбайский муниципальный район,Ишимбайский,True,hidden,1.1357,городской округ город Салават,38126.0,34596.0,30018.0,3397.0,120.0,0.1205,0.1809,-0.0605
58,Республика Башкортостан,Калтасинский муниципальный район,Калтасинский,True,other,,,9793.0,8418.0,6541.0,1344.0,31.0,0.1923,0.1809,0.0114
59,Республика Башкортостан,Караидельский муниципальный район,Караидельский,True,other,,,10772.0,10158.0,7561.0,476.0,133.0,0.2441,0.1809,0.0632
60,Республика Башкортостан,Кармаскалинский муниципальный район,Кармаскалинский,True,control,-0.9096,городской округ город Уфа,22143.0,21765.0,13781.0,320.0,52.0,0.3614,0.1809,0.1805
61,Республика Башкортостан,Кигинский муниципальный район,Кигинский,True,other,,,6963.0,6089.0,5049.0,786.0,87.0,0.1513,0.1809,-0.0297
62,Республика Башкортостан,Краснокамский муниципальный район,Краснокамский,True,control,-0.6962,городской округ город Нефтекамск,11238.0,10538.0,5986.0,661.0,36.0,0.4064,0.1809,0.2254
63,Республика Башкортостан,Кугарчинский муниципальный район,Кугарчинский,True,other,,,10807.0,9918.0,8338.0,847.0,40.0,0.1467,0.1809,-0.0342
65,Республика Башкортостан,Кушнаренковский муниципальный район,Кушнаренковский,True,other,,,9786.0,9480.0,6886.0,231.0,73.0,0.2671,0.1809,0.0861
66,Республика Башкортостан,Мелеузовский муниципальный район,Мелеузовский,True,hidden,1.0926,городской округ город Кумертау,38577.0,35349.0,30717.0,3017.0,187.0,0.1207,0.1809,-0.0603
67,Республика Башкортостан,Мечетлинский муниципальный район,Мечетлинский,True,other,,,9586.0,8133.0,6630.0,1392.0,55.0,0.1577,0.1809,-0.0232
68,Республика Башкортостан,Мишкинский муниципальный район,Мишкинский,True,other,,,7874.0,6332.0,4297.0,1482.0,55.0,0.2603,0.1809,0.0793
69,Республика Башкортостан,Миякинский муниципальный район,Миякинский,True,other,,,11210.0,10144.0,8302.0,982.0,80.0,0.1655,0.1809,-0.0154
70,Республика Башкортостан,Нуримановский муниципальный район,Нуримановский,True,other,,,7789.0,7635.0,5574.0,132.0,21.0,0.2653,0.1809,0.0844
71,Республика Башкортостан,Салаватский муниципальный район,Салаватский,True,other,,,9810.0,8423.0,6038.0,1296.0,91.0,0.2454,0.1809,0.0645
72,Республика Башкортостан,Стерлибашевский муниципальный район,Стерлибашевский,True,other,,,7966.0,7056.0,6120.0,856.0,50.0,0.1182,0.1809,-0.0627
73,Республика Башкортостан,Стерлитамакский муниципальный район,Стерлитамакский,True,ring,1.361,городской округ город Стерлитамак,17658.0,17128.0,9193.0,450.0,75.0,0.4513,0.1809,0.2704
74,Республика Башкортостан,Татышлинский муниципальный район,Татышлинский,True,other,,,10254.0,9222.0,8112.0,971.0,59.0,0.1089,0.1809,-0.072
75,Республика Башкортостан,Туймазинский муниципальный район,Туймазинский,True,hidden,1.1683,городской округ город Октябрьский,59257.0,55680.0,45552.0,3281.0,283.0,0.1717,0.1809,-0.0092
76,Республика Башкортостан,Уфимский муниципальный район,Уфимский,True,ring,0.9208,городской округ город Уфа,33421.0,33023.0,12292.0,274.0,114.0,0.6224,0.1809,0.4415
77,Республика Башкортостан,Учалинский муниципальный район,Учалинский,True,other,,,31100.0,29366.0,25378.0,1592.0,124.0,0.1287,0.1809,-0.0522
78,Республика Башкортостан,Федоровский муниципальный район,Федоровский,True,other,,,7397.0,6626.0,5247.0,739.0,30.0,0.1872,0.1809,0.0063
79,Республика Башкортостан,Хайбуллинский муниципальный район,Хайбуллинский,True,other,,,12013.0,11349.0,8546.0,637.0,23.0,0.2338,0.1809,0.0529
80,Республика Башкортостан,Чекмагушевский муниципальный район,Чекмагушевский,True,other,,,12233.0,11359.0,9986.0,811.0,62.0,0.1128,0.1809,-0.0681
81,Республика Башкортостан,Чишминский муниципальный район,Чишминский,True,other,,,22415.0,22086.0,14274.0,246.0,76.0,0.3497,0.1809,0.1688
82,Республика Башкортостан,Шаранский муниципальный район,Шаранский,True,other,,,7646.0,7033.0,5332.0,533.0,76.0,0.2247,0.1809,0.0438
83,Республика Башкортостан,Янаульский муниципальный район,Янаульский,True,control,0.0634,городской округ город Нефтекамск,19174.0,17615.0,14676.0,1379.0,167.0,0.1546,0.1809,-0.0263
22,Республика Башкортостан,городской округ город Агидель,г.Агидель,False,other,,,7493.0,5772.0,4284.0,1692.0,26.0,0.1993,0.1809,0.0184
23,Республика Башкортостан,городской округ город Кумертау,г.Кумертау,False,other,,,29698.0,27914.0,26245.0,1684.0,78.0,0.0563,0.1809,-0.1246
25,Республика Башкортостан,городской округ город Нефтекамск,г.Нефтекамск,False,other,,,65022.0,61561.0,58833.0,3114.0,317.0,0.0422,0.1809,-0.1388
26,Республика Башкортостан,городской округ город Октябрьский,г.Октябрьский,False,other,,,52462.0,48723.0,46845.0,3492.0,226.0,0.036,0.1809,-0.145
27,Республика Башкортостан,городской округ город Салават,г.Салават,False,other,,,73001.0,69879.0,68275.0,2925.0,172.0,0.022,0.1809,-0.1589
28,Республика Башкортостан,городской округ город Сибай,г.Сибай,False,other,,,25812.0,24431.0,23271.0,1257.0,108.0,0.0451,0.1809,-0.1358
29,Республика Башкортостан,городской округ город Стерлитамак,г.Стерлитамак,False,other,,,129440.0,125111.0,121918.0,3758.0,518.0,0.0248,0.1809,-0.1562
21,Республика Башкортостан,городской округ город Уфа,г.Уфа,False,other,,,504260.0,495836.0,489274.0,4578.0,3421.0,0.0131,0.1809,-0.1678
401,Республика Тыва,Бай-Тайгинский муниципальный район,Муниципальный район Бай-Тайгинский кожуун,True,other,,,2509.0,2470.0,2437.0,3.0,36.0,0.0133,0.0348,-0.0215
402,Республика Тыва,Барун-Хемчикский муниципальный район,Муниципальный район Барун-Хемчикский кожуун,True,other,,,3104.0,3015.0,2502.0,0.0,89.0,0.1701,0.0348,0.1353
403,Республика Тыва,Дзун-Хемчикский муниципальный район,Муниципальный район Дзун-Хемчикский кожуун,True,other,,,5175.0,5121.0,4650.0,2.0,52.0,0.0919,0.0348,0.0571
404,Республика Тыва,Каа-Хемский муниципальный район,Муниципальный район Каа-Хемский кожуун,True,other,,,3384.0,3227.0,2959.0,5.0,152.0,0.0829,0.0348,0.0481
405,Республика Тыва,Кызылский муниципальный район,Муниципальный район Кызылский кожуун,True,other,,,9345.0,9226.0,4490.0,10.0,109.0,0.5128,0.0348,0.478
408,Республика Тыва,Пий-Хемский муниципальный район,Муниципальный район Пий-Хемский кожуун,True,other,,,2848.0,2802.0,2652.0,15.0,31.0,0.0532,0.0348,0.0184
410,Республика Тыва,Тандинский муниципальный район,Муниципальный район Тандинский кожуун,True,other,,,3605.0,3536.0,2942.0,4.0,65.0,0.1678,0.0348,0.133
413,Республика Тыва,Тоджинский муниципальный район,Муниципальный район Тоджинский кожуун,True,other,,,1616.0,1510.0,1483.0,1.0,105.0,0.0179,0.0348,-0.017
414,Республика Тыва,Улуг-Хемский муниципальный район,Муниципальный район Улуг-Хемский кожуун,True,other,,,4601.0,4504.0,4423.0,7.0,90.0,0.018,0.0348,-0.0169
416,Республика Тыва,Чеди-Хольский муниципальный район,Муниципальный район Чеди-Хольский кожуун,True,other,,,2222.0,2193.0,2081.0,7.0,22.0,0.0509,0.0348,0.0161
453,Республика Хакасия,Алтайский муниципальный район,Алтайский муниципальный район,True,control,-0.4727,городской округ город Абакан,11469.0,11275.0,6652.0,128.0,65.0,0.4054,0.1719,0.2335
455,Республика Хакасия,Бейский муниципальный район,Бейский муниципальный район,True,control,-0.1134,городской округ город Саяногорск,6888.0,6812.0,4790.0,62.0,14.0,0.2942,0.1719,0.1223
456,Республика Хакасия,Боградский муниципальный район,Боградский муниципальный район,True,control,-0.8712,городской округ город Сорск,6021.0,5936.0,5154.0,78.0,7.0,0.13,0.1719,-0.0419
457,Республика Хакасия,Орджоникидзевский муниципальный район,Орджоникидзевский муниципальный район,True,other,,,5122.0,4879.0,4618.0,130.0,113.0,0.0521,0.1719,-0.1198
458,Республика Хакасия,Таштыпский муниципальный район,Таштыпский муниципальный район,True,control,-0.1594,городской округ город Абаза,6454.0,6305.0,5236.0,110.0,39.0,0.1666,0.1719,-0.0053
459,Республика Хакасия,Усть-Абаканский муниципальный район,Усть-Абаканский муниципальный район,True,control,0.4068,городской округ город Черногорск,17280.0,17077.0,9536.0,99.0,102.0,0.439,0.1719,0.2671
460,Республика Хакасия,Ширинский муниципальный район,Ширинский муниципальный район,True,control,-0.6037,городской округ город Сорск,11997.0,11701.0,10574.0,242.0,54.0,0.0944,0.1719,-0.0775
449,Республика Хакасия,городской округ город Абаза,Городской округ город Абаза – г. Абаза,False,other,,,7677.0,7423.0,7150.0,235.0,17.0,0.0356,0.1719,-0.1363
448,Республика Хакасия,городской округ город Абакан,Городской округ город Абакан – г. Абакан,False,other,,,80655.0,79313.0,77714.0,797.0,523.0,0.02,0.1719,-0.1519
450,Республика Хакасия,городской округ город Саяногорск,Городской округ город Саяногорск,False,other,,,30499.0,29440.0,28787.0,764.0,287.0,0.0216,0.1719,-0.1503
451,Республика Хакасия,городской округ город Сорск,Городской округ город Сорск – г. Сорск,False,other,,,6113.0,5634.0,4847.0,461.0,15.0,0.1291,0.1719,-0.0428
452,Республика Хакасия,городской округ город Черногорск,Городской округ город Черногорск,False,other,,,36920.0,36210.0,30667.0,341.0,363.0,0.1516,0.1719,-0.0203
1884,Самарская область,Алексеевский муниципальный район,АЛЕКСЕЕВСКИЙ МУНИЦИПАЛЬНЫЙ РАЙОН,True,other,,,5396.0,5311.0,3320.0,49.0,36.0,0.3715,0.2444,0.127
1885,Самарская область,Безенчукский муниципальный район,БЕЗЕНЧУКСКИЙ МУНИЦИПАЛЬНЫЙ РАЙОН,True,control,0.2534,городской округ Чапаевск,19339.0,18769.0,13027.0,182.0,382.0,0.3029,0.2444,0.0585
1886,Самарская область,Богатовский муниципальный район,БОГАТОВСКИЙ МУНИЦИПАЛЬНЫЙ РАЙОН,True,other,,,5736.0,5629.0,4537.0,48.0,59.0,0.1924,0.2444,-0.0521
1887,Самарская область,Большеглушицкий муниципальный район,БОЛЬШЕГЛУШИЦКИЙ МУНИЦИПАЛЬНЫЙ РАЙОН,True,other,,,8811.0,8618.0,6085.0,29.0,156.0,0.2927,0.2444,0.0482
1888,Самарская область,Большечерниговский муниципальный район,БОЛЬШЕЧЕРНИГОВСКИЙ МУНИЦИПАЛЬНЫЙ РАЙОН,True,other,,,8479.0,8332.0,6274.0,65.0,78.0,0.245,0.2444,0.0005
1889,Самарская область,Борский муниципальный район,БОРСКИЙ МУНИЦИПАЛЬНЫЙ РАЙОН,True,other,,,9955.0,9630.0,6390.0,215.0,109.0,0.3291,0.2444,0.0846
1890,Самарская область,Волжский муниципальный район,ВОЛЖСКИЙ МУНИЦИПАЛЬНЫЙ РАЙОН,True,ring,1.3881,городской округ Самара,37910.0,36830.0,17563.0,136.0,936.0,0.5211,0.2444,0.2767
1891,Самарская область,Елховский муниципальный район,ЕЛХОВСКИЙ МУНИЦИПАЛЬНЫЙ РАЙОН,True,other,,,4039.0,3925.0,2164.0,70.0,42.0,0.4406,0.2444,0.1961
1892,Самарская область,Исаклинский муниципальный район,ИСАКЛИНСКИЙ МУНИЦИПАЛЬНЫЙ РАЙОН,True,other,,,5849.0,5714.0,4297.0,83.0,52.0,0.2444,0.2444,0.0
1893,Самарская область,Камышлинский муниципальный район,КАМЫШЛИНСКИЙ МУНИЦИПАЛЬНЫЙ РАЙОН,True,other,,,4515.0,4281.0,3192.0,211.0,23.0,0.2424,0.2444,-0.002
1895,Самарская область,Кинель-Черкасский муниципальный район,КИНЕЛЬ-ЧЕРКАССКИЙ МУНИЦИПАЛЬНЫЙ РАЙОН,True,control,-0.3046,городской округ Отрадный,19825.0,19307.0,13130.0,171.0,342.0,0.317,0.2444,0.0726
1894,Самарская область,Кинельский муниципальный район,КИНЕЛЬСКИЙ МУНИЦИПАЛЬНЫЙ РАЙОН,True,ring,-0.9381,городской округ Кинель,15054.0,14652.0,6407.0,124.0,270.0,0.5577,0.2444,0.3133
1896,Самарская область,Клявлинский муниципальный район,КЛЯВЛИНСКИЙ МУНИЦИПАЛЬНЫЙ РАЙОН,True,other,,,6596.0,6168.0,4815.0,363.0,64.0,0.2071,0.2444,-0.0373
1897,Самарская область,Кошкинский муниципальный район,КОШКИНСКИЙ МУНИЦИПАЛЬНЫЙ РАЙОН,True,other,,,10794.0,10483.0,8043.0,197.0,112.0,0.2284,0.2444,-0.016
1898,Самарская область,Красноармейский муниципальный район,КРАСНОАРМЕЙСКИЙ МУНИЦИПАЛЬНЫЙ РАЙОН,True,control,-0.7186,городской округ Чапаевск,8213.0,8066.0,4976.0,84.0,63.0,0.3791,0.2444,0.1347
1899,Самарская область,Красноярский муниципальный район,КРАСНОЯРСКИЙ МУНИЦИПАЛЬНЫЙ РАЙОН,True,control,-0.7013,городской округ Самара,23816.0,22776.0,13805.0,556.0,473.0,0.3843,0.2444,0.1399
1900,Самарская область,Нефтегорский муниципальный район,НЕФТЕГОРСКИЙ МУНИЦИПАЛЬНЫЙ РАЙОН,True,other,,,17188.0,16937.0,13185.0,155.0,95.0,0.2195,0.2444,-0.0249
1901,Самарская область,Пестравский муниципальный район,ПЕСТРАВСКИЙ МУНИЦИПАЛЬНЫЙ РАЙОН,True,other,,,7422.0,7285.0,4927.0,56.0,79.0,0.3211,0.2444,0.0767
1902,Самарская область,Похвистневский муниципальный район,ПОХВИСТНЕВСКИЙ МУНИЦИПАЛЬНЫЙ РАЙОН,True,ring,-0.086,городской округ Похвистнево,11056.0,10806.0,5286.0,208.0,40.0,0.5011,0.2444,0.2567
1903,Самарская область,Приволжский муниципальный район,ПРИВОЛЖСКИЙ МУНИЦИПАЛЬНЫЙ РАЙОН,True,other,,,11188.0,10931.0,7732.0,211.0,41.0,0.287,0.2444,0.0425
1904,Самарская область,Сергиевский муниципальный район,СЕРГИЕВСКИЙ МУНИЦИПАЛЬНЫЙ РАЙОН,True,other,,,22089.0,21637.0,14591.0,250.0,200.0,0.3219,0.2444,0.0775
1905,Самарская область,Ставропольский муниципальный район,СТАВРОПОЛЬСКИЙ МУНИЦИПАЛЬНЫЙ РАЙОН,True,other,,,25371.0,24976.0,8795.0,132.0,251.0,0.6441,0.2444,0.3997
1906,Самарская область,Сызранский муниципальный район,СЫЗРАНСКИЙ МУНИЦИПАЛЬНЫЙ РАЙОН,True,ring,1.0453,городской округ Сызрань,10893.0,10510.0,5329.0,172.0,206.0,0.4848,0.2444,0.2404
1907,Самарская область,Хворостянский муниципальный район,ХВОРОСТЯНСКИЙ МУНИЦИПАЛЬНЫЙ РАЙОН,True,other,,,7371.0,7278.0,5506.0,24.0,68.0,0.2426,0.2444,-0.0018
1908,Самарская область,Челно-Вершинский муниципальный район,ЧЕЛНО-ВЕРШИНСКИЙ МУНИЦИПАЛЬНЫЙ РАЙОН,True,other,,,6723.0,6368.0,4615.0,232.0,123.0,0.2656,0.2444,0.0212
1909,Самарская область,Шенталинский муниципальный район,ШЕНТАЛИНСКИЙ МУНИЦИПАЛЬНЫЙ РАЙОН,True,other,,,6439.0,5972.0,4496.0,340.0,124.0,0.2337,0.2444,-0.0107
1910,Самарская область,Шигонский муниципальный район,ШИГОНСКИЙ МУНИЦИПАЛЬНЫЙ РАЙОН,True,other,,,8109.0,7817.0,5544.0,191.0,101.0,0.2838,0.2444,0.0394
1875,Самарская область,городской округ Жигулевск,ГОРОДСКОЙ ОКРУГ ЖИГУЛЕВСК,False,other,,,28859.0,28067.0,21797.0,411.0,368.0,0.2201,0.2444,-0.0244
1876,Самарская область,городской округ Кинель,ГОРОДСКОЙ ОКРУГ КИНЕЛЬ,False,other,,,26599.0,26122.0,19491.0,113.0,360.0,0.2527,0.2444,0.0083
1877,Самарская область,городской округ Новокуйбышевск,ГОРОДСКОЙ ОКРУГ НОВОКУЙБЫШЕВСК,False,other,,,52297.0,51431.0,44594.0,361.0,473.0,0.1319,0.2444,-0.1125
1878,Самарская область,городской округ Октябрьск,ГОРОДСКОЙ ОКРУГ ОКТЯБРЬСК – Г. ОКТЯБРЬСК,False,other,,,10219.0,9878.0,9015.0,164.0,177.0,0.0859,0.2444,-0.1585
1879,Самарская область,городской округ Отрадный,ГОРОДСКОЙ ОКРУГ ОТРАДНЫЙ – Г. ОТРАДНЫЙ,False,other,,,23366.0,21996.0,21022.0,411.0,955.0,0.0435,0.2444,-0.201
1880,Самарская область,городской округ Похвистнево,ГОРОДСКОЙ ОКРУГ ПОХВИСТНЕВО,False,other,,,13316.0,12780.0,11846.0,432.0,96.0,0.0707,0.2444,-0.1738
1874,Самарская область,городской округ Самара,ГОРОДСКОЙ ОКРУГ САМАРА,False,other,,,592467.0,563797.0,555516.0,2384.0,25984.0,0.0146,0.2444,-0.2298
1881,Самарская область,городской округ Сызрань,ГОРОДСКОЙ ОКРУГ СЫЗРАНЬ,False,other,,,80275.0,75291.0,74471.0,693.0,4276.0,0.0108,0.2444,-0.2336
1883,Самарская область,городской округ Чапаевск,ГОРОДСКОЙ ОКРУГ ЧАПАЕВСК,False,other,,,33088.0,32097.0,23181.0,357.0,619.0,0.2746,0.2444,0.0302
2039,Свердловская область,Байкаловский муниципальный район,Байкаловский муниципальный район,True,control,-0.3648,городской округ Талицкий,6594.0,6372.0,4996.0,119.0,103.0,0.212,0.212,0.0
2040,Свердловская область,Камышловский муниципальный район,Камышловский муниципальный район,True,ring,1.1528,городской округ Камышловский,10245.0,9594.0,6156.0,65.0,580.0,0.3557,0.212,0.1437
2042,Свердловская область,Нижнесергинский муниципальный район,Нижнесергинский муниципальный район,True,control,-0.2458,городской округ Бисертский,19720.0,19395.0,14854.0,65.0,259.0,0.2333,0.212,0.0214
2041,Свердловская область,Слободо-Туринский муниципальный район,Слободо-Туринский муниципальный район,True,hidden,0.5132,городской округ Туринский,5841.0,5248.0,4440.0,477.0,116.0,0.1411,0.212,-0.0709
2043,Свердловская область,Таборинский муниципальный район,Таборинский муниципальный район,True,control,-0.2394,городской округ Тавдинский,1455.0,1427.0,1402.0,9.0,19.0,0.0174,0.212,-0.1946
2015,Свердловская область,городской округ Алапаевское,Городской округ муниципальное образование Алапаевское,False,ring,-0.22,городской округ город Алапаевск,11142.0,11033.0,9084.0,44.0,64.0,0.1759,0.212,-0.0361
2033,Свердловская область,городской округ Арамильский,Арамильский городской округ,False,other,,,8292.0,8158.0,5054.0,9.0,124.0,0.38,0.212,0.168
1973,Свердловская область,городской округ Артемовский,Артемовский городской округ,False,other,,,25971.0,25157.0,20287.0,495.0,308.0,0.1898,0.212,-0.0222
2017,Свердловская область,городской округ Артинский,Артинский городской округ,False,other,,,11659.0,11441.0,8732.0,55.0,162.0,0.2356,0.212,0.0236
1974,Свердловская область,городской округ Асбестовский,Асбестовский городской округ,False,other,,,34127.0,33448.0,31230.0,297.0,373.0,0.0657,0.212,-0.1463
2018,Свердловская область,городской округ Ачитский,Ачитский городской округ,False,other,,,6851.0,6662.0,5129.0,100.0,88.0,0.2267,0.212,0.0147
2019,Свердловская область,городской округ Белоярский,Белоярский городской округ,False,other,,,15929.0,15260.0,10281.0,24.0,644.0,0.3257,0.212,0.1138
1977,Свердловская область,городской округ Березовский,Березовский городской округ,False,other,,,33928.0,33153.0,21736.0,129.0,634.0,0.3429,0.212,0.1309
2027,Свердловская область,городской округ Бисертский,Бисертский городской округ,False,other,,,4896.0,4849.0,3721.0,26.0,21.0,0.2314,0.212,0.0194
1978,Свердловская область,городской округ Богданович,Городской округ Богданович,False,other,,,21396.0,20990.0,16686.0,99.0,302.0,0.204,0.212,-0.0079
1981,Свердловская область,городской округ Верхнесалдинский,Верхнесалдинский городской округ,False,other,,,26181.0,25657.0,24467.0,58.0,464.0,0.0463,0.212,-0.1657
1992,Свердловская область,городской округ Верхний Тагил,Городской округ Верхний Тагил,False,other,,,6416.0,6328.0,5588.0,27.0,58.0,0.1164,0.212,-0.0956
1979,Свердловская область,городской округ Верхняя Пышма,Городской округ Верхняя Пышма,False,other,,,38060.0,37027.0,25004.0,98.0,930.0,0.3238,0.212,0.1118
1997,Свердловская область,городской округ Верхняя Тура,Городской округ Верхняя Тура,False,other,,,4152.0,4084.0,3307.0,51.0,17.0,0.1879,0.212,-0.0241
2021,Свердловская область,городской округ Верхотурский,Городской округ Верхотурский,False,other,,,6586.0,6213.0,5040.0,64.0,308.0,0.1868,0.212,-0.0251
1989,Свердловская область,городской округ Волчанский,Волчанский городской округ,False,other,,,4878.0,4743.0,4196.0,76.0,57.0,0.1135,0.212,-0.0985
2022,Свердловская область,городской округ Гаринский,Гаринский городской округ,False,other,,,1836.0,1800.0,1752.0,1.0,35.0,0.0267,0.212,-0.1853
2007,Свердловская область,городской округ Дегтярск,Городской округ Дегтярск,False,other,,,6928.0,6802.0,4378.0,50.0,73.0,0.3536,0.212,0.1416
1982,Свердловская область,городской округ Заречный,Городской округ Заречный,False,other,,,15660.0,15287.0,12675.0,106.0,260.0,0.1696,0.212,-0.0424
1983,Свердловская область,городской округ Ивдельский,Ивдельский городской округ,False,other,,,9237.0,9022.0,8691.0,108.0,107.0,0.0363,0.212,-0.1757
2023,Свердловская область,городской округ Ирбитское,Городской округ Ирбитское муниципальное образование,False,ring,-0.2369,городской округ город Ирбит,12867.0,12567.0,8587.0,181.0,116.0,0.3121,0.212,0.1001
2024,Свердловская область,городской округ Каменский,Каменский городской округ,False,ring,1.1549,городской округ город Каменск-Уральский,12356.0,12020.0,5217.0,84.0,250.0,0.562,0.212,0.35
1987,Свердловская область,городской округ Камышловский,Камышловский городской округ – г. Камышлов,False,other,,,11962.0,11749.0,11312.0,63.0,149.0,0.037,0.212,-0.175
1988,Свердловская область,городской округ Карпинск,Городской округ Карпинск,False,other,,,15231.0,14825.0,11771.0,174.0,230.0,0.2036,0.212,-0.0084
1990,Свердловская область,городской округ Качканарский,Качканарский городской округ,False,other,,,23177.0,22881.0,22328.0,86.0,207.0,0.0241,0.212,-0.1879
1991,Свердловская область,городской округ Кировградский,Кировградский городской округ,False,other,,,12551.0,12213.0,10393.0,49.0,287.0,0.1484,0.212,-0.0636
1993,Свердловская область,городской округ Краснотурьинск,Городской округ Краснотурьинск,False,other,,,28067.0,27314.0,26594.0,156.0,591.0,0.0262,0.212,-0.1858
1994,Свердловская область,городской округ Красноуральск,Городской округ Красноуральск,False,other,,,11908.0,11763.0,11414.0,53.0,91.0,0.0295,0.212,-0.1825
1995,Свердловская область,городской округ Красноуфимск,Городской округ Красноуфимск,False,other,,,18070.0,17835.0,17134.0,158.0,74.0,0.039,0.212,-0.173
2025,Свердловская область,городской округ Красноуфимский округ,Красноуфимский городской округ,False,ring,0.4567,городской округ Красноуфимск,11044.0,10788.0,6020.0,181.0,75.0,0.4347,0.212,0.2227
1996,Свердловская область,городской округ Кушвинский,Кушвинский городской округ,False,other,,,17712.0,17405.0,15463.0,80.0,227.0,0.1111,0.212,-0.1009
1975,Свердловская область,городской округ Малышевский,Малышевский городской округ,False,other,,,5039.0,4866.0,3116.0,130.0,42.0,0.3502,0.212,0.1382
1999,Свердловская область,городской округ Невьянский,Невьянский городской округ,False,other,,,19223.0,18980.0,13339.0,78.0,164.0,0.296,0.212,0.084
2002,Свердловская область,городской округ Нижнетуринский,Нижнетуринский городской округ,False,other,,,14094.0,13839.0,11997.0,153.0,102.0,0.1316,0.212,-0.0803
2001,Свердловская область,городской округ Нижняя Салда,Городской округ Нижняя Салда,False,other,,,9761.0,9595.0,7040.0,27.0,139.0,0.2655,0.212,0.0536
2028,Свердловская область,городской округ Новолялинский,Новолялинский городской округ,False,other,,,9586.0,9463.0,8472.0,63.0,60.0,0.104,0.212,-0.108
1984,Свердловская область,городской округ Пелым,Городской округ Пелым,False,other,,,2217.0,2124.0,2012.0,77.0,16.0,0.0509,0.212,-0.1611
2004,Свердловская область,городской округ Первоуральск,Городской округ Первоуральск,False,other,,,72425.0,71355.0,60925.0,259.0,790.0,0.1456,0.212,-0.0664
2005,Свердловская область,городской округ Полевской,Полевской городской округ,False,other,,,35514.0,34678.0,29752.0,178.0,650.0,0.1413,0.212,-0.0707
2030,Свердловская область,городской округ Пышминский,Пышминский городской округ,False,other,,,8831.0,8605.0,7063.0,110.0,115.0,0.1769,0.212,-0.0351
2006,Свердловская область,городской округ Ревда,Городской округ Ревда,False,other,,,31082.0,30539.0,26153.0,144.0,394.0,0.1429,0.212,-0.0691
2008,Свердловская область,городской округ Режевской,Режевской городской округ,False,other,,,22800.0,22336.0,16916.0,210.0,251.0,0.2404,0.212,0.0284
1976,Свердловская область,городской округ Рефтинский,Городской округ Рефтинский – пгт Рефтинский рп,False,other,,,7939.0,7772.0,7240.0,75.0,90.0,0.0678,0.212,-0.1442
2009,Свердловская область,городской округ Североуральский,Североуральский городской округ,False,other,,,20116.0,19385.0,16222.0,228.0,498.0,0.1612,0.212,-0.0508
2010,Свердловская область,городской округ Серовский,Серовский городской округ,False,other,,,54389.0,53755.0,51651.0,183.0,442.0,0.039,0.212,-0.173
2031,Свердловская область,городской округ Сосьвинский,Сосьвинский городской округ,False,other,,,6135.0,5891.0,5219.0,41.0,202.0,0.1133,0.212,-0.0987
1980,Свердловская область,городской округ Среднеуральск,Городской округ Среднеуральск,False,other,,,10551.0,10432.0,7183.0,32.0,85.0,0.3104,0.212,0.0984
2011,Свердловская область,городской округ Сухой Лог,Городской округ Сухой Лог,False,other,,,22728.0,21978.0,18417.0,148.0,601.0,0.1609,0.212,-0.0511
2032,Свердловская область,городской округ Сысертский,Сысертский городской округ,False,other,,,29028.0,28263.0,17297.0,118.0,643.0,0.3863,0.212,0.1743
2012,Свердловская область,городской округ Тавдинский,Тавдинский городской округ,False,other,,,16839.0,15509.0,14749.0,946.0,384.0,0.0462,0.212,-0.1658
2034,Свердловская область,городской округ Талицкий,Талицкий городской округ,False,other,,,19201.0,18081.0,15669.0,880.0,238.0,0.1272,0.212,-0.0848
2035,Свердловская область,городской округ Тугулымский,Тугулымский городской округ,False,other,,,9084.0,6862.0,6318.0,2031.0,191.0,0.0612,0.212,-0.1508
2036,Свердловская область,городской округ Туринский,Туринский городской округ,False,other,,,12247.0,11784.0,10429.0,317.0,143.0,0.1119,0.212,-0.1
2037,Свердловская область,городской округ Шалинский,Шалинский городской округ,False,other,,,8968.0,8814.0,6873.0,57.0,97.0,0.2188,0.212,0.0068
1972,Свердловская область,городской округ город Алапаевск,Городской округ муниципальное образование город Алапаевск,False,other,,,18378.0,18044.0,16615.0,168.0,163.0,0.0785,0.212,-0.1335
1971,Свердловская область,городской округ город Екатеринбург,"Городской округ муниципальное образование ""город Екатеринбург""",False,other,,,678491.0,655739.0,643922.0,1824.0,20593.0,0.018,0.212,-0.194
1985,Свердловская область,городской округ город Ирбит,Городской округ муниципальное образование город Ирбит – г. Ирбит,False,other,,,16881.0,16476.0,15758.0,146.0,259.0,0.0432,0.212,-0.1688
1986,Свердловская область,городской округ город Каменск-Уральский,Городской округ город Каменск-Уральский,False,other,,,84986.0,83935.0,81712.0,376.0,657.0,0.0264,0.212,-0.1856
2000,Свердловская область,городской округ город Нижний Тагил,Городской округ город Нижний Тагил,False,other,,,173072.0,168440.0,166418.0,394.0,4211.0,0.012,0.212,-0.2
419,Удмуртская Республика,городской округ город Воткинск,Городской округ Воткинск – г. Воткинск,False,other,,,46297.0,45002.0,43799.0,841.0,446.0,0.0262,0.1794,-0.1531
420,Удмуртская Республика,городской округ город Глазов,Городской округ Глазов – г. Глазов,False,other,,,44930.0,44195.0,43772.0,654.0,67.0,0.0094,0.1794,-0.1699
418,Удмуртская Республика,городской округ город Ижевск,Городской округ Ижевск – г. Ижевск,False,other,,,319133.0,311142.0,308207.0,3010.0,4825.0,0.0093,0.1794,-0.17
421,Удмуртская Республика,городской округ город Можга,Городской округ Можга – г. Можга,False,other,,,23163.0,22458.0,21558.0,567.0,131.0,0.0391,0.1794,-0.1403
422,Удмуртская Республика,городской округ город Сарапул,Городской округ Сарапул – г. Сарапул,False,other,,,44319.0,42641.0,41616.0,1168.0,491.0,0.0234,0.1794,-0.156
423,Удмуртская Республика,муниципальный округ Алнашский район,Алнашский муниципальный район,True,other,,,9104.0,8603.0,7356.0,474.0,26.0,0.1374,0.1794,-0.042
424,Удмуртская Республика,муниципальный округ Балезинский район,Балезинский муниципальный район,True,other,,,16315.0,16038.0,13679.0,238.0,37.0,0.1449,0.1794,-0.0344
425,Удмуртская Республика,муниципальный округ Вавожский район,Вавожский муниципальный район,True,other,,,7965.0,7556.0,6084.0,348.0,58.0,0.1862,0.1794,0.0068
428,Удмуртская Республика,муниципальный округ Граховский район,Граховский муниципальный район,True,other,,,4111.0,3705.0,2996.0,396.0,10.0,0.1729,0.1794,-0.0065
429,Удмуртская Республика,муниципальный округ Дебёсский район,Дебесский муниципальный район,True,other,,,6208.0,6022.0,5047.0,116.0,70.0,0.1588,0.1794,-0.0205
430,Удмуртская Республика,муниципальный округ Завьяловский район,Завьяловский муниципальный район,True,hidden,1.6218,городской округ город Ижевск,30330.0,29653.0,12700.0,232.0,440.0,0.5672,0.1794,0.3878
431,Удмуртская Республика,муниципальный округ Игринский район,Игринский муниципальный район,True,other,,,17905.0,17227.0,13675.0,557.0,117.0,0.1997,0.1794,0.0203
432,Удмуртская Республика,муниципальный округ Камбарский район,Камбарский муниципальный район,True,control,-0.6985,городской округ город Сарапул,7878.0,7712.0,6933.0,149.0,16.0,0.0991,0.1794,-0.0803
433,Удмуртская Республика,муниципальный округ Каракулинский район,Каракулинский муниципальный район,True,other,,,5640.0,5405.0,4386.0,222.0,13.0,0.1811,0.1794,0.0017
434,Удмуртская Республика,муниципальный округ Кезский район,Кезский муниципальный район,True,other,,,10599.0,9942.0,8733.0,648.0,9.0,0.1142,0.1794,-0.0652
435,Удмуртская Республика,муниципальный округ Кизнерский район,Кизнерский муниципальный район,True,other,,,8752.0,8533.0,7744.0,205.0,14.0,0.0903,0.1794,-0.0891
436,Удмуртская Республика,муниципальный округ Киясовский район,Киясовский муниципальный район,True,other,,,4415.0,4270.0,3394.0,43.0,102.0,0.2031,0.1794,0.0237
437,Удмуртская Республика,муниципальный округ Красногорский район,Красногорский муниципальный район,True,other,,,4678.0,4488.0,3650.0,184.0,6.0,0.1794,0.1794,0.0
438,Удмуртская Республика,муниципальный округ Малопургинский район,Малопургинский муниципальный район,True,other,,,14746.0,14082.0,8662.0,637.0,26.0,0.3682,0.1794,0.1888
440,Удмуртская Республика,муниципальный округ Сарапульский район,Сарапульский муниципальный район,True,hidden,0.5011,городской округ город Сарапул,11372.0,10990.0,8910.0,236.0,143.0,0.1852,0.1794,0.0059
441,Удмуртская Республика,муниципальный округ Селтинский район,Селтинский муниципальный район,True,other,,,5254.0,4989.0,4078.0,254.0,11.0,0.1738,0.1794,-0.0056
442,Удмуртская Республика,муниципальный округ Сюмсинский район,Сюмсинский муниципальный район,True,other,,,5610.0,5222.0,4337.0,199.0,189.0,0.1633,0.1794,-0.0161
443,Удмуртская Республика,муниципальный округ Увинский район,Увинский муниципальный район,True,other,,,18760.0,18453.0,15378.0,262.0,44.0,0.1643,0.1794,-0.0151
444,Удмуртская Республика,муниципальный округ Шарканский район,Шарканский муниципальный район,True,control,-0.6279,городской округ город Воткинск,9046.0,8848.0,6582.0,155.0,42.0,0.2517,0.1794,0.0723
445,Удмуртская Республика,муниципальный округ Юкаменский район,Юкаменский муниципальный район,True,other,,,4711.0,4607.0,3804.0,80.0,24.0,0.1713,0.1794,-0.008
446,Удмуртская Республика,муниципальный округ Якшур-Бодьинский район,Якшур-Бодьинский муниципальный район,True,control,-1.3011,городской округ город Ижевск,10261.0,10170.0,6396.0,77.0,12.0,0.3682,0.1794,0.1889
447,Удмуртская Республика,муниципальный округ Ярский район,Ярский муниципальный район,True,other,,,6502.0,6214.0,5205.0,279.0,5.0,0.1553,0.1794,-0.0241
844,Хабаровский край,Амурский муниципальный район,Амурский район,True,other,,,27578.0,26419.0,23373.0,571.0,571.0,0.1128,0.1053,0.0075
846,Хабаровский край,Бикинский муниципальный район,Бикинский район,True,other,,,9874.0,9359.0,8829.0,162.0,348.0,0.0556,0.1053,-0.0496
847,Хабаровский край,Ванинский муниципальный район,Ванинский район,True,other,,,19185.0,18840.0,17473.0,32.0,303.0,0.0724,0.1053,-0.0329
848,Хабаровский край,Верхнебуреинский муниципальный район,Верхнебуреинский район,True,other,,,13615.0,13415.0,12688.0,40.0,158.0,0.054,0.1053,-0.0512
849,Хабаровский край,Вяземский муниципальный район,Вяземский район,True,other,,,9798.0,9458.0,8046.0,151.0,186.0,0.1469,0.1053,0.0416
852,Хабаровский край,Нанайский муниципальный район,Нанайский район,True,other,,,7005.0,6819.0,5765.0,49.0,137.0,0.1535,0.1053,0.0482
853,Хабаровский край,Николаевский муниципальный район,Николаевский район,True,other,,,14094.0,13892.0,13440.0,14.0,185.0,0.0325,0.1053,-0.0728
854,Хабаровский край,Охотский муниципальный округ,Охотский район,True,other,,,4043.0,4014.0,3882.0,0.0,29.0,0.0329,0.1053,-0.0724
856,Хабаровский край,Советско-Гаванский муниципальный район,Советско-Гаванский район,True,other,,,20586.0,20265.0,17213.0,109.0,200.0,0.1497,0.1053,0.0444
857,Хабаровский край,Солнечный муниципальный район,Солнечный район,True,control,-1.1964,городской округ город Комсомольск-на-Амуре,15661.0,15074.0,13225.0,110.0,474.0,0.1217,0.1053,0.0165
859,Хабаровский край,Ульчский муниципальный район,Ульчский район,True,other,,,7125.0,6889.0,6651.0,12.0,224.0,0.0345,0.1053,-0.0708
860,Хабаровский край,Хабаровский муниципальный район,Хабаровский район,True,ring,1.1606,городской округ город Хабаровск,37538.0,36403.0,17451.0,133.0,988.0,0.5185,0.1053,0.4133
843,Хабаровский край,городской округ город Комсомольск-на-Амуре,г. Комсомольск-на-Амуре,False,other,,,125462.0,123232.0,121275.0,712.0,1462.0,0.0158,0.1053,-0.0895
842,Хабаровский край,городской округ город Хабаровск,г. Хабаровск,False,other,,,302977.0,294426.0,291936.0,1108.0,7174.0,0.0084,0.1053,-0.0968
851,Хабаровский край,муниципальный район имени Лазо,район им. Лазо,True,other,,,18470.0,17911.0,13985.0,147.0,411.0,0.2174,0.1053,0.1121
855,Хабаровский край,муниципальный район имени Полины Осипенко,район им. Полины Осипенко,True,other,,,1936.0,1804.0,1614.0,1.0,131.0,0.1053,0.1053,0.0
2321,Ярославская область,Большесельский муниципальный район,Большесельский муниципальный район,True,other,,,4481.0,4407.0,2491.0,57.0,16.0,0.4291,0.2178,0.2114
2322,Ярославская область,Борисоглебский муниципальный район,Борисоглебский муниципальный район,True,control,-0.2163,городской округ город Переславль-Залесский,5454.0,5339.0,4105.0,108.0,7.0,0.2265,0.2178,0.0088
2323,Ярославская область,Брейтовский муниципальный район,Брейтовский муниципальный район,True,other,,,2874.0,2839.0,2322.0,19.0,16.0,0.1809,0.2178,-0.0369
2324,Ярославская область,Гаврилов-Ямский муниципальный район,Гаврилов-Ямский муниципальный район,True,other,,,12215.0,11953.0,9061.0,135.0,127.0,0.2392,0.2178,0.0215
2325,Ярославская область,Даниловский муниципальный район,Даниловский муниципальный район,True,other,,,11792.0,11626.0,8890.0,109.0,57.0,0.2331,0.2178,0.0154
2326,Ярославская область,Любимский муниципальный район,Любимский муниципальный район,True,other,,,5127.0,4997.0,3255.0,122.0,8.0,0.3403,0.2178,0.1225
2327,Ярославская область,Мышкинский муниципальный район,Мышкинский муниципальный район,True,other,,,4823.0,4739.0,3728.0,52.0,31.0,0.211,0.2178,-0.0068
2328,Ярославская область,Некоузский муниципальный район,Некоузский муниципальный район,True,other,,,6754.0,6564.0,5333.0,168.0,22.0,0.1829,0.2178,-0.0349
2329,Ярославская область,Некрасовский муниципальный район,Некрасовский муниципальный район,True,other,,,9900.0,9754.0,6271.0,126.0,20.0,0.3525,0.2178,0.1348
2330,Ярославская область,Первомайский муниципальный район,Первомайский муниципальный район,True,other,,,4825.0,4647.0,3641.0,170.0,7.0,0.2088,0.2178,-0.009
2332,Ярославская область,Пошехонский муниципальный район,Пошехонский муниципальный район,True,other,,,5730.0,5527.0,4284.0,180.0,22.0,0.2178,0.2178,0.0
2333,Ярославская область,Ростовский муниципальный район,Ростовский муниципальный район,True,hidden,0.9194,городской округ город Переславль-Залесский,30063.0,29070.0,20978.0,870.0,118.0,0.2702,0.2178,0.0525
2334,Ярославская область,Рыбинский муниципальный район,Рыбинский муниципальный район,True,ring,0.4498,городской округ город Рыбинск,13654.0,13403.0,6934.0,178.0,71.0,0.4763,0.2178,0.2585
2335,Ярославская область,Тутаевский муниципальный район,Тутаевский муниципальный район,True,other,,,27800.0,27228.0,19930.0,441.0,126.0,0.2637,0.2178,0.0459
2336,Ярославская область,Угличский муниципальный район,Угличский муниципальный район,True,hidden,1.0786,городской округ город Переславль-Залесский,20613.0,20107.0,17509.0,434.0,70.0,0.1265,0.2178,-0.0913
2337,Ярославская область,Ярославский муниципальный район,Ярославский муниципальный район,True,ring,1.4828,городской округ город Ярославль,26775.0,26492.0,9716.0,170.0,111.0,0.6292,0.2178,0.4114
2619,Ярославская область,городской округ город Переславль-Залесский,г. Переславль-Залесский,False,other,,,19507.0,18879.0,18487.0,540.0,81.0,0.0202,0.2178,-0.1976
2320,Ярославская область,городской округ город Рыбинск,Городской округ город Рыбинск – г. Рыбинск,False,other,,,93007.0,91468.0,89521.0,1247.0,259.0,0.021,0.2178,-0.1968
2318,Ярославская область,городской округ город Ярославль,Городской округ город Ярославль – г. Ярославль,False,other,,,290095.0,286146.0,283612.0,1697.0,2119.0,0.0088,0.2178,-0.209
