territory_id,name,region,type,twins,twin_dist,growth_pct,twins_growth_pct,region_growth_pct,gap_raw_pp,gap_adj_pp
1,городской округ город Майкоп,Республика Адыгея,T3,819;3009;841;1758;813,0.570;0.738;0.792;0.818;0.859,16.78,21.0,18.93,-4.22,-6.23
2,городской округ город Адыгейск,Республика Адыгея,T3,1936;195;194;811;1683,0.996;1.256;1.260;1.381;1.386,12.42,15.0,18.93,-2.58,-6.12
3,Гиагинский муниципальный район,Республика Адыгея,T4,1583;1671;2180;995;1894,0.835;0.837;0.882;0.958;1.004,13.74,14.52,18.93,-0.78,-3.77
4,Кошехабльский муниципальный район,Республика Адыгея,T5,54;301;1740;830;1760,0.829;1.032;1.066;1.071;1.128,19.28,19.66,18.93,-0.38,-4.86
5,Красногвардейский муниципальный район,Республика Адыгея,T5,1040;1031;2061;1041;1616,0.309;0.796;0.959;0.960;0.998,16.45,15.19,18.93,1.25,-3.32
6,Майкопский муниципальный район,Республика Адыгея,T3,404;458;371;14;1250,0.977;1.098;1.244;1.406;1.412,20.19,18.7,18.93,1.48,-1.85
7,Тахтамукайский муниципальный район,Республика Адыгея,T3,1402;2644;1783;1445;2063,0.593;0.668;0.678;0.704;0.743,19.1,17.78,18.93,1.32,-1.16
8,Теучежский муниципальный район,Республика Адыгея,T3,928;388;379;371;2119,0.723;0.737;0.986;1.000;1.169,21.31,21.23,18.93,0.08,-5.01
9,Шовгеновский муниципальный район,Республика Адыгея,T5,54;1254;386;395;499,1.084;1.105;1.130;1.140;1.154,18.93,14.09,18.93,4.84,-0.26
10,городской округ город Горно-Алтайск,Республика Алтай,T3,2312;448;693;757;507,0.723;0.739;0.768;0.807;0.834,16.73,19.43,16.73,-2.71,-5.67
11,Кош-Агачский муниципальный район,Республика Алтай,T3,1171;405;402;410;8,0.952;1.728;1.887;2.160;2.168,19.74,21.31,16.73,-1.58,0.63
12,Майминский муниципальный район,Республика Алтай,T3,693;507;581;459;2192,0.823;1.018;1.025;1.077;1.095,20.88,17.54,16.73,3.34,0.98
13,Онгудайский муниципальный район,Республика Алтай,T5,1171;515;9;1170;395,1.542;1.630;1.747;1.749;1.798,17.82,7.95,16.73,9.87,6.98
14,Турочакский муниципальный район,Республика Алтай,T5,1623;458;1240;453;360,0.938;0.951;1.012;1.095;1.103,18.59,16.89,16.73,1.7,0.81
15,Улаганский муниципальный район,Республика Алтай,T5,1171;403;1787;209;458,2.195;2.472;2.577;2.614;2.619,15.66,13.53,16.73,2.12,-1.13
16,Усть-Канский муниципальный район,Республика Алтай,T5,1172;515;1149;1170;455,1.111;1.205;1.425;1.486;1.521,14.17,14.99,16.73,-0.83,-2.54
17,Усть-Коксинский муниципальный район,Республика Алтай,T5,515;1170;455;458;1172,1.068;1.176;1.180;1.327;1.383,17.87,14.99,16.73,2.88,1.17
18,Чемальский муниципальный район,Республика Алтай,T5,1170;209;1240;1254;1572,0.903;0.949;0.965;0.982;1.049,14.83,18.3,16.73,-3.47,-4.06
19,Чойский муниципальный район,Республика Алтай,T5,457;1067;1590;2205;275,0.814;0.825;0.844;0.846;0.857,13.5,11.1,16.73,2.41,-0.79
20,Шебалинский муниципальный район,Республика Алтай,T5,1240;458;515;1170;453,0.786;0.860;0.902;1.054;1.066,15.87,17.21,16.73,-1.34,-3.46
21,городской округ город Уфа,Республика Башкортостан,T1,727;1134;418;1632;1971,0.376;0.483;0.485;0.496;0.556,15.85,16.83,13.84,-0.98,-0.61
22,городской округ город Агидель,Республика Башкортостан,T4,1633;1674;1185;356;1302,0.550;0.757;0.786;0.862;0.872,6.57,10.71,13.84,-4.14,-6.48
23,городской округ город Кумертау,Республика Башкортостан,T3,3011;754;763;509;1140,0.671;0.692;0.692;0.707;0.726,16.48,16.31,13.84,0.17,0.09
25,городской округ город Нефтекамск,Республика Башкортостан,T3,2281;1665;1632;504;418,0.443;0.452;0.467;0.551;0.564,17.35,18.01,13.84,-0.66,0.29
26,городской округ город Октябрьский,Республика Башкортостан,T3,1665;1243;1258;2281;504,0.408;0.504;0.539;0.559;0.590,15.35,18.01,13.84,-2.66,-1.81
27,городской округ город Салават,Республика Башкортостан,T3,269;1665;1258;2281;375,0.686;0.691;0.692;0.696;0.715,16.66,18.52,13.84,-1.86,-2.28
28,городской округ город Сибай,Республика Башкортостан,T3,2281;1665;1632;763;269,0.619;0.765;0.800;0.857;0.895,17.26,18.01,13.84,-0.75,-0.06
29,городской округ город Стерлитамак,Республика Башкортостан,T3,1665;2281;504;1632;418,0.410;0.620;0.634;0.667;0.668,18.52,18.01,13.84,0.51,1.46
30,Абзелиловский муниципальный район,Республика Башкортостан,T5,1662;604;1175;788;601,1.244;1.561;1.686;1.700;1.705,10.36,14.91,13.84,-4.55,-5.31
31,Альшеевский муниципальный район,Республика Башкортостан,T5,369;381;378;1196;359,0.752;0.771;0.777;0.799;0.849,8.5,14.16,13.84,-5.67,-5.67
32,Архангельский муниципальный район,Республика Башкортостан,T5,1661;524;554;771;2317,0.430;0.451;0.618;0.628;0.667,14.81,14.03,13.84,0.77,1.54
33,Аскинский муниципальный район,Республика Башкортостан,T5,367;438;2305;2017;593,0.564;0.886;1.034;1.054;1.099,10.98,13.91,13.84,-2.94,-1.51
34,Аургазинский муниципальный район,Республика Башкортостан,T5,491;484;431;435;438,1.151;1.413;1.421;1.425;1.446,4.69,13.54,13.84,-8.85,-8.88
35,Баймакский муниципальный район,Республика Башкортостан,T3,430;601;1662;1652;604,1.292;1.336;1.447;1.542;1.567,11.44,14.91,13.84,-3.47,-4.23
36,Бакалинский муниципальный район,Республика Башкортостан,T5,369;361;529;423;1246,0.492;0.544;0.547;0.819;0.836,12.66,15.9,13.84,-3.24,-2.47
37,Балтачевский муниципальный район,Республика Башкортостан,T5,367;438;369;499;484,0.414;0.866;0.941;0.980;0.999,12.66,12.27,13.84,0.39,0.38
38,Белебеевский муниципальный район,Республика Башкортостан,T3,1238;1140;509;3011;1169,0.510;0.513;0.517;0.616;0.618,15.27,17.3,13.84,-2.04,-0.76
39,Белокатайский муниципальный район,Республика Башкортостан,T5,735;790;593;742;770,1.167;1.410;1.449;1.487;1.497,14.33,11.9,13.84,2.43,2.35
40,Белорецкий муниципальный район,Республика Башкортостан,T3,1175;789;601;507;1230,0.640;0.807;0.942;0.968;0.972,18.84,14.91,13.84,3.93,5.69
41,Бижбулякский муниципальный район,Республика Башкортостан,T5,423;367;438;425;381,0.872;0.918;0.924;0.938;0.950,11.45,15.68,13.84,-4.24,-2.72
42,Бирский муниципальный район,Республика Башкортостан,T3,1652;278;2809;510;357,0.476;0.573;0.679;0.712;0.722,16.65,17.28,13.84,-0.63,0.14
43,Благоварский муниципальный район,Республика Башкортостан,T5,435;438;446;1289;1693,0.639;0.682;0.685;0.692;0.771,13.6,15.56,13.84,-1.96,0.41
44,Благовещенский муниципальный район,Республика Башкортостан,T3,1238;1181;1234;509;380,0.401;0.454;0.461;0.463;0.561,22.23,17.3,13.84,4.93,6.21
45,Буздякский муниципальный район,Республика Башкортостан,T5,369;367;378;517;586,0.551;0.757;0.810;0.824;0.853,9.43,12.7,13.84,-3.28,-4.04
46,Бураевский муниципальный район,Республика Башкортостан,T5,593;517;369;358;367,0.758;0.765;0.905;0.948;0.977,9.12,15.56,13.84,-6.44,-7.01
47,Бурзянский муниципальный район,Республика Башкортостан,T5,364;517;378;369;499,0.809;0.889;1.206;1.248;1.286,13.05,15.56,13.84,-2.51,-2.52
48,Гафурийский муниципальный район,Республика Башкортостан,T5,593;367;517;586;438,0.878;0.894;1.109;1.227;1.290,7.45,15.37,13.84,-7.92,-7.73
49,Давлекановский муниципальный район,Республика Башкортостан,T3,382;1995;1131;357;440,0.593;0.617;0.631;0.663;0.677,12.76,18.3,13.84,-5.54,-4.09
50,Дуванский муниципальный район,Республика Башкортостан,T5,2202;2194;1175;589;781,1.101;1.226;1.240;1.273;1.408,12.4,12.86,13.84,-0.46,0.7
51,Дюртюлинский муниципальный район,Республика Башкортостан,T3,579;1333;2809;509;1197,0.871;0.896;0.935;0.953;1.021,15.66,17.3,13.84,-1.65,-1.72
52,Ермекеевский муниципальный район,Республика Башкортостан,T5,435;391;431;446;561,0.766;0.786;0.816;0.852;0.989,13.6,15.22,13.84,-1.62,0.41
53,Зианчуринский муниципальный район,Республика Башкортостан,T5,1175;1174;517;364;1178,0.501;0.838;1.033;1.079;1.163,11.11,9.7,13.84,1.41,1.81
54,Зилаирский муниципальный район,Республика Башкортостан,T5,369;301;499;4;735,0.657;0.742;0.815;0.829;0.833,19.66,15.56,13.84,4.11,5.47
55,Иглинский муниципальный район,Республика Башкортостан,T3,2192;510;1275;581;452,0.619;0.651;0.673;0.732;0.764,16.34,16.2,13.84,0.15,-0.17
56,Илишевский муниципальный район,Республика Башкортостан,T5,735;438;367;443;435,0.624;0.656;0.795;0.842;0.895,13.33,16.21,13.84,-2.88,-0.51
57,Ишимбайский муниципальный район,Республика Башкортостан,T3,2279;2281;763;1140;2000,0.574;0.589;0.630;0.723;0.749,16.2,18.01,13.84,-1.81,-0.19
58,Калтасинский муниципальный район,Республика Башкортостан,T4,771;2292;1289;1261;2149,0.723;0.731;0.790;0.797;0.820,9.5,10.52,13.84,-1.03,-1.02
59,Караидельский муниципальный район,Республика Башкортостан,T5,735;366;535;1178;301,0.750;0.843;0.881;0.888;0.940,8.38,13.6,13.84,-5.22,-5.3
60,Кармаскалинский муниципальный район,Республика Башкортостан,T5,366;1178;1175;1174;735,0.578;0.616;0.749;0.807;0.821,13.84,9.57,13.84,4.27,4.67
61,Кигинский муниципальный район,Республика Башкортостан,T5,735;438;367;2017;744,0.678;0.868;0.955;1.014;1.049,12.96,13.6,13.84,-0.64,-0.48
62,Краснокамский муниципальный район,Республика Башкортостан,T5,1662;438;735;738;1175,1.193;1.333;1.367;1.423;1.464,16.43,13.6,13.84,2.83,2.75
63,Кугарчинский муниципальный район,Республика Башкортостан,T5,593;558;592;595;770,1.357;1.495;1.506;1.615;1.698,11.07,11.54,13.84,-0.47,-1.23
65,Кушнаренковский муниципальный район,Республика Башкортостан,T5,431;501;738;443;1289,0.582;0.725;0.739;0.796;0.828,5.85,10.96,13.84,-5.11,-5.75
66,Мелеузовский муниципальный район,Республика Башкортостан,T3,1665;2281;1243;2809;686,0.574;0.632;0.725;0.837;0.843,16.89,18.52,13.84,-1.63,-0.49
67,Мечетлинский муниципальный район,Республика Башкортостан,T5,735;790;770;780;742,1.258;1.283;1.396;1.425;1.429,13.28,11.9,13.84,1.38,1.3
68,Мишкинский муниципальный район,Республика Башкортостан,T5,361;273;369;367;364,0.817;0.856;0.866;0.904;0.992,15.25,15.56,13.84,-0.31,-0.18
69,Миякинский муниципальный район,Республика Башкортостан,T5,491;484;367;438;735,1.032;1.535;1.549;1.574;1.662,14.48,12.27,13.84,2.21,0.91
70,Нуримановский муниципальный район,Республика Башкортостан,T4,398;530;1624;2299;1697,0.505;0.557;0.580;0.620;0.650,11.09,14.52,13.84,-3.43,-1.23
71,Салаватский муниципальный район,Республика Башкортостан,T5,421;357;1175;2885;480,0.712;0.808;0.891;0.966;1.006,16.16,14.75,13.84,1.42,1.34
72,Стерлибашевский муниципальный район,Республика Башкортостан,T5,491;484;367;539;438,1.150;1.173;1.276;1.296;1.375,7.11,12.03,13.84,-4.91,-5.17
73,Стерлитамакский муниципальный район,Республика Башкортостан,T3,1665;2281;504;1243;1632,0.589;0.827;0.896;0.924;0.963,16.99,18.01,13.84,-1.02,-0.17
74,Татышлинский муниципальный район,Республика Башкортостан,T5,367;550;1351;539;442,0.849;1.076;1.079;1.136;1.205,18.65,12.27,13.84,6.38,6.37
75,Туймазинский муниципальный район,Республика Башкортостан,T3,2809;509;1333;686;1243,0.666;0.723;0.756;0.813;0.836,16.74,20.99,13.84,-4.25,-0.63
76,Уфимский муниципальный район,Республика Башкортостан,T3,2312;362;278;1258;757,0.436;0.453;0.554;0.579;0.613,19.41,19.43,13.84,-0.02,-0.31
77,Учалинский муниципальный район,Республика Башкортостан,T3,509;418;1333;504;1665,0.971;0.971;0.979;1.004;1.011,17.43,18.52,13.84,-1.09,0.37
78,Федоровский муниципальный район,Республика Башкортостан,T5,2317;442;1300;539;1661,0.840;0.852;0.934;0.948;1.003,3.72,11.71,13.84,-7.99,-8.63
79,Хайбуллинский муниципальный район,Республика Башкортостан,T3,1175;1174;1178;366;2203,0.490;0.588;0.651;0.746;0.806,17.39,9.57,13.84,7.81,8.22
80,Чекмагушевский муниципальный район,Республика Башкортостан,T5,491;438;442;367;594,1.264;1.318;1.324;1.431;1.473,8.52,12.27,13.84,-3.75,-5.05
81,Чишминский муниципальный район,Республика Башкортостан,T3,357;2885;421;2809;686,0.455;0.501;0.532;0.588;0.630,16.82,17.3,13.84,-0.48,-0.56
82,Шаранский муниципальный район,Республика Башкортостан,T5,438;369;367;381;378,0.872;0.899;0.929;0.980;1.020,6.88,14.16,13.84,-7.29,-7.3
83,Янаульский муниципальный район,Республика Башкортостан,T3,421;431;735;357;738,0.963;1.068;1.086;1.119;1.143,14.91,13.54,13.84,1.38,2.96
167,городской округ Нальчик,Кабардино-Балкарская Республика,T3,196;201;2881;345;352,0.944;1.117;1.211;1.303;1.442,17.58,17.97,14.98,-0.39,2.45
168,городской округ Баксан,Кабардино-Балкарская Республика,T5,347;348;352;198;205,1.218;1.294;1.374;1.495;1.722,15.23,17.82,14.98,-2.59,0.25
169,городской округ Прохладный,Кабардино-Балкарская Республика,T5,195;351;825;1037;818,0.762;1.256;1.381;1.407;1.460,14.73,17.85,14.98,-3.13,-0.17
173,Майский муниципальный район,Кабардино-Балкарская Республика,T6,1940;836;835;838;1036,1.088;1.095;1.137;1.174;1.242,13.44,15.91,14.98,-2.47,-3.09
181,Городовиковский муниципальный район,Республика Калмыкия,T6,926;1036;1942;1548;1038,0.531;0.588;0.700;0.704;0.704,14.35,15.42,14.35,-1.07,-1.55
184,Лаганский муниципальный район,Республика Калмыкия,T4,1678;2294;1663;1901;703,0.483;0.572;0.675;0.776;0.836,14.83,17.87,14.35,-3.04,-1.45
185,Малодербетовский муниципальный район,Республика Калмыкия,T5,834;840;349;1031;2262,0.679;1.754;1.854;1.866;1.924,12.33,15.0,14.35,-2.66,-2.02
188,Сарпинский муниципальный район,Республика Калмыкия,T6,929;294;1924;2093;1872,0.530;0.576;0.769;0.864;0.892,17.32,13.13,14.35,4.2,4.01
191,Юстинский муниципальный район,Республика Калмыкия,T5,834;1040;5;1031;1148,0.890;1.025;1.128;1.168;1.401,12.21,16.12,14.35,-3.91,-2.79
194,городской округ Черкесский,Карачаево-Черкесская Республика,T3,2;1845;578;2251;811,1.260;1.419;1.492;1.496;1.525,14.91,16.63,15.88,-1.73,-0.73
195,городской округ Карачаевский,Карачаево-Черкесская Республика,T3,169;1936;351;2;1752,0.762;1.076;1.240;1.256;1.324,15.48,14.73,15.88,0.76,-0.14
196,Абазинский муниципальный район,Карачаево-Черкесская Республика,T3,2881;167;811;819;351,0.823;0.944;1.041;1.208;1.293,18.16,18.68,15.88,-0.51,1.2
198,Зеленчукский муниципальный район,Карачаево-Черкесская Республика,T5,823;1011;835;1760;351,1.194;1.238;1.322;1.339;1.363,15.71,17.46,15.88,-1.75,-0.2
201,Ногайский муниципальный район,Карачаево-Черкесская Республика,T3,2881;167;811;351;830,1.039;1.117;1.239;1.509;1.553,14.88,18.68,15.88,-3.79,-2.08
203,Урупский муниципальный район,Карачаево-Черкесская Республика,T4,1937;1894;1589;1710;2171,1.110;1.243;1.289;1.347;1.368,16.05,13.25,15.88,2.79,2.02
204,Усть-Джегутинский муниципальный район,Карачаево-Черкесская Республика,T4,482;1934;815;821;1694,2.001;2.028;2.060;2.076;2.108,21.17,17.16,15.88,4.02,5.3
205,Хабезский муниципальный район,Карачаево-Черкесская Республика,T3,167;485;168;811;2881,1.585;1.643;1.722;1.816;1.855,19.37,17.58,15.88,1.79,2.41
206,городской округ Петрозаводский,Республика Карелия,T1,2318;890;224;2000;1764,0.496;0.498;0.679;0.712;0.755,15.17,16.44,13.47,-1.27,-1.25
207,городской округ Костомукшский,Республика Карелия,T3,2227;1398;1408;1518;2813,0.410;0.584;0.884;0.894;0.982,14.5,16.34,13.47,-1.84,1.22
208,Беломорский муниципальный округ,Республика Карелия,T4,1157;694;1143;689;1975,0.948;1.043;1.056;1.082;1.097,11.12,13.45,13.47,-2.32,-1.55
209,Калевальский муниципальный район,Республика Карелия,T5,18;14;1240;1787;1055,0.949;1.407;1.433;1.464;1.489,13.53,16.24,13.47,-2.71,-1.8
210,Кемский муниципальный район,Республика Карелия,T4,2234;1157;1392;1997;241,0.814;0.930;0.939;0.955;1.033,5.86,14.12,13.47,-8.26,-7.39
211,Кондопожский муниципальный район,Республика Карелия,T4,2886;2011;1110;1981;891,0.560;0.741;0.775;0.782;0.802,9.12,14.02,13.47,-4.91,-4.42
212,Лахденпохский муниципальный район,Республика Карелия,T4,2177;2183;1405;2211;1504,0.710;0.834;0.921;0.939;0.952,14.98,13.66,13.47,1.32,4.98
213,Лоухский муниципальный район,Республика Карелия,T4,2211;2183;1449;1404;1157,0.987;1.077;1.111;1.113;1.174,14.05,14.12,13.47,-0.07,2.09
214,Медвежьегорский муниципальный район,Республика Карелия,T4,908;1066;911;2211;1404,0.726;0.732;0.802;0.883;0.888,12.2,12.57,13.47,-0.37,-1.73
215,Муезерский муниципальный район,Республика Карелия,T4,1308;2183;1158;1449;1404,0.810;0.820;0.915;0.932;0.943,14.88,15.3,13.47,-0.41,2.8
216,Олонецкий муниципальный район,Республика Карелия,T4,1066;911;908;739;1404,0.411;0.562;0.613;0.668;0.694,12.71,12.92,13.47,-0.21,-1.22
217,Питкярантский муниципальный округ,Республика Карелия,T4,2211;1404;911;897;908,0.469;0.688;0.769;0.825;0.828,11.87,12.92,13.47,-1.05,-2.16
218,Прионежский муниципальный район,Республика Карелия,T3,2235;1490;1396;2228;1447,0.600;0.609;0.616;0.663;0.675,19.46,16.6,13.47,2.86,6.53
219,Пряжинский муниципальный район,Республика Карелия,T4,697;231;1770;745;451,0.580;0.675;0.721;0.817;0.860,8.42,14.17,13.47,-5.75,-5.46
220,Пудожский муниципальный район,Республика Карелия,T4,714;2030;722;905;2039,0.554;0.740;0.744;0.793;0.806,13.41,13.37,13.47,0.04,1.57
221,Сегежский муниципальный округ,Республика Карелия,T4,1406;908;2233;2234;1072,0.833;0.945;0.974;0.994;1.087,14.19,12.66,13.47,1.53,0.3
222,Сортавальский муниципальный район,Республика Карелия,T3,2231;689;1518;1141;674,0.822;0.837;0.948;0.960;1.001,17.84,15.18,13.47,2.66,4.65
223,Суоярвский муниципальный округ,Республика Карелия,T4,1989;1157;239;2327;1304,0.630;0.679;0.720;0.790;0.816,9.96,13.54,13.47,-3.58,-3.35
224,городской округ Сыктывкар,Республика Коми,T3,1136;890;2000;1231;1527,0.434;0.542;0.614;0.620;0.664,13.78,15.97,12.17,-2.19,-1.34
225,городской округ Воркута,Республика Коми,T2,327;718;2248;330;2229,1.507;1.591;1.699;2.019;2.045,15.03,15.19,12.17,-0.16,0.38
226,муниципальный округ Вуктыл,Республика Коми,T4,2225;2233;2218;2223;2248,0.826;1.016;1.236;1.280;1.346,8.67,13.55,12.17,-4.87,-2.1
227,городской округ Инта,Республика Коми,T2,1438;1431;1669;1676;895,1.675;1.733;1.912;1.918;1.935,14.17,7.15,12.17,7.02,5.26
228,муниципальный округ Усинск,Республика Коми,T2,2219;2146;2229;2218;891,0.491;0.627;1.079;1.083;1.117,12.79,10.71,12.17,2.09,4.86
229,городской округ Ухта,Республика Коми,T2,1231;2146;892;2005;2219,0.719;0.750;0.887;0.941;0.962,14.61,15.97,12.17,-1.36,0.48
230,Ижемский муниципальный район,Республика Коми,T5,1051;2199;1161;220;1057,1.137;1.234;1.257;1.277;1.282,8.92,13.41,12.17,-4.5,-2.54
231,Княжпогостский муниципальный район,Республика Коми,T4,219;911;216;913;897,0.675;0.705;0.785;0.802;0.811,11.93,12.71,12.17,-0.78,-1.3
232,Койгородский муниципальный район,Республика Коми,T5,2205;1189;773;1052;1055,0.727;0.839;0.859;0.860;0.944,9.83,15.12,12.17,-5.29,-4.89
233,Корткеросский муниципальный район,Республика Коми,T4,1588;1119;2039;1146;755,0.650;0.771;0.816;0.825;0.872,7.92,13.47,12.17,-5.56,-2.94
234,муниципальный район Печора,Республика Коми,T2,2146;2219;1184;891;1673,0.733;0.881;0.967;1.020;1.132,12.84,14.19,12.17,-1.35,2.27
235,Прилузский муниципальный район,Республика Коми,T5,2023;1268;1189;1053;1625,0.410;0.620;0.705;0.713;0.727,10.32,11.74,12.17,-1.42,-1.65
236,муниципальный район Сосногорск,Республика Коми,T4,1672;895;1184;891;2225,0.966;0.985;1.068;1.112;1.142,12.4,8.97,12.17,3.43,4.24
237,Сыктывдинский муниципальный район,Республика Коми,T3,767;2340;1051;2620;1987,0.560;0.704;0.726;0.759;0.765,11.21,16.34,12.17,-5.13,-4.72
238,Сысольский муниципальный район,Республика Коми,T5,1279;1268;764;758;1571,0.757;0.834;0.934;1.035;1.138,8.57,12.76,12.17,-4.19,-3.84
239,Троицко-Печорский муниципальный район,Республика Коми,T4,223;993;1310;694;1006,0.720;0.729;0.936;0.956;0.958,13.24,14.21,12.17,-0.97,3.86
240,Удорский муниципальный район,Республика Коми,T4,1146;739;1066;905;216,0.676;0.723;0.735;0.781;0.801,13.05,12.71,12.17,0.35,1.05
241,Усть-Вымский муниципальный район,Республика Коми,T4,908;1997;1143;909;210,0.890;0.924;0.933;1.014;1.033,11.94,12.14,12.17,-0.2,0.57
242,Усть-Куломский муниципальный район,Республика Коми,T5,1189;752;2030;2212;1687,0.550;0.649;0.693;0.713;0.718,12.4,13.37,12.17,-0.97,0.29
243,Усть-Цилемский муниципальный район,Республика Коми,T5,591;2212;603;722;2030,0.602;0.750;0.908;0.939;0.974,9.88,13.31,12.17,-3.43,-2.23
269,городской округ город Йошкар-Ола,Республика Марий Эл,T3,1952;422;2281;481;2004,0.493;0.497;0.537;0.577;0.590,18.59,18.01,14.95,0.58,-0.11
270,городской округ город Волжск,Республика Марий Эл,T4,1110;1996;1643;1672;2001,0.495;0.677;0.709;0.711;0.772,14.98,14.41,14.95,0.57,0.03
271,городской округ город Козьмодемьянск,Республика Марий Эл,T4,1004;668;1557;2278;1782,0.559;0.588;0.624;0.650;0.654,14.95,14.67,14.95,0.28,1.31
272,Волжский муниципальный район,Республика Марий Эл,T5,453;2025;1623;2203;1178,0.860;0.867;0.921;0.942;0.947,14.08,16.42,14.95,-2.34,-1.93
273,Горномарийский муниципальный район,Республика Марий Эл,T5,361;384;369;378;68,0.583;0.766;0.809;0.828;0.856,16.54,10.53,14.95,6.01,4.89
274,Звениговский муниципальный район,Республика Марий Эл,T5,530;1948;1904;1629;1568,0.452;0.457;0.509;0.544;0.572,15.3,15.09,14.95,0.21,-0.13
275,Килемарский муниципальный район,Республика Марий Эл,T5,1268;2205;1279;1646;19,0.617;0.747;0.751;0.790;0.857,13.0,12.58,14.95,0.42,-2.14
276,Куженерский муниципальный район,Республика Марий Эл,T4,1682;2302;743;1644;774,0.888;1.003;1.123;1.123;1.127,11.72,10.38,14.95,1.34,0.15
277,Мари-Турекский муниципальный район,Республика Марий Эл,T5,503;568;376;1654;771,0.648;0.654;0.658;0.756;0.810,14.7,9.35,14.95,5.35,2.69
278,Медведевский муниципальный район,Республика Марий Эл,T3,1652;375;76;373;42,0.456;0.520;0.554;0.565;0.573,21.66,18.93,14.95,2.73,1.62
279,Моркинский муниципальный район,Республика Марий Эл,T4,1697;568;235;2023;1268,0.890;0.947;0.966;1.056;1.112,10.78,11.28,14.95,-0.5,-2.64
280,Новоторъяльский муниципальный район,Республика Марий Эл,T4,522;743;233;1588;2304,0.771;0.978;0.997;1.048;1.067,15.37,12.9,14.95,2.47,3.81
281,Оршанский муниципальный район,Республика Марий Эл,T4,774;398;1290;2018;752,0.543;0.712;0.752;0.767;0.769,11.57,5.84,14.95,5.74,4.55
282,Параньгинский муниципальный район,Республика Марий Эл,T4,746;1661;1278;503;376,0.731;0.793;0.857;0.883;0.912,15.14,9.35,14.95,5.79,3.13
283,Сернурский муниципальный район,Республика Марий Эл,T4,1193;1265;440;383;1697,0.665;0.704;0.897;0.906;1.005,18.42,11.28,14.95,7.14,4.99
284,Советский муниципальный район,Республика Марий Эл,T4,903;1072;1066;1051;1285,1.246;1.329;1.335;1.394;1.415,12.18,12.57,14.95,-0.39,-2.77
285,Юринский муниципальный район,Республика Марий Эл,T6,1322;1317;699;2054;1348,0.670;0.905;1.042;1.160;1.161,13.37,16.36,14.95,-3.0,-1.8
287,Ардатовский муниципальный район,Республика Мордовия,T6,1849;2088;495;1702;2270,0.609;0.809;0.866;0.926;0.932,11.31,13.51,15.02,-2.2,-4.92
288,Атюрьевский муниципальный район,Республика Мордовия,T6,2258;1044;1027;1870;1412,1.414;1.464;1.474;1.487;1.518,17.98,13.89,15.02,4.09,3.21
289,Атяшевский муниципальный район,Республика Мордовия,T6,1702;1756;495;1747;2259,0.394;0.396;0.655;0.743;0.790,14.46,13.51,15.02,0.95,-1.13
290,Большеберезниковский муниципальный район,Республика Мордовия,T6,2078;1350;1344;1925;1749,0.525;0.874;1.038;1.041;1.163,12.12,11.76,15.02,0.37,-0.81
292,Дубенский муниципальный район,Республика Мордовия,T6,2096;1749;1746;2078;1739,1.176;1.206;1.307;1.313;1.355,13.31,11.58,15.02,1.73,0.45
293,Ельниковский муниципальный район,Республика Мордовия,T6,1016;2090;829;1750;1921,0.522;0.545;0.549;0.609;0.655,13.95,13.15,15.02,0.8,0.22
294,Зубово-Полянский муниципальный район,Республика Мордовия,T6,188;929;1872;1033;1426,0.576;0.776;0.820;0.904;0.923,16.89,13.13,15.02,3.76,3.32
295,Инсарский муниципальный район,Республика Мордовия,T6,1750;1420;2056;1722;1323,0.495;0.527;0.552;0.679;0.705,17.86,12.0,15.02,5.86,7.02
296,Ичалковский муниципальный район,Республика Мордовия,T6,2056;1933;1323;553;1346,0.589;0.617;0.618;0.652;0.667,19.51,13.19,15.02,6.31,3.91
297,Кадошкинский муниципальный район,Республика Мордовия,T6,829;1921;2090;1016;1925,0.574;0.674;0.703;0.816;0.853,16.84,13.06,15.02,3.78,3.91
298,Ковылкинский муниципальный район,Республика Мордовия,T6,1752;1932;1427;2069;1939,0.693;0.695;0.854;0.876;0.898,15.59,14.13,15.02,1.46,1.36
300,Краснослободский муниципальный район,Республика Мордовия,T6,1702;495;2259;1756;1725,0.379;0.457;0.485;0.644;0.646,16.94,13.51,15.02,3.43,1.35
301,Лямбирский муниципальный район,Республика Мордовия,T5,735;443;54;2295;366,0.612;0.717;0.742;0.746;0.803,27.27,18.17,15.02,9.1,11.78
302,Ромодановский муниципальный район,Республика Мордовия,T6,1908;1569;1559;563;1935,0.616;0.758;0.805;0.834;0.845,14.2,13.74,15.02,0.46,0.22
303,Рузаевский муниципальный район,Республика Мордовия,T4,1608;2310;1592;1899;1709,0.484;0.504;0.572;0.626;0.647,15.92,14.59,15.02,1.34,0.62
304,Старошайговский муниципальный район,Республика Мордовия,T6,1750;2267;1921;1918;1902,0.639;0.775;0.787;0.835;0.897,12.69,13.17,15.02,-0.48,-2.33
305,Темниковский муниципальный район,Республика Мордовия,T6,2258;2067;1322;1551;1033,0.475;0.565;0.633;0.640;0.726,12.97,13.18,15.02,-0.21,-0.46
306,Теньгушевский муниципальный район,Республика Мордовия,T6,1044;1412;1870;1743;1761,0.679;0.742;0.761;0.766;0.951,10.34,14.51,15.02,-4.17,-4.43
307,Торбеевский муниципальный район,Республика Мордовия,T6,1223;2081;1417;1419;1856,0.405;0.478;0.488;0.534;0.544,13.56,13.13,15.02,0.43,0.13
308,Чамзинский муниципальный район,Республика Мордовия,T4,2069;1752;1939;1211;1427,0.764;0.784;0.803;0.815;0.847,15.74,14.35,15.02,1.39,0.43
309,городской округ город Якутск,Республика Саха (Якутия),T2,608;1957;612;842;860,1.681;1.995;2.011;2.031;2.097,14.46,12.91,12.71,1.55,1.53
312,Алданский муниципальный район,Республика Саха (Якутия),T2,1962;847;843;1968;224,0.730;0.890;0.895;0.912;1.048,18.37,13.68,12.71,4.69,3.16
314,Амгинский муниципальный район,Республика Саха (Якутия),T2,879;1959;855;1955;580,1.764;2.693;3.181;3.324;3.347,9.5,10.63,12.71,-1.13,-0.59
316,Булунский муниципальный район,Республика Саха (Якутия),T2,619;726;618;718;621,1.639;2.166;2.332;2.751;2.900,11.1,12.94,12.71,-1.84,0.91
317,Верхневилюйский муниципальный район,Республика Саха (Якутия),T2,879;1959;855;1955;1966,1.925;2.967;3.214;3.385;3.724,12.71,7.86,12.71,4.85,2.62
318,Верхнеколымский муниципальный район,Республика Саха (Якутия),T2,848;2345;853;1152;1958,1.832;2.134;2.362;2.512;2.935,10.23,14.45,12.71,-4.22,-3.56
319,Верхоянский муниципальный район,Республика Саха (Якутия),T2,1959;848;1958;1966;614,1.743;2.118;2.156;2.157;2.303,13.56,13.39,12.71,0.18,0.85
320,Вилюйский муниципальный район,Республика Саха (Якутия),T2,1959;879;855;876;1958,1.963;2.115;2.744;2.793;2.839,6.76,13.31,12.71,-6.55,-8.18
321,Горный муниципальный район,Республика Саха (Якутия),T2,788;1172;459;2237;1149,1.621;1.710;1.860;1.910;1.950,5.4,16.01,12.71,-10.61,-8.38
323,Кобяйский муниципальный район,Республика Саха (Якутия),T2,875;848;1958;888;614,1.982;2.022;2.190;2.302;2.480,8.89,13.59,12.71,-4.7,-3.82
324,Нюрбинский муниципальный район,Республика Саха (Якутия),T2,1959;876;871;889;580,1.243;1.491;1.768;2.013;2.022,15.08,11.16,12.71,3.91,4.28
325,Ленский муниципальный район,Республика Саха (Якутия),T2,917;916;2880;678;847,0.776;0.930;1.154;1.219;1.313,18.38,10.1,12.71,8.28,6.83
326,Мегино-Кангаласский муниципальный район,Республика Саха (Якутия),T2,1955;605;788;1967;612,1.936;2.437;2.567;2.642;2.650,10.2,11.41,12.71,-1.22,-1.56
327,Мирнинский муниципальный район,Республика Саха (Якутия),T2,2248;2229;2245;2218;2225,0.744;0.833;0.971;0.978;1.192,15.19,13.55,12.71,1.64,3.87
329,Намский муниципальный район,Республика Саха (Якутия),T2,1955;788;612;605;1967,1.820;2.378;2.426;2.520;2.740,5.99,11.41,12.71,-5.42,-5.77
330,Нерюнгринский муниципальный район,Республика Саха (Якутия),T2,916;678;917;844;582,0.761;0.876;0.999;1.339;1.473,16.91,10.1,12.71,6.81,3.81
331,Нижнеколымский муниципальный район,Республика Саха (Якутия),T2,2345;848;875;1970;1152,3.205;3.262;3.433;3.463;3.498,14.35,13.39,12.71,0.96,1.64
332,Оймяконский муниципальный район,Республика Саха (Якутия),T2,616;614;1962;916;1968,1.063;1.247;1.406;1.511;1.552,16.83,11.87,12.71,4.96,2.01
333,Олекминский муниципальный район,Республика Саха (Якутия),T2,2880;2232;1165;1141;892,0.792;0.864;0.883;0.896;0.934,14.42,13.3,12.71,1.12,2.11
334,Оленекский эвенкийский национальный муниципальный район,Республика Саха (Якутия),T2,615;614;879;1955;875,3.327;3.338;3.694;3.714;3.747,8.56,13.59,12.71,-5.02,-4.15
335,Среднеколымский муниципальный район,Республика Саха (Якутия),T2,848;615;614;2345;1152,2.095;2.640;2.784;2.917;2.990,12.19,13.59,12.71,-1.4,-0.52
336,Сунтарский муниципальный район,Республика Саха (Якутия),T2,855;1967;1955;1959;889,1.211;1.381;1.558;1.734;1.764,13.16,2.8,12.71,10.35,4.3
337,Таттинский муниципальный район,Республика Саха (Якутия),T2,879;1959;855;605;580,1.454;2.600;2.892;2.903;3.144,8.49,11.16,12.71,-2.68,-2.31
338,Томпонский муниципальный район,Республика Саха (Якутия),T2,615;614;1967;855;1955,2.661;2.844;2.948;3.011;3.031,17.9,10.63,12.71,7.27,6.14
339,Усть-Алданский муниципальный район,Республика Саха (Якутия),T2,879;1959;605;580;855,1.572;2.671;2.811;2.995;3.017,8.14,11.16,12.71,-3.03,-2.66
340,Усть-Майский муниципальный район,Республика Саха (Якутия),T2,1959;615;614;879;855,2.167;2.197;2.241;2.262;2.368,13.87,13.59,12.71,0.28,1.15
341,Усть-Янский муниципальный район,Республика Саха (Якутия),T2,1152;618;848;621;2345,2.603;2.973;3.031;3.139;3.170,14.03,13.39,12.71,0.64,2.42
342,Хангаласский муниципальный район,Республика Саха (Якутия),T2,1955;788;1956;2341;1963,1.466;1.480;1.486;1.627;1.640,4.33,3.61,12.71,0.72,-6.57
343,Чурапчинский муниципальный район,Республика Саха (Якутия),T2,879;1959;605;855;580,2.298;3.570;3.901;3.903;3.991,7.45,11.16,12.71,-3.72,-3.35
345,городской округ город Владикавказ,Республика Северная Осетия — Алания,T1,824;167;812;2876;2881,1.163;1.303;1.436;1.452;1.466,16.5,20.16,17.82,-3.66,-2.46
346,Алагирский муниципальный район,Республика Северная Осетия — Алания,T3,194;167;168;196;2,1.803;1.940;2.063;2.111;2.333,15.78,15.23,17.82,0.55,-2.29
347,Ардонский муниципальный район,Республика Северная Осетия — Алания,T5,168;198;169;167;2881,1.218;1.854;2.104;2.129;2.143,15.62,15.71,17.82,-0.09,-2.45
348,Дигорский муниципальный район,Республика Северная Осетия — Алания,T5,168;198;185;169;834,1.294;1.551;2.245;2.287;2.308,17.82,15.23,17.82,2.59,0.25
349,Ирафский муниципальный район,Республика Северная Осетия — Алания,T6,840;198;835;1018;827,1.062;1.442;1.693;1.706;1.808,19.44,13.02,17.82,6.42,7.67
351,Моздокский муниципальный район,Республика Северная Осетия — Алания,T3,811;830;2074;2881;1010,0.520;0.622;0.884;0.989;1.011,17.85,18.68,17.82,-0.82,-1.93
352,Правобережный муниципальный район,Республика Северная Осетия — Алания,T3,2881;196;168;167;811,1.323;1.325;1.374;1.442;1.656,17.97,18.16,17.82,-0.19,-0.94
354,городской округ город Казань,Республика Татарстан,T1,21;727;1597;1134;809,0.678;0.737;0.738;0.783;0.846,16.71,16.19,13.83,0.52,2.13
355,городской округ город Набережные Челны,Республика Татарстан,T3,478;2887;76;1258;727,0.462;0.624;0.652;0.664;0.715,19.89,17.38,13.83,2.5,0.84
356,Агрызский муниципальный район,Республика Татарстан,T4,1633;1302;738;65;22,0.737;0.746;0.830;0.857;0.862,13.67,8.6,13.83,5.07,3.62
357,Азнакаевский муниципальный район,Республика Татарстан,T3,2885;81;2809;421;1995,0.409;0.455;0.558;0.566;0.651,11.94,17.3,13.83,-5.35,-5.42
358,Аксубаевский муниципальный район,Республика Татарстан,T5,36;2305;499;1754;46,0.843;0.847;0.900;0.940;0.948,16.41,12.2,13.83,4.21,6.36
359,Актанышский муниципальный район,Республика Татарстан,T5,486;480;31;421;440,0.679;0.831;0.849;1.006;1.023,11.42,17.45,13.83,-6.03,-7.18
360,Алексеевский муниципальный район,Республика Татарстан,T5,1168;1158;1612;1623;511,0.430;0.738;0.749;0.749;0.758,13.83,15.3,13.83,-1.46,-1.05
361,Алькеевский муниципальный район,Республика Татарстан,T5,36;273;529;499;68,0.544;0.583;0.724;0.803;0.817,10.46,15.25,13.83,-4.79,-4.66
362,Альметьевский муниципальный район,Республика Татарстан,T3,76;478;2887;757;26,0.453;0.594;0.646;0.694;0.717,16.38,17.51,13.83,-1.13,-2.67
363,Апастовский муниципальный район,Республика Татарстан,T5,423;496;434;490;68,0.674;0.964;1.003;1.040;1.119,10.33,14.21,13.83,-3.89,-3.69
364,Арский муниципальный район,Республика Татарстан,T5,47;517;45;499;273,0.809;0.852;0.893;0.905;0.937,15.85,13.05,13.83,2.8,2.81
365,Атнинский муниципальный район,Республика Татарстан,T5,423;496;434;490;425,0.714;0.758;0.818;0.905;0.938,14.03,14.21,13.83,-0.18,0.72
366,Бавлинский муниципальный район,Республика Татарстан,T5,1178;60;1675;1603;1192,0.407;0.578;0.607;0.633;0.717,8.53,16.93,13.83,-8.41,-6.46
367,Балтасинский муниципальный район,Республика Татарстан,T5,37;33;484;45;438,0.414;0.564;0.734;0.757;0.770,12.27,10.98,13.83,1.29,1.3
368,Бугульминский муниципальный район,Республика Татарстан,T3,748;422;3011;1919;2006,0.410;0.461;0.510;0.536;0.569,15.54,20.06,13.83,-4.52,-3.07
369,Буинский муниципальный район,Республика Татарстан,T5,36;45;54;499;31,0.492;0.551;0.657;0.672;0.752,15.56,9.43,13.83,6.13,6.14
370,Верхнеуслонский муниципальный район,Республика Татарстан,T3,1447;1881;1905;667;1403,1.166;1.197;1.236;1.239;1.245,7.26,18.23,13.83,-10.96,-8.86
371,Высокогорский муниципальный район,Республика Татарстан,T3,927;928;8;278;1905,0.851;0.897;1.000;1.103;1.129,25.79,21.66,13.83,4.12,4.17
372,Дрожжановский муниципальный район,Республика Татарстан,T5,2262;273;499;9;36,1.232;1.267;1.321;1.340;1.411,12.78,13.15,13.83,-0.38,-1.06
373,Елабужский муниципальный район,Республика Татарстан,T3,278;76;918;1652;478,0.565;0.642;0.681;0.707;0.714,22.48,18.87,13.83,3.61,3.43
374,Заинский муниципальный район,Республика Татарстан,T3,480;1683;1615;498;599,0.546;0.668;0.687;0.697;0.712,18.62,17.45,13.83,1.17,0.48
375,Зеленодольский муниципальный район,Республика Татарстан,T3,481;278;1881;1600;1764,0.504;0.520;0.609;0.614;0.625,18.93,18.23,13.83,0.7,-0.23
376,Кайбицкий муниципальный район,Республика Татарстан,T5,277;503;2305;771;282,0.658;0.792;0.871;0.903;0.912,9.29,13.91,13.83,-4.63,-1.6
377,Камско-Устьинский муниципальный район,Республика Татарстан,T6,521;2053;544;2152;1543,0.346;0.550;0.554;0.590;0.614,13.35,12.92,13.83,0.43,0.84
378,Кукморский муниципальный район,Республика Татарстан,T5,31;45;273;499;54,0.777;0.810;0.828;0.895;0.950,10.53,9.43,13.83,1.11,1.12
379,Лаишевский муниципальный район,Республика Татарстан,T3,2119;928;7;2063;1402,0.690;0.722;0.847;0.919;0.978,21.23,18.93,13.83,2.3,5.59
380,Лениногорский муниципальный район,Республика Татарстан,T3,422;509;44;1008;1707,0.476;0.477;0.561;0.566;0.584,17.52,17.47,13.83,0.06,-1.08
381,Мамадышский муниципальный район,Республика Татарстан,T5,423;486;487;31;425,0.590;0.649;0.761;0.771;0.814,14.16,12.39,13.83,1.77,0.85
382,Менделеевский муниципальный район,Республика Татарстан,T4,49;1262;1112;1700;1674,0.593;0.613;0.662;0.716;0.719,10.55,13.49,13.83,-2.93,-3.96
383,Мензелинский муниципальный район,Республика Татарстан,T5,480;1675;440;486;1193,0.496;0.497;0.682;0.686;0.704,10.43,16.95,13.83,-6.52,-7.55
384,Муслюмовский муниципальный район,Республика Татарстан,T5,273;487;423;1558;496,0.766;0.826;1.004;1.163;1.178,10.51,14.4,13.83,-3.89,-2.95
385,Нижнекамский муниципальный район,Республика Татарстан,T3,481;478;2887;578;269,0.561;0.575;0.808;0.865;0.872,16.75,17.51,13.83,-0.76,-0.72
386,Новошешминский муниципальный район,Республика Татарстан,T5,1240;1572;1254;1558;9,0.908;0.930;0.974;1.068;1.130,14.09,18.93,13.83,-4.84,-1.9
387,Нурлатский муниципальный район,Республика Татарстан,T5,486;480;685;421;31,0.657;0.687;0.875;0.876;0.892,16.92,17.45,13.83,-0.53,-1.68
388,Пестречинский муниципальный район,Республика Татарстан,T3,928;8;927;2119;10,0.510;0.737;0.827;0.916;1.089,11.47,21.31,13.83,-9.84,-4.75
390,Сабинский муниципальный район,Республика Татарстан,T5,273;487;498;486;31,0.926;0.971;1.186;1.212;1.237,12.06,12.39,13.83,-0.32,-1.86
391,Сармановский муниципальный район,Республика Татарстан,T5,431;1706;501;52;492,0.669;0.679;0.712;0.786;0.806,8.51,12.3,13.83,-3.79,-3.08
392,Спасский муниципальный район,Республика Татарстан,T4,1015;1710;1425;1610;1316,0.491;0.577;0.667;0.701;0.715,18.15,14.02,13.83,4.13,6.13
393,Тетюшский муниципальный район,Республика Татарстан,T5,540;1696;1656;521;1948,0.402;0.618;0.745;0.772;0.778,14.07,13.1,13.83,0.97,0.61
395,Тюлячинский муниципальный район,Республика Татарстан,T5,9;273;47;499;20,1.140;1.378;1.558;1.591;1.641,7.95,15.87,13.83,-7.92,-5.09
396,Черемшанский муниципальный район,Республика Татарстан,T5,487;498;408;1558;486,1.054;1.199;1.339;1.440;1.457,10.35,14.4,13.83,-4.05,-3.58
397,Чистопольский муниципальный район,Республика Татарстан,T3,1615;1906;599;1315;1275,0.429;0.544;0.635;0.635;0.787,18.43,20.14,13.83,-1.71,-0.1
398,Ютазинский муниципальный район,Республика Татарстан,T4,2314;70;755;774;2018,0.449;0.505;0.535;0.598;0.641,5.44,9.6,13.83,-4.16,-0.46
401,Бай-Тайгинский муниципальный район,Республика Тыва,T5,1171;11;15;2136;13,2.586;2.781;3.000;3.026;3.088,14.06,15.66,19.04,-1.6,-3.92
402,Барун-Хемчикский муниципальный район,Республика Тыва,T3,11;1171;13;16;458,1.887;1.935;2.271;2.310;2.546,16.6,17.82,19.04,-1.22,-3.54
403,Дзун-Хемчикский муниципальный район,Республика Тыва,T5,458;20;16;17;13,1.695;2.010;2.085;2.210;2.226,11.34,17.82,19.04,-6.48,-8.79
404,Каа-Хемский муниципальный район,Республика Тыва,T3,6;458;1068;371;14,0.977;1.222;1.314;1.673;1.674,22.39,18.59,19.04,3.8,0.38
405,Кызылский муниципальный район,Республика Тыва,T3,604;11;1171;607;8,1.608;1.728;1.778;1.915;1.941,23.26,12.78,19.04,10.48,4.52
408,Пий-Хемский муниципальный район,Республика Тыва,T5,1558;764;2200;1619;396,0.876;1.114;1.166;1.296;1.339,20.54,14.27,19.04,6.27,1.87
410,Тандинский муниципальный район,Республика Тыва,T3,11;1171;13;16;458,2.160;2.226;2.551;2.644;2.797,24.35,17.82,19.04,6.53,4.21
413,Тоджинский муниципальный район,Республика Тыва,T3,458;2237;6;2136;8,3.124;3.261;3.379;3.630;3.635,17.55,18.12,19.04,-0.57,-2.76
414,Улуг-Хемский муниципальный район,Республика Тыва,T3,371;8;388;10;928,1.340;1.349;1.522;1.523;1.610,16.13,21.31,19.04,-5.19,-5.3
416,Чеди-Хольский муниципальный район,Республика Тыва,T3,458;20;6;16;17,1.155;1.669;1.761;1.836;1.988,31.98,17.87,19.04,14.1,11.79
418,городской округ город Ижевск,Удмуртская Республика,T1,1632;504;2275;727;21,0.421;0.433;0.467;0.476;0.485,18.82,16.83,16.21,1.99,-0.46
419,городской округ город Воткинск,Удмуртская Республика,T3,44;1236;2282;1303;1238,0.590;0.614;0.627;0.629;0.654,17.59,19.85,16.21,-2.26,-0.8
420,городской округ город Глазов,Удмуртская Республика,T3,44;1181;380;481;1234,0.622;0.671;0.762;0.784;0.830,18.85,17.52,16.21,1.33,-1.05
421,городской округ город Можга,Удмуртская Республика,T3,81;357;480;2885;71,0.532;0.566;0.592;0.692;0.712,20.97,16.16,16.21,4.81,2.44
422,городской округ город Сарапул,Удмуртская Республика,T3,1236;368;380;269;481,0.390;0.461;0.476;0.497;0.524,20.98,17.52,16.21,3.46,1.13
423,муниципальный округ Алнашский район,Удмуртская Республика,T5,381;363;365;36;369,0.590;0.674;0.714;0.819;0.847,19.23,14.03,16.21,5.2,2.82
424,муниципальный округ Балезинский район,Удмуртская Республика,T4,501;543;561;559;1261,0.614;0.624;0.767;0.789;0.871,13.11,14.07,16.21,-0.95,-3.71
425,муниципальный округ Вавожский район,Удмуртская Республика,T5,381;536;387;365;41,0.814;0.886;0.935;0.938;0.938,15.68,14.03,16.21,1.65,-0.72
428,муниципальный округ Граховский район,Удмуртская Республика,T6,541;2259;2257;1311;1929,0.677;0.720;0.720;0.792;0.818,18.71,14.95,16.21,3.76,1.93
429,муниципальный округ Дебёсский район,Удмуртская Республика,T5,528;536;496;1897;1195,0.660;0.764;0.894;0.924;0.951,14.11,12.06,16.21,2.05,0.62
430,муниципальный округ Завьяловский район,Удмуртская Республика,T3,362;76;757;507;693,0.744;0.812;0.844;0.938;0.943,22.83,19.41,16.21,3.42,1.05
431,муниципальный округ Игринский район,Удмуртская Республика,T5,501;65;391;2286;756,0.552;0.582;0.669;0.743;0.763,13.54,10.06,16.21,3.48,-0.43
432,муниципальный округ Камбарский район,Удмуртская Республика,T4,482;527;2069;2272;1294,0.808;0.836;0.867;0.914;0.968,14.28,12.96,16.21,1.32,-0.69
433,муниципальный округ Каракулинский район,Удмуртская Республика,T6,761;560;1345;532;519,0.308;0.504;0.550;0.557;0.622,9.53,13.71,16.21,-4.18,-7.48
434,муниципальный округ Кезский район,Удмуртская Республика,T5,496;365;536;381;363,0.793;0.818;0.931;0.992;1.003,14.21,12.8,16.21,1.41,-0.19
435,муниципальный округ Кизнерский район,Удмуртская Республика,T5,539;43;52;32;550,0.600;0.639;0.766;0.881;0.890,16.21,13.6,16.21,2.61,0.24
436,муниципальный округ Киясовский район,Удмуртская Республика,T5,496;363;365;381;533,0.818;1.148;1.172;1.270;1.301,12.83,14.03,16.21,-1.2,-3.57
437,муниципальный округ Красногорский район,Удмуртская Республика,T6,536;528;1606;561;1340,0.760;0.793;0.847;0.859;0.997,17.05,12.8,16.21,4.25,2.25
438,муниципальный округ Малопургинский район,Удмуртская Республика,T5,56;43;1289;484;367,0.656;0.682;0.717;0.738;0.770,17.54,12.27,16.21,5.27,2.31
440,муниципальный округ Сарапульский район,Удмуртская Республика,T3,1262;1193;49;383;1302,0.543;0.661;0.677;0.682;0.714,21.54,12.76,16.21,8.79,6.13
441,муниципальный округ Селтинский район,Удмуртская Республика,T5,560;519;1345;532;761,0.542;0.581;0.639;0.670;0.696,15.78,13.71,16.21,2.07,-1.23
442,муниципальный округ Сюмсинский район,Удмуртская Республика,T5,78;550;539;594;74,0.852;1.145;1.148;1.196;1.205,11.75,14.79,16.21,-3.04,-4.64
443,муниципальный округ Увинский район,Удмуртская Республика,T5,545;1654;756;1625;2295,0.511;0.518;0.615;0.623;0.708,20.73,14.97,16.21,5.76,4.16
444,муниципальный округ Шарканский район,Удмуртская Республика,T5,737;1625;758;568;381,0.767;0.783;0.784;0.817;0.828,12.23,13.97,16.21,-1.74,-3.78
445,муниципальный округ Юкаменский район,Удмуртская Республика,T6,542;561;1606;1341;548,0.300;1.002;1.127;1.212;1.244,16.93,14.43,16.21,2.5,0.54
446,муниципальный округ Якшур-Бодьинский район,Удмуртская Республика,T5,539;550;43;560;52,0.384;0.656;0.685;0.826;0.852,15.56,13.6,16.21,1.96,-0.41
447,муниципальный округ Ярский район,Удмуртская Республика,T6,1606;542;2057;561;536,0.663;0.866;1.018;1.124;1.138,11.22,14.43,16.21,-3.21,-3.59
448,городской округ город Абакан,Республика Хакасия,T3,2312;1600;1117;2033;1783,0.645;0.656;0.664;0.676;0.736,15.03,19.58,15.01,-4.55,-6.08
449,городской округ город Абаза,Республика Хакасия,T5,2204;2187;1310;1052;705,0.599;0.721;0.737;0.780;0.789,14.56,15.12,15.01,-0.56,0.21
450,городской округ город Саяногорск,Республика Хакасия,T3,1161;905;689;677;1232,0.540;0.593;0.633;0.643;0.644,10.85,14.94,15.01,-4.09,-3.88
451,городской округ город Сорск,Республика Хакасия,T4,1203;913;2120;1221;2183,0.534;0.764;0.801;0.822;0.840,20.48,13.66,15.01,6.82,6.71
452,городской округ город Черногорск,Республика Хакасия,T3,1226;510;1315;1985;1995,0.413;0.551;0.581;0.613;0.627,15.07,17.92,15.01,-2.85,-2.86
453,Алтайский муниципальный район,Республика Хакасия,T5,515;2203;1170;1142;272,0.579;0.611;0.734;0.763;0.860,10.96,16.42,15.01,-5.46,-6.36
455,Бейский муниципальный район,Республика Хакасия,T5,1170;1139;515;2208;1149,0.645;0.880;0.917;0.919;0.992,14.99,15.25,15.01,-0.25,-1.02
456,Боградский муниципальный район,Республика Хакасия,T5,2198;1064;1657;1647;2150,0.678;0.739;0.754;0.763;0.764,9.84,13.11,15.01,-3.27,-4.91
457,Орджоникидзевский муниципальный район,Республика Хакасия,T5,1544;1067;2150;710;1602,0.640;0.743;0.746;0.750;0.777,14.14,15.58,15.01,-1.43,-0.98
458,Таштыпский муниципальный район,Республика Хакасия,T3,20;14;1240;6;1623,0.860;0.951;1.071;1.098;1.133,18.12,18.59,15.01,-0.47,1.85
459,Усть-Абаканский муниципальный район,Республика Хакасия,T3,515;55;1142;2203;1071,0.829;0.872;0.938;0.976;1.003,18.19,16.42,15.01,1.77,0.58
460,Ширинский муниципальный район,Республика Хакасия,T5,2201;1059;2208;2206;535,0.753;0.808;0.905;0.929;0.964,16.25,13.5,15.01,2.75,0.86
478,городской округ город Чебоксары,Чувашская Республика,T3,2887;355;385;362;918,0.420;0.462;0.575;0.594;0.613,17.51,17.09,12.3,0.42,1.97
479,городской округ город Алатырь,Чувашская Республика,T6,1702;1918;1028;300;289,0.737;0.842;0.907;0.912;0.922,15.67,14.46,12.3,1.21,3.94
480,городской округ город Канаш,Чувашская Республика,T3,383;374;421;387;1675,0.496;0.546;0.592;0.687;0.806,17.45,16.95,12.3,0.5,1.0
481,городской округ город Новочебоксарск,Чувашская Республика,T3,375;422;385;269;578,0.504;0.524;0.561;0.577;0.608,17.62,18.59,12.3,-0.97,1.69
482,городской округ город Шумерля,Чувашская Республика,T4,432;1694;1026;1934;1550,0.808;0.931;0.954;1.039;1.088,10.94,9.91,12.3,1.03,1.54
484,Аликовский муниципальный округ,Чувашская Республика,T5,367;438;56;365;37,0.734;0.738;0.944;0.956;0.999,7.78,13.33,12.3,-5.55,-4.01
485,Батыревский муниципальный округ,Чувашская Республика,T5,369;378;367;364;423,0.976;1.062;1.064;1.077;1.121,14.16,15.56,12.3,-1.4,0.14
486,Вурнарский муниципальный округ,Чувашская Республика,T5,381;387;1703;359;383,0.649;0.657;0.666;0.679;0.686,12.39,12.67,12.3,-0.28,0.23
487,Ибресинский муниципальный округ,Чувашская Республика,T5,1893;381;384;423;387,0.701;0.761;0.826;0.869;0.911,3.17,16.92,12.3,-13.75,-10.71
489,Козловский муниципальный округ,Чувашская Республика,T4,2315;1948;1557;1646;1656,0.520;0.629;0.633;0.646;0.659,10.93,12.62,12.3,-1.69,-1.0
490,Комсомольский муниципальный округ,Чувашская Республика,T5,367;423;365;369;41,0.843;0.893;0.905;0.914;0.986,12.48,14.03,12.3,-1.55,-0.01
491,Красноармейский муниципальный округ,Чувашская Республика,T5,69;72;34;80;78,1.032;1.150;1.151;1.264;1.657,12.03,7.11,12.3,4.91,6.46
492,Красночетайский муниципальный округ,Чувашская Республика,T5,391;1706;365;387;2274,0.806;0.977;1.160;1.211;1.239,12.3,14.03,12.3,-1.73,-0.2
493,Мариинско-Посадский муниципальный округ,Чувашская Республика,T4,1301;432;528;538;1728,0.956;1.201;1.210;1.260;1.312,7.09,12.61,12.3,-5.51,-3.2
494,Моргаушский муниципальный округ,Чувашская Республика,T4,1302;440;359;283;356,1.073;1.109;1.184;1.303;1.307,13.39,13.67,12.3,-0.28,1.25
495,Порецкий муниципальный округ,Чувашская Республика,T6,300;1908;289;1849;2259,0.457;0.559;0.655;0.663;0.713,13.51,15.97,12.3,-2.46,0.64
496,Урмарский муниципальный округ,Чувашская Республика,T6,365;434;436;423;429,0.758;0.793;0.818;0.884;0.894,9.58,14.11,12.3,-4.53,-0.72
497,Цивильский муниципальный округ,Чувашская Республика,T4,1294;2069;527;1265;543,0.523;0.728;0.767;0.772;0.773,17.92,14.35,12.3,3.57,5.8
498,Чебоксарский муниципальный округ,Чувашская Республика,T3,374;421;397;383;1615,0.697;0.859;0.864;0.889;0.959,24.19,18.62,12.3,5.57,7.29
499,Шемуршинский муниципальный округ,Чувашская Республика,T5,369;361;54;36;273,0.672;0.803;0.815;0.847;0.888,7.61,15.56,12.3,-7.95,-6.28
501,Ядринский муниципальный округ,Чувашская Республика,T4,431;424;391;65;543,0.552;0.614;0.712;0.725;0.798,10.06,13.11,12.3,-3.06,0.86
502,Яльчикский муниципальный округ,Чувашская Республика,T6,363;1351;365;436;423,1.204;1.738;1.772;1.793;1.804,4.72,14.03,12.3,-9.32,-7.78
503,Янтиковский муниципальный округ,Чувашская Республика,T5,277;376;282;58;568,0.648;0.792;0.883;0.993;1.200,9.35,13.97,12.3,-4.62,-2.31
504,городской округ город Барнаул,Алтайский край,T3,2275;1665;418;727;2161,0.210;0.412;0.433;0.439;0.450,17.83,18.52,14.61,-0.69,0.15
505,городской округ город Алейск,Алтайский край,T3,1603;1675;1235;1131;2034,0.341;0.494;0.501;0.514;0.526,17.92,17.69,14.61,0.23,1.45
506,городской округ город Белокуриха,Алтайский край,T3,3005;989;1525;1599;1526,0.511;0.530;0.550;0.740;0.809,13.39,17.98,14.61,-4.59,-4.35
507,городской округ город Бийск,Алтайский край,T3,757;693;1243;686;1230,0.588;0.662;0.679;0.692;0.721,21.31,19.43,14.61,1.88,3.38
508,городской округ город Заринск,Алтайский край,T3,1334;1179;731;1181;741,0.512;0.607;0.667;0.786;0.808,18.89,15.71,14.61,3.19,3.42
509,городской округ город Новоалтайск,Алтайский край,T3,1333;1140;3011;44;763,0.386;0.393;0.425;0.463;0.470,17.3,21.94,14.61,-4.63,-2.68
510,городской округ город Рубцовск,Алтайский край,T3,686;452;1054;1995;55,0.488;0.551;0.596;0.639;0.651,17.28,16.34,14.61,0.94,0.17
511,муниципальный округ город Славгород,Алтайский край,T3,1659;1109;1163;1158;1131,0.338;0.474;0.483;0.552;0.560,21.01,16.76,14.61,4.25,3.93
512,городской округ город Яровое,Алтайский край,T4,2155;723;769;2028;1533,0.512;0.728;0.740;0.759;0.791,15.8,14.77,14.61,1.03,1.71
515,Алтайский муниципальный район,Алтайский край,T5,1170;453;2203;459;1174,0.546;0.579;0.789;0.829;0.873,17.21,10.96,14.61,6.25,6.65
516,Баевский муниципальный район,Алтайский край,T6,1313;1741;2049;1724;2256,0.692;0.776;0.852;0.881;0.924,14.35,12.96,14.61,1.38,-0.07
517,Бийский муниципальный район,Алтайский край,T5,46;45;364;1174;47,0.765;0.824;0.852;0.857;0.889,24.6,9.7,14.61,14.9,14.41
518,Благовещенский муниципальный район,Алтайский край,T5,1557;1611;2042;2036;1948,0.454;0.493;0.562;0.590;0.612,16.15,13.9,14.61,2.25,1.91
519,Бурлинский муниципальный район,Алтайский край,T6,1358;441;433;1296;1345,0.527;0.581;0.622;0.629;0.682,13.34,13.42,14.61,-0.09,-0.85
520,Быстроистокский муниципальный район,Алтайский край,T6,1691;1918;2096;296;1561,0.704;0.843;0.882;0.951;1.016,16.5,14.06,14.61,2.43,2.51
521,Волчихинский муниципальный район,Алтайский край,T5,377;1292;1646;1012;1628,0.346;0.578;0.706;0.713;0.720,12.92,13.35,14.61,-0.43,-1.82
522,Егорьевский муниципальный район,Алтайский край,T4,280;1655;743;281;2154,0.771;0.970;1.065;1.187;1.188,18.08,12.08,14.61,6.01,4.76
523,Ельцовский муниципальный район,Алтайский край,T5,929;683;1909;1727;2093,0.760;0.832;0.874;0.954;0.972,24.38,12.32,14.61,12.06,12.12
524,Завьяловский муниципальный район,Алтайский край,T5,32;1661;1630;1654;2317,0.451;0.501;0.559;0.706;0.740,14.03,14.81,14.61,-0.77,-1.11
525,Залесовский муниципальный округ,Алтайский край,T6,1355;1271;1640;2260;2159,0.306;0.701;0.794;0.855;0.877,4.47,13.51,14.61,-9.04,-11.27
527,Змеиногорский муниципальный район,Алтайский край,T4,2272;1294;2287;497;432,0.680;0.722;0.742;0.767;0.836,14.44,14.28,14.61,0.16,-0.39
528,Калманский муниципальный район,Алтайский край,T4,429;437;1266;2274;497,0.660;0.793;0.945;1.107;1.117,12.69,16.1,14.61,-3.4,-2.76
529,Каменский муниципальный район,Алтайский край,T5,36;1246;361;369;441,0.547;0.576;0.724;0.792;0.809,15.9,15.56,14.61,0.34,1.72
530,Ключевский муниципальный район,Алтайский край,T5,1697;1948;274;1656;70,0.297;0.424;0.452;0.503;0.557,15.09,11.28,14.61,3.8,2.0
531,Косихинский муниципальный район,Алтайский край,T4,1730;1280;2292;1298;2307,0.721;0.727;0.731;0.741;0.820,14.04,12.06,14.61,1.99,-0.57
532,Красногорский муниципальный район,Алтайский край,T6,761;433;441;1345;758,0.398;0.557;0.670;0.788;0.930,15.84,13.42,14.61,2.41,1.65
533,Краснощёковский муниципальный район,Алтайский край,T6,1909;1727;428;1327;683,0.805;0.943;0.958;0.988;0.995,15.52,13.58,14.61,1.94,3.26
534,Крутихинский муниципальный район,Алтайский край,T5,717;1647;711;1651;753,0.745;0.894;0.917;0.922;1.120,9.35,11.29,14.61,-1.94,-4.16
535,Кулундинский муниципальный район,Алтайский край,T5,1249;1630;1256;591;1137,0.571;0.611;0.660;0.671;0.688,14.99,15.79,14.61,-0.79,0.43
536,Курьинский муниципальный район,Алтайский край,T6,1195;1897;1606;437;429,0.327;0.670;0.757;0.760;0.764,12.8,14.11,14.61,-1.3,0.29
537,Кытмановский муниципальный район,Алтайский край,T5,1651;1647;770;753;717,0.578;0.659;0.685;0.825;0.897,6.72,9.79,14.61,-3.06,-3.91
538,Локтевский муниципальный район,Алтайский край,T4,999;1950;2315;1947;1301,0.404;0.574;0.639;0.694;0.716,12.61,12.62,14.61,-0.01,1.54
539,Мамонтовский муниципальный район,Алтайский край,T6,446;435;1351;438;1691,0.384;0.600;0.834;0.903;0.908,11.71,16.21,14.61,-4.5,-2.9
540,Михайловский муниципальный район,Алтайский край,T5,393;1656;1356;1948;1628,0.402;0.505;0.569;0.623;0.643,15.98,13.71,14.61,2.27,1.13
541,Новичихинский муниципальный район,Алтайский край,T6,1345;2257;1614;1346;2127,0.448;0.538;0.584;0.628;0.646,14.95,15.93,14.61,-0.98,-0.46
542,Зональный муниципальный район,Алтайский край,T4,445;447;437;1606;493,0.300;0.866;1.081;1.363;1.385,23.95,14.43,14.61,9.52,10.74
543,Павловский муниципальный район,Алтайский край,T4,1262;424;737;1904;1241,0.580;0.624;0.698;0.714;0.765,15.27,13.72,14.61,1.55,0.7
544,Панкрушихинский муниципальный район,Алтайский край,T6,377;1689;1421;1646;1637,0.554;0.667;0.678;0.706;0.723,15.06,13.0,14.61,2.06,0.26
545,Первомайский муниципальный район,Алтайский край,T4,1654;443;1656;274;1625,0.415;0.511;0.513;0.579;0.601,14.97,15.3,14.61,-0.33,0.01
546,Петропавловский муниципальный район,Алтайский край,T5,712;690;711;1343;1648,0.981;1.602;1.606;1.638;1.677,8.12,14.76,14.61,-6.64,-6.12
547,Поспелихинский муниципальный район,Алтайский край,T6,1195;1897;1941;1944;1035,0.561;0.576;0.641;0.650;0.653,13.17,13.22,14.61,-0.05,-0.3
548,Ребрихинский муниципальный район,Алтайский край,T4,2307;1341;1690;1298;3012,0.456;0.700;0.814;0.836;0.839,13.07,12.8,14.61,0.27,-0.84
549,Родинский муниципальный район,Алтайский край,T6,1640;1335;1892;1346;1355,0.834;0.903;0.950;1.003;1.017,12.17,13.51,14.61,-1.35,-3.57
550,Романовский муниципальный район,Алтайский край,T5,446;1351;1691;2043;435,0.656;0.676;0.793;0.888;0.890,14.79,16.21,14.61,-1.42,0.18
552,Смоленский муниципальный район,Алтайский край,T5,1730;1693;1278;2317;1298,0.500;0.587;0.751;0.757;0.792,10.64,11.87,14.61,-1.23,-3.97
553,муниципальный округ Суетский район,Алтайский край,T6,1344;296;2056;295;1323,0.593;0.652;0.736;0.764;0.857,17.71,12.81,14.61,4.91,3.84
554,Советский муниципальный район,Алтайский край,T5,1661;1630;2317;32;1356,0.477;0.523;0.602;0.618;0.622,27.48,14.81,14.61,12.68,12.35
555,Солонешенский муниципальный район,Алтайский край,T6,1891;1548;926;1038;1642,0.682;0.688;0.722;0.749;0.761,10.26,12.8,14.61,-2.54,-2.79
556,Солтонский муниципальный район,Алтайский край,T6,1324;1339;1352;1336;690,2.137;2.384;2.393;2.482;2.661,16.72,12.45,14.61,4.27,2.8
557,Шелаболихинский муниципальный район,Алтайский край,T6,1269;1271;1355;1291;1273,0.536;0.618;0.849;0.911;0.919,11.38,13.62,14.61,-2.23,-4.42
558,Табунский муниципальный район,Алтайский край,T6,1647;2197;2201;698;1635,0.693;0.888;1.021;1.149;1.160,14.61,14.26,14.61,0.35,1.09
559,Тальменский муниципальный район,Алтайский край,T4,1904;1262;274;1948;1241,0.551;0.618;0.668;0.674;0.683,14.07,14.43,14.61,-0.36,-0.89
560,Тогульский муниципальный район,Алтайский край,T6,433;441;1345;761;2043,0.504;0.542;0.625;0.743;0.794,13.71,15.78,14.61,-2.07,-1.7
561,Топчихинский муниципальный район,Алтайский край,T4,1341;424;1195;437;391,0.670;0.767;0.775;0.859;0.875,15.22,12.8,14.61,2.43,3.71
562,Третьяковский муниципальный район,Алтайский край,T6,1416;2255;1340;2259;1614,0.390;0.420;0.552;0.552;0.571,13.92,12.47,14.61,1.44,-0.02
563,Троицкий муниципальный район,Алтайский край,T6,1908;1918;1902;495;2094,0.481;0.676;0.684;0.732;0.755,10.25,13.51,14.61,-3.26,-4.4
564,Тюменцевский муниципальный район,Алтайский край,T5,1296;1358;1637;760;1642,0.455;0.597;0.666;0.700;0.723,14.08,11.62,14.61,2.46,0.24
565,Угловский муниципальный район,Алтайский край,T6,1550;833;1416;1944;1537,0.589;0.708;0.801;0.829;0.871,14.88,13.85,14.61,1.03,1.13
566,Усть-Калманский муниципальный район,Алтайский край,T6,1355;1271;296;1346;1918,0.516;0.628;0.701;0.702;0.730,12.87,13.62,14.61,-0.74,-2.93
567,Усть-Пристанский муниципальный район,Алтайский край,T6,1269;2022;1299;761;1311,0.562;0.861;0.901;0.903;0.954,12.7,10.65,14.61,2.05,-1.06
568,Хабарский муниципальный район,Алтайский край,T5,1654;1625;1687;1630;277,0.364;0.575;0.575;0.608;0.654,13.97,14.7,14.61,-0.73,-0.45
569,Целинный муниципальный район,Алтайский край,T6,1892;1346;1561;1349;296,0.561;0.682;0.852;0.890;0.957,14.36,13.19,14.61,1.17,0.37
570,муниципальный округ Чарышский район,Алтайский край,T6,2050;1910;2152;924;2162,0.530;0.689;0.702;0.729;0.732,12.54,13.77,14.61,-1.24,-2.08
571,Шипуновский муниципальный район,Алтайский край,T5,760;1358;2159;1681;2043,0.445;0.532;0.544;0.575;0.619,11.5,13.63,14.61,-2.13,-3.94
572,Немецкий национальный муниципальный район,Алтайский край,T6,2059;2139;1769;2618;2050,0.591;0.618;0.631;0.636;0.693,15.42,15.42,14.61,-0.01,1.74
574,городской округ город Петровск-Забайкальский,Забайкальский край,T5,2012;2036;2028;2300;1533,0.543;0.640;0.648;0.654;0.664,15.07,13.9,13.08,1.17,3.09
578,Балейский муниципальный район,Забайкальский край,T5,481;918;820;2252;1707,0.608;0.646;0.716;0.737;0.743,12.84,18.06,13.08,-5.22,-5.34
579,Борзинский муниципальный район,Забайкальский край,T3,2024;1333;2809;1995;1191,0.580;0.621;0.717;0.854;0.855,17.42,18.05,13.08,-0.63,0.81
580,Газимуро-Заводский муниципальный округ,Забайкальский край,T1,876;324;1959;882;1662,1.733;2.022;2.067;2.292;2.367,11.16,13.31,13.08,-2.15,-4.15
581,Забайкальский муниципальный район,Забайкальский край,T3,2192;2620;55;1230;693,0.642;0.695;0.732;0.750;0.764,13.32,16.46,13.08,-3.14,-2.15
582,Каларский муниципальный округ,Забайкальский край,T2,875;330;916;778;843,1.420;1.473;1.483;1.499;1.505,15.52,12.77,13.08,2.75,2.44
583,Калганский муниципальный округ,Забайкальский край,T5,1282;796;1297;882;880,2.653;3.288;3.570;3.631;3.711,18.22,11.3,13.08,6.92,5.09
584,Карымский муниципальный район,Забайкальский край,T3,1181;1197;881;1187;44,0.492;0.638;0.712;0.722;0.732,10.87,15.71,13.08,-4.84,-2.65
585,муниципальный район Город Краснокаменск и Краснокаменский район,Забайкальский край,T4,2148;1154;1973;2335;1180,0.921;0.929;0.995;1.027;1.108,16.93,17.45,13.08,-0.52,-0.24
586,Красночикойский муниципальный район,Забайкальский край,T5,45;517;40;31;48,0.853;0.992;1.124;1.210;1.227,12.7,9.43,13.08,3.28,4.04
587,Кыринский муниципальный район,Забайкальский край,T5,791;39;67;871;711,2.247;2.272;2.292;2.369;2.403,12.16,14.57,13.08,-2.41,-2.25
588,Могочинский муниципальный округ,Забайкальский край,T2,873;878;807;886;799,0.569;0.668;0.832;0.868;0.960,13.2,12.29,13.08,0.91,-0.63
589,Нерчинский муниципальный район,Забайкальский край,T5,2202;50;800;790;871,1.161;1.273;1.344;1.379;1.439,14.9,12.4,13.08,2.5,3.26
591,Оловяннинский муниципальный район,Забайкальский край,T5,243;725;535;2030;2212,0.602;0.625;0.671;0.678;0.694,13.16,13.37,13.08,-0.21,1.7
592,Ононский муниципальный округ,Забайкальский край,T5,63;1155;791;67;39,1.506;1.952;2.018;2.064;2.069,11.46,13.28,13.08,-1.82,-1.05
593,Петровск-Забайкальский муниципальный район,Забайкальский край,T5,46;48;517;790;1174,0.758;0.878;0.924;1.057;1.071,15.37,9.12,13.08,6.25,7.01
594,Приаргунский муниципальный округ,Забайкальский край,T5,790;2017;802;787;779,0.773;0.895;0.908;1.024;1.029,17.09,12.48,13.08,4.61,6.54
595,Сретенский муниципальный район,Забайкальский край,T5,790;770;2017;2305;2201,0.945;0.960;1.025;1.043;1.081,11.54,13.64,13.08,-2.11,2.24
598,Улётовский муниципальный район,Забайкальский край,T5,1173;517;1246;1274;361,1.015;1.051;1.074;1.088;1.099,12.2,10.61,13.08,1.59,0.01
599,Хилокский муниципальный район,Забайкальский край,T3,1615;397;2021;1619;1675,0.541;0.635;0.658;0.700;0.702,12.91,16.95,13.08,-4.04,-4.32
600,Чернышевский муниципальный район,Забайкальский край,T5,797;870;803;2202;885,1.119;1.145;1.163;1.316;1.369,14.05,11.08,13.08,2.96,1.64
601,Читинский муниципальный район,Забайкальский край,T3,1175;1071;40;81;55,0.876;0.913;0.942;0.979;0.995,14.91,16.34,13.08,-1.43,-1.14
602,Шелопугинский муниципальный район,Забайкальский край,T5,1282;796;1297;556;882,2.507;3.239;3.510;3.770;3.873,16.3,11.55,13.08,4.75,3.0
603,Шилкинский муниципальный район,Забайкальский край,T5,2030;725;2034;744;806,0.393;0.415;0.676;0.708;0.730,13.01,13.37,13.08,-0.36,1.55
604,городской округ поселок Агинское,Забайкальский край,T3,430;30;35;405;1175,1.498;1.561;1.567;1.608;1.749,12.78,11.44,13.08,1.34,2.1
605,Агинский муниципальный район,Забайкальский край,T3,30;871;336;876;50,1.756;1.990;2.054;2.066;2.184,11.41,13.16,13.08,-1.74,-2.11
606,Дульдургинский муниципальный район,Забайкальский край,T5,47;517;48;46;364,1.629;1.984;2.216;2.305;2.309,11.87,13.05,13.08,-1.18,-0.42
607,Могойтуйский муниципальный район,Забайкальский край,T5,47;517;30;364;1175,1.570;1.672;1.779;1.796;1.812,12.32,13.05,13.08,-0.73,0.03
608,городской округ Петропавловск-Камчатский,Камчатский край,T1,2238;1957;1961;843;2226,1.302;1.461;1.511;1.620;1.666,11.44,12.7,13.59,-1.25,-4.34
612,Елизовский муниципальный район,Камчатский край,T1,2238;1961;1955;1957;2226,1.283;1.429;1.457;1.552;1.803,12.91,11.41,13.59,1.5,-1.1
613,Мильковский муниципальный округ,Камчатский край,T2,846;2872;2230;2341;333,1.258;1.270;1.316;1.321;1.398,12.63,15.77,13.59,-3.14,-2.17
614,Соболевский муниципальный район,Камчатский край,T2,332;1962;1969;917;1963,1.247;1.593;1.623;1.683;1.736,13.59,9.24,13.59,4.35,-1.16
615,Усть-Большерецкий муниципальный район,Камчатский край,T2,332;2249;917;2341;888,1.821;1.951;2.035;2.085;2.088,14.98,14.15,13.59,0.83,0.23
616,Усть-Камчатский муниципальный район,Камчатский край,T2,1962;332;1969;1968;1963,0.945;1.063;1.124;1.222;1.244,15.69,9.24,13.59,6.46,-1.7
618,Карагинский муниципальный район,Камчатский край,T2,316;718;1152;726;2244,2.332;2.492;2.544;2.728;2.801,8.77,11.1,13.59,-2.33,-2.65
619,Олюторский муниципальный район,Камчатский край,T2,316;718;1970;726;2244,1.639;2.228;2.557;2.790;2.843,15.8,11.1,13.59,4.7,4.37
621,Тигильский муниципальный район,Камчатский край,T2,718;316;2244;341;1438,2.392;2.900;3.117;3.139;3.245,18.44,11.1,13.59,7.34,6.47
666,городской округ город Красноярск,Красноярский край,T1,1134;2190;727;2161;2275,0.306;0.419;0.524;0.534;0.643,16.0,16.83,15.46,-0.83,-0.91
667,городской округ город Ачинск,Красноярский край,T3,1141;2006;2620;218;892,0.534;0.637;0.670;0.698;0.723,15.5,16.15,15.46,-0.66,-2.35
668,городской округ город Боготол,Красноярский край,T4,1004;915;2028;1530;1244,0.347;0.433;0.450;0.489;0.528,14.67,11.91,15.46,2.76,1.69
669,городской округ город Бородино,Красноярский край,T4,1975;1973;1658;512;1624,0.774;0.834;0.867;0.889;0.917,14.74,14.52,15.46,0.21,-0.09
670,городской округ город Дивногорск,Красноярский край,T3,1990;1110;2001;741;2005,0.535;0.553;0.560;0.647;0.667,19.04,16.62,15.46,2.43,1.96
671,городской округ город Енисейск,Красноярский край,T4,1151;1138;450;2155;2012,0.502;0.522;0.844;0.977;0.999,11.92,12.41,15.46,-0.49,-1.7
674,городской округ город Канск,Красноярский край,T3,2006;2620;2032;1141;1993,0.601;0.658;0.721;0.737;0.740,18.55,16.15,15.46,2.39,0.7
675,городской округ город Лесосибирск,Красноярский край,T3,1407;450;2002;1988;1138,0.730;0.742;0.751;0.785;0.804,16.91,12.41,15.46,4.51,3.29
676,городской округ город Минусинск,Красноярский край,T3,1599;1230;1668;989;1333,0.447;0.467;0.505;0.564;0.579,20.81,19.34,15.46,1.47,1.47
677,городской округ город Назарово,Красноярский край,T3,2034;905;2041;1160;450,0.463;0.517;0.550;0.590;0.643,22.08,12.77,15.46,9.31,8.85
678,городской округ город Норильск,Красноярский край,T2,330;916;1430;325;2880,0.876;0.890;1.207;1.219;1.323,8.44,11.1,15.46,-2.66,-7.03
679,городской округ город Сосновоборск,Красноярский край,T3,1229;1986;1140;1238;2282,0.442;0.500;0.504;0.511;0.515,19.15,18.0,15.46,1.15,1.5
680,городской округ город Шарыпово,Красноярский край,T3,2002;1978;2011;1160;1232,0.375;0.473;0.484;0.582;0.609,17.67,14.94,15.46,2.73,2.21
683,Абанский муниципальный район,Красноярский край,T6,2093;1014;2072;1909;1242,0.681;0.721;0.760;0.782;0.801,10.46,14.19,15.46,-3.72,-4.64
685,Балахтинский муниципальный район,Красноярский край,T3,1225;1719;3007;1740;1532,0.756;0.759;0.773;0.777;0.778,24.74,14.14,15.46,10.6,11.3
686,Березовский муниципальный район,Красноярский край,T3,1230;510;1243;1333;1599,0.374;0.488;0.492;0.511;0.556,22.2,19.71,15.46,2.49,3.41
687,Бирилюсский муниципальный район,Красноярский край,T6,293;1564;1016;1678;297,0.743;0.807;0.821;0.825;0.903,16.09,13.95,15.46,2.14,1.7
689,Богучанский муниципальный район,Красноярский край,T4,450;1449;905;222;1161,0.633;0.636;0.797;0.837;0.937,15.18,13.61,15.46,1.57,0.43
690,Большемуртинский муниципальный район,Красноярский край,T5,1343;1357;1324;1640;1300,0.911;1.007;1.101;1.140;1.302,14.76,13.51,15.46,1.25,-1.83
691,Большеулуйский муниципальный район,Красноярский край,T4,1204;1660;2213;1024;2150,0.619;0.740;0.789;0.797;0.821,2.09,13.28,15.46,-11.19,-12.29
692,Дзержинский муниципальный район,Красноярский край,T6,1573;1689;1251;760;1887,0.751;0.751;0.755;0.761;0.824,12.26,15.68,15.46,-3.41,-3.39
693,Емельяновский муниципальный район,Красноярский край,T3,507;581;10;757;12,0.662;0.764;0.768;0.792;0.823,16.46,19.43,15.46,-2.97,-3.16
694,Енисейский муниципальный район,Красноярский край,T4,1975;239;512;2304;208,0.931;0.956;0.982;1.021;1.043,10.23,12.9,15.46,-2.67,-2.89
695,Ермаковский муниципальный район,Красноярский край,T5,2196;1544;1421;1256;1587,0.606;0.666;0.703;0.723;0.760,16.4,13.6,15.46,2.8,1.05
696,Идринский муниципальный район,Красноярский край,T5,1635;1274;1335;569;1173,0.648;0.795;1.098;1.161;1.187,13.26,10.93,15.46,2.33,-1.31
697,Иланский муниципальный район,Красноярский край,T4,1285;219;1066;1770;2334,0.502;0.580;0.589;0.688;0.701,11.69,12.57,15.46,-0.89,-3.78
698,Ирбейский муниципальный район,Красноярский край,T5,558;534;1647;1166;1144,1.149;1.244;1.294;1.334;1.381,14.26,11.76,15.46,2.5,-0.11
699,Казачинский муниципальный район,Красноярский край,T6,1320;2127;2067;1551;1724,0.583;0.784;0.791;0.795;0.838,15.68,13.18,15.46,2.49,1.8
701,Каратузский муниципальный район,Красноярский край,T5,1602;1607;2207;1064;1891,0.776;0.804;0.838;0.896;0.935,17.27,9.87,15.46,7.41,7.48
702,Кежемский муниципальный район,Красноярский край,T4,208;1975;1151;998;1157,1.289;1.292;1.349;1.532;1.551,15.58,14.12,15.46,1.46,0.24
703,Козульский муниципальный район,Красноярский край,T6,1663;769;1901;1664;2157,0.655;0.667;0.671;0.708;0.787,13.36,13.22,15.46,0.14,-2.94
704,Краснотуранский муниципальный район,Красноярский край,T5,1357;749;1651;1300;770,0.440;0.829;0.869;0.895;0.940,15.24,11.55,15.46,3.69,-0.27
705,Курагинский муниципальный район,Красноярский край,T5,2196;1544;2204;1166;2206,0.680;0.737;0.741;0.752;0.768,16.53,11.38,15.46,5.15,3.06
706,Манский муниципальный район,Красноярский край,T6,1896;1614;1547;2257;2067,0.361;0.442;0.452;0.480;0.523,15.69,15.93,15.46,-0.25,0.12
708,Мотыгинский муниципальный район,Красноярский край,T4,870;801;791;803;871,0.884;1.059;1.237;1.388;1.437,22.2,16.38,15.46,5.82,3.25
710,Нижнеингашский муниципальный район,Красноярский край,T6,2618;900;1067;457;1587,0.394;0.651;0.748;0.750;0.767,15.58,13.5,15.46,2.08,1.09
711,Новоселовский муниципальный район,Красноярский край,T5,534;742;1357;1651;1257,0.917;1.201;1.211;1.217;1.312,16.79,11.9,15.46,4.89,3.19
712,Партизанский муниципальный район,Красноярский край,T5,546;534;1343;1024;1648,0.981;1.135;1.424;1.500;1.520,15.46,9.35,15.46,6.11,3.09
713,Пировский муниципальный округ,Красноярский край,T6,2254;1784;2197;1605;1325,0.980;0.985;1.044;1.110;1.114,12.85,15.28,15.46,-2.44,-2.89
714,Рыбинский муниципальный район,Красноярский край,T5,220;1604;1638;2041;1167,0.554;0.651;0.693;0.697;0.703,13.06,13.41,15.46,-0.35,-2.5
715,Саянский муниципальный район,Красноярский край,T6,1204;1901;1774;2046;1903,0.309;0.422;0.568;0.576;0.773,14.0,12.13,15.46,1.87,1.51
716,Северо-Енисейский муниципальный район,Красноярский край,T2,888;886;844;582;330,1.823;1.884;1.929;1.937;2.012,21.02,14.87,15.46,6.14,3.12
717,Сухобузимский муниципальный район,Красноярский край,T5,1651;1357;534;770;537,0.620;0.696;0.745;0.867;0.897,18.24,7.54,15.46,10.7,9.0
718,Таймырский Долгано-Ненецкий муниципальный район,Красноярский край,T2,225;2244;227;619;621,1.591;1.769;2.099;2.228;2.392,5.56,15.03,15.46,-9.47,-12.11
719,Тасеевский муниципальный район,Красноярский край,T6,1573;1896;1547;2207;1242,0.478;0.511;0.554;0.667;0.731,14.64,15.68,15.46,-1.04,-1.73
720,Туруханский муниципальный район,Красноярский край,T2,884;2244;1970;1152;2250,1.539;1.626;1.694;1.699;1.751,13.72,12.27,15.46,1.44,-0.06
721,Тюхтетский муниципальный округ,Красноярский край,T6,1571;2200;1033;2089;294,0.815;0.864;0.937;0.942;0.950,15.07,16.89,15.46,-1.82,-2.26
722,Ужурский муниципальный район,Красноярский край,T5,1139;2030;220;2199;1137,0.655;0.735;0.744;0.759;0.802,17.74,13.41,15.46,4.33,2.49
723,Уярский муниципальный район,Красноярский край,T4,1310;769;915;1167;993,0.552;0.593;0.611;0.665;0.699,14.77,14.21,15.46,0.56,0.86
725,Шушенский муниципальный район,Красноярский край,T5,603;2030;2191;591;2034,0.415;0.458;0.569;0.625;0.658,13.84,13.16,15.46,0.68,-1.55
726,Эвенкийский муниципальный район,Красноярский край,T2,316;1152;1970;884;2244,2.166;2.330;2.383;2.387;2.638,12.94,11.1,15.46,1.84,-0.84
727,городской округ Пермский,Пермский край,T1,21;2275;1134;504;1190,0.376;0.389;0.398;0.439;0.472,16.83,17.83,13.77,-1.0,1.06
731,городской округ Лысьвенский,Пермский край,T3,1181;44;1234;508;1238,0.626;0.627;0.658;0.667;0.749,16.63,18.89,13.77,-2.27,0.68
734,муниципальный округ Александровский,Пермский край,T4,1304;1006;2035;1989;1776,0.460;0.570;0.662;0.722;0.837,15.36,13.26,13.77,2.1,3.2
735,муниципальный округ Бардымский,Пермский край,T5,301;56;61;59;60,0.612;0.624;0.678;0.750;0.821,13.6,13.33,13.77,0.27,0.35
736,муниципальный округ Березовский,Пермский край,T5,1326;281;1290;2018;242,0.860;0.948;1.029;1.150;1.174,14.4,12.32,13.77,2.08,0.41
737,муниципальный округ Большесосновский,Пермский край,T5,1703;543;1697;530;1262,0.657;0.698;0.709;0.722;0.737,13.72,14.43,13.77,-0.71,-0.52
738,городской округ Верещагинский,Пермский край,T5,2149;65;1302;1252;356,0.728;0.739;0.755;0.809;0.830,10.96,10.71,13.77,0.25,-2.01
739,городской округ Горнозаводский,Пермский край,T4,1066;903;1146;1063;905,0.524;0.603;0.613;0.629;0.630,13.6,12.57,13.77,1.03,-0.16
741,городской округ Добрянский,Пермский край,T4,1260;2001;1179;670;2288,0.623;0.638;0.646;0.647;0.661,14.63,15.19,13.77,-0.56,-2.71
742,муниципальный округ Еловский,Пермский край,T5,1058;1638;711;1290;704,0.892;1.021;1.201;1.295;1.303,11.9,12.48,13.77,-0.58,-1.96
743,городской округ Ильинский,Пермский край,T4,2304;2314;2316;1644;1699,0.496;0.608;0.611;0.613;0.670,10.38,10.95,13.77,-0.57,1.35
744,муниципальный округ Карагайский,Пермский край,T5,1654;2030;1189;603;545,0.460;0.650;0.698;0.708;0.741,13.36,13.37,13.77,-0.01,-0.77
745,городской округ город Кизел,Пермский край,T4,1770;1285;2278;1003;995,0.642;0.718;0.723;0.733;0.774,14.17,14.5,13.77,-0.33,2.07
746,муниципальный округ Кишертский,Пермский край,T5,1278;1298;282;1300;1292,0.521;0.587;0.731;0.737;0.777,9.2,11.5,13.77,-2.3,-4.56
747,городской округ Красновишерский,Пермский край,T4,1244;2015;2036;1533;1557,0.296;0.409;0.511;0.513;0.563,11.53,15.18,13.77,-3.66,-1.13
748,городской округ Краснокамский,Пермский край,T3,3011;368;1995;509;1236,0.306;0.410;0.477;0.505;0.534,20.06,17.3,13.77,2.75,3.6
749,муниципальный округ Куединский,Пермский край,T5,2317;1661;1651;1300;554,0.503;0.536;0.592;0.658;0.752,13.93,11.55,13.77,2.39,0.13
751,городской округ Нытвенский,Пермский край,T4,2035;1608;1624;2303;2015,0.547;0.565;0.617;0.626;0.668,13.41,14.52,13.77,-1.11,0.96
752,городской округ Октябрьский,Пермский край,T5,1650;1687;2018;242;1630,0.466;0.497;0.572;0.649;0.720,14.89,9.82,13.77,5.07,4.11
753,муниципальный округ Ординский,Пермский край,T5,537;717;1326;1357;1300,0.825;0.929;0.946;0.967;0.993,9.79,16.52,13.77,-6.73,-5.54
754,городской округ Осинский,Пермский край,T5,1972;2289;2008;23;1252,0.659;0.674;0.685;0.692;0.707,10.82,19.25,13.77,-8.43,-7.18
755,городской округ Оханский,Пермский край,T4,398;2018;2039;2304;2316,0.535;0.547;0.614;0.674;0.694,13.47,11.27,13.77,2.2,4.51
756,городской округ Очерский,Пермский край,T5,1252;1241;443;545;1235,0.466;0.583;0.615;0.650;0.676,13.0,19.35,13.77,-6.35,-2.45
757,муниципальный округ Пермский,Пермский край,T3,507;76;1243;278;362,0.588;0.613;0.636;0.666;0.694,19.43,20.99,13.77,-1.56,0.1
758,муниципальный округ Сивинский,Пермский край,T5,1625;444;529;1621;2017,0.725;0.784;0.854;0.866;0.892,10.85,15.17,13.77,-4.32,-2.25
760,городской округ Суксунский,Пермский край,T5,571;1681;1358;1345;1642,0.445;0.530;0.558;0.634;0.637,18.33,11.5,13.77,6.83,6.16
761,муниципальный округ Уинский,Пермский край,T6,433;532;1345;441;519,0.308;0.398;0.672;0.696;0.721,16.1,13.42,13.77,2.68,2.76
763,городской округ Чайковский,Пермский край,T3,3011;509;1236;2279;1140,0.369;0.470;0.479;0.512;0.543,16.31,17.3,13.77,-0.99,-0.15
764,муниципальный округ Частинский,Пермский край,T5,1268;1279;238;1619;2200,0.828;0.930;0.934;0.949;1.063,13.81,12.76,13.77,1.05,-0.19
765,городской округ Чердынский,Пермский край,T6,1613;1571;1573;1208;1602,0.807;0.821;0.861;0.871;0.871,11.08,18.33,13.77,-7.24,-5.18
766,городской округ Чернушинский,Пермский край,T3,1138;1972;780;677;2008,0.664;0.794;0.827;0.846;0.857,15.24,19.24,13.77,-4.0,-2.76
767,городской округ Чусовской,Пермский край,T3,1232;1987;237;1985;1131,0.410;0.501;0.560;0.627;0.640,19.47,15.68,13.77,3.79,5.03
769,муниципальный округ Гайнский,Пермский край,T5,2157;915;1901;723;1533,0.526;0.582;0.592;0.593;0.660,11.02,14.77,13.77,-3.75,-3.67
770,муниципальный округ Косинский,Пермский край,T5,1651;537;1300;2317;717,0.649;0.685;0.761;0.841;0.867,7.54,11.55,13.77,-4.01,-6.27
771,муниципальный округ Кочевский,Пермский край,T5,2017;1654;32;2149;58,0.597;0.622;0.628;0.713;0.723,6.46,12.93,13.77,-6.46,-5.94
773,муниципальный округ Юрлинский,Пермский край,T5,1326;1189;232;242;277,0.774;0.810;0.859;0.887;0.888,9.58,14.7,13.77,-5.13,-4.42
774,муниципальный округ Юсьвинский,Пермский край,T4,281;398;2314;2018;1290,0.543;0.598;0.598;0.734;0.756,5.84,9.6,13.77,-3.77,0.17
775,городской округ Владивостокский,Приморский край,T1,842;1176;872;1186;860,0.566;1.074;1.517;1.614;1.652,15.86,17.08,15.0,-1.22,-0.45
776,городской округ Арсеньевский,Приморский край,T2,2338;588;1960;579;77,1.076;1.349;1.393;1.412;1.421,18.6,14.89,15.0,3.71,3.48
777,городской округ Артемовский,Приморский край,T1,860;872;842;1176;2338,0.851;0.947;1.051;1.248;1.279,16.47,15.74,15.0,0.73,0.21
778,городской округ Большой Камень,Приморский край,T2,2338;312;57;2279;843,0.542;1.178;1.209;1.228;1.246,12.77,16.98,15.0,-4.22,-4.73
779,городской округ Дальнегорский,Приморский край,T5,594;849;1960;885;243,1.029;1.087;1.240;1.269;1.365,11.84,9.88,15.0,1.96,-0.87
780,городской округ Дальнереченский,Приморский край,T2,766;885;1151;1138;754,0.827;0.845;1.010;1.014;1.125,15.29,12.41,15.0,2.88,2.12
781,городской округ Лесозаводский,Приморский край,T2,885;2202;2024;579;2215,0.867;0.973;1.006;1.034;1.080,12.86,12.93,15.0,-0.06,-1.7
782,городской округ Находкинский,Приморский край,T1,842;860;872;2338;1176,1.020;1.112;1.155;1.325;1.349,15.0,15.74,15.0,-0.73,-1.25
783,городской округ Партизанский,Приморский край,T4,874;849;1645;877;851,1.138;1.322;1.385;1.430;1.493,12.5,12.29,15.0,0.21,-1.22
784,городской округ Спасск-Дальний,Приморский край,T2,588;1960;2343;738;594,1.107;1.211;1.213;1.233;1.236,17.83,13.2,15.0,4.64,2.71
785,городской округ Уссурийский,Приморский край,T1,872;860;842;1186;1176,0.738;0.927;0.956;1.117;1.182,17.19,17.08,15.0,0.11,0.89
787,Анучинский муниципальный округ,Приморский край,T4,1276;594;1357;849;704,0.914;1.024;1.040;1.066;1.183,12.48,15.24,15.0,-2.76,-2.3
788,Дальнереченский муниципальный район,Приморский край,T2,342;2339;321;35;1191,1.480;1.543;1.621;1.626;1.697,21.63,11.44,15.0,10.19,9.03
789,Кавалеровский муниципальный округ,Приморский край,T3,40;881;1230;579;1333,0.807;0.816;0.987;0.992;1.053,12.09,17.42,15.0,-5.33,-7.26
790,Кировский муниципальный район,Приморский край,T5,594;595;593;591;2017,0.773;0.945;1.057;1.095;1.130,7.76,13.64,15.0,-5.89,-7.32
791,Красноармейский муниципальный округ,Приморский край,T5,708;870;2342;600;1954,1.237;1.451;1.516;1.668;1.716,19.86,14.05,15.0,5.81,3.9
792,Лазовский муниципальный округ,Приморский край,T4,877;849;851;870;1649,1.297;1.481;1.778;1.781;1.841,15.39,12.29,15.0,3.1,1.67
793,Михайловский муниципальный район,Приморский край,T4,874;1289;65;58;907,1.248;1.380;1.419;1.431;1.445,5.71,9.5,15.0,-3.78,-7.4
794,Надеждинский муниципальный район,Приморский край,T3,2343;2338;579;77;51,1.073;1.097;1.220;1.242;1.250,20.08,17.42,15.0,2.66,1.48
795,Октябрьский муниципальный округ,Приморский край,T4,851;874;849;877;588,0.473;0.473;0.987;1.000;1.081,7.81,12.29,15.0,-4.47,-5.9
796,Ольгинский муниципальный округ,Приморский край,T5,442;1282;594;595;48,1.626;1.696;1.741;1.792;1.873,17.63,11.55,15.0,6.08,4.17
797,Партизанский муниципальный округ,Приморский край,T2,885;851;1960;870;849,0.669;0.841;0.901;1.007;1.112,14.33,11.08,15.0,3.25,1.53
798,Пограничный муниципальный округ,Приморский край,T4,1972;754;1227;738;1197,0.988;1.087;1.097;1.141;1.204,9.8,15.87,15.0,-6.07,-3.4
799,Пожарский муниципальный округ,Приморский край,T2,588;878;886;874;873,0.960;0.984;0.992;1.005;1.047,16.88,11.34,15.0,5.54,1.76
800,Спасский муниципальный район,Приморский край,T5,594;871;1965;589;243,1.215;1.215;1.287;1.344;1.362,14.01,14.57,15.0,-0.56,-2.82
801,Тернейский муниципальный округ,Приморский край,T5,708;594;870;849;1954,1.059;1.260;1.263;1.340;1.364,19.04,12.29,15.0,6.75,3.08
802,Ханкайский муниципальный округ,Приморский край,T4,2149;594;2292;1693;552,0.904;0.908;1.003;1.019;1.038,15.89,11.87,15.0,4.02,4.21
803,Хасанский муниципальный округ,Приморский край,T2,851;885;1960;870;849,0.854;0.890;0.912;0.917;0.918,16.38,11.08,15.0,5.29,3.58
804,Хорольский муниципальный округ,Приморский край,T5,849;1357;1649;704;1276,1.002;1.165;1.201;1.220;1.260,9.79,15.24,15.0,-5.45,-4.99
805,Черниговский муниципальный округ,Приморский край,T3,885;1191;579;1960;2215,0.850;0.893;0.929;1.003;1.016,13.84,12.93,15.0,0.92,-0.72
806,Чугуевский муниципальный округ,Приморский край,T5,603;738;881;579;744,0.730;0.841;0.851;0.867;0.879,14.32,13.01,15.0,1.31,-0.61
807,Шкотовский муниципальный округ,Приморский край,T2,873;588;1191;1185;885,0.809;0.832;0.883;0.945;0.968,15.75,9.78,15.0,5.97,5.68
808,Яковлевский муниципальный округ,Приморский край,T4,2159;2017;1356;1621;554,0.808;0.889;0.895;0.902;0.922,13.77,13.71,15.0,0.06,-0.57
809,городской округ город Ставрополь,Ставропольский край,T1,1007;2887;1979;1874;1977,0.568;0.578;0.579;0.582;0.640,17.51,17.72,19.08,-0.21,-4.82
810,Благодарненский муниципальный округ,Ставропольский край,T5,2076;1012;1011;2075;1666,0.500;0.779;0.800;0.824;0.883,19.43,14.95,19.08,4.48,-0.05
811,Георгиевский муниципальный округ,Ставропольский край,T3,351;2074;1;1863;1683,0.520;0.864;0.988;1.026;1.036,18.68,16.78,19.08,1.89,-0.79
812,городской округ город-курорт Ессентуки,Ставропольский край,T3,1620;1007;2887;1410;1758,0.735;0.764;0.829;0.863;0.865,20.23,18.3,19.08,1.93,-2.21
813,городской округ город-курорт Железноводск,Ставропольский край,T3,3009;2169;1;506;2647,0.779;0.808;0.859;0.905;0.950,25.02,16.78,19.08,8.24,5.22
814,Изобильненский муниципальный округ,Ставропольский край,T5,1880;1920;1917;1934;1752,0.686;0.874;1.053;1.084;1.100,22.34,17.16,19.08,5.19,1.59
815,Ипатовский муниципальный округ,Ставропольский край,T5,1944;1562;1565;1012;1528,0.665;0.735;0.783;0.809;0.809,19.08,14.69,19.08,4.38,-0.12
817,Кировский муниципальный округ,Ставропольский край,T4,2327;1671;1705;1937;3,0.961;1.212;1.213;1.238;1.260,20.56,13.54,19.08,7.03,3.51
818,городской округ город Лермонтов,Ставропольский край,T3,1212;1039;2124;2188;1883,0.684;0.854;0.869;0.876;0.888,27.27,19.64,19.08,7.63,4.85
819,Минераловодский муниципальный округ,Ставропольский край,T3,1758;3009;1;918;1726,0.444;0.492;0.570;0.596;0.772,21.0,18.37,19.08,2.63,-2.63
820,городской округ город Невинномысск,Ставропольский край,T3,1863;3009;1758;578;918,0.622;0.640;0.709;0.716;0.716,21.89,18.3,19.08,3.59,-1.27
821,Нефтекумский муниципальный округ,Ставропольский край,T5,1944;1012;1565;2076;1562,0.857;0.929;0.930;0.947;0.976,19.23,14.69,19.08,4.54,0.03
822,Новоалександровский муниципальный округ,Ставропольский край,T5,1032;2076;2077;1036;2075,0.413;0.702;0.731;0.746;0.758,18.7,14.95,19.08,3.75,-0.78
823,Петровский муниципальный округ,Ставропольский край,T5,1011;1760;1018;1666;1353,0.407;0.659;0.703;0.728;0.932,19.84,13.37,19.08,6.47,0.45
824,городской округ город-курорт Пятигорск,Ставропольский край,T1,1620;354;2887;2312;1439,0.862;0.935;1.009;1.043;1.067,18.4,17.09,19.08,1.31,-3.56
825,Советский муниципальный округ,Ставропольский край,T5,2076;1528;1944;1012;1562,1.030;1.061;1.068;1.073;1.100,18.58,16.79,19.08,1.79,-2.51
826,Александровский муниципальный округ,Ставропольский край,T5,1745;1759;1032;2077;1944,0.706;0.850;0.865;0.885;0.923,16.51,13.72,19.08,2.79,-2.54
827,Андроповский муниципальный округ,Ставропольский край,T6,2075;1756;2077;1036;1941,0.405;0.815;0.817;0.827;0.832,13.02,14.95,19.08,-1.93,-6.46
828,Апанасенковский муниципальный округ,Ставропольский край,T6,1032;2077;1698;1036;1926,0.530;0.559;0.587;0.599;0.637,14.82,13.16,19.08,1.66,-3.46
829,Арзгирский муниципальный округ,Ставропольский край,T6,293;297;2090;1016;1921,0.549;0.574;0.656;0.684;0.727,15.83,13.15,19.08,2.68,-2.17
830,Будённовский муниципальный округ,Ставропольский край,T3,351;1010;2074;1011;1740,0.622;0.631;0.724;0.879;0.892,21.76,17.46,19.08,4.3,0.04
831,Грачёвский муниципальный округ,Ставропольский край,T6,1941;2081;1035;2255;1944,0.527;0.562;0.575;0.577;0.588,15.48,13.85,19.08,1.63,-3.43
832,Кочубеевский муниципальный округ,Ставропольский край,T5,1880;1011;1760;1666;1035,0.570;0.715;0.762;0.817;0.820,21.18,13.37,19.08,7.81,2.1
833,Красногвардейский муниципальный округ,Ставропольский край,T4,1550;1880;1416;1944;565,0.502;0.539;0.588;0.678;0.708,18.22,13.85,19.08,4.37,-0.86
834,Курский муниципальный округ,Ставропольский край,T5,185;191;1031;1040;2076,0.679;0.890;1.411;1.466;1.598,17.75,15.0,19.08,2.75,-1.97
835,Левокумский муниципальный округ,Ставропольский край,T6,1756;2075;1916;1747;289,0.690;0.835;0.900;0.954;0.994,12.3,14.46,19.08,-2.16,-6.77
836,Новоселицкий муниципальный округ,Ставропольский край,T6,2075;1756;2077;1036;1747,0.629;0.630;0.826;0.851;0.880,14.14,14.87,19.08,-0.73,-5.34
838,Степновский муниципальный округ,Ставропольский край,T6,1698;1036;2077;1555;1926,0.767;0.808;0.956;1.004;1.010,20.84,14.86,19.08,5.98,1.68
839,Труновский муниципальный округ,Ставропольский край,T6,1756;289;2090;1759;1940,0.835;0.876;0.947;0.976;1.046,12.53,13.0,19.08,-0.47,-5.8
840,Туркменский муниципальный округ,Ставропольский край,T6,2262;181;1018;349;1036,0.997;1.002;1.013;1.062;1.124,12.31,15.91,19.08,-3.6,-8.32
841,Шпаковский муниципальный округ,Ставропольский край,T3,3009;1758;1726;1410;2044,0.266;0.412;0.506;0.605;0.623,21.66,18.37,19.08,3.29,-1.96
842,городской округ город Хабаровск,Хабаровский край,T1,775;785;782;777;1176,0.566;0.956;1.020;1.051;1.127,14.7,16.47,14.49,-1.76,-1.08
843,городской округ город Комсомольск-на-Амуре,Хабаровский край,T2,312;2221;1961;1957;2226,0.895;0.927;1.062;1.095;1.127,16.98,14.66,14.49,2.32,0.3
844,Амурский муниципальный район,Хабаровский край,T2,234;236;330;878;228,1.156;1.260;1.339;1.399;1.411,14.87,12.79,14.49,2.08,-0.24
846,Бикинский муниципальный район,Хабаровский край,T2,237;2040;2340;1141;1051,0.817;0.882;0.987;1.023;1.043,16.54,16.11,14.49,0.43,0.94
847,Ванинский муниципальный район,Хабаровский край,T2,312;333;1962;2880;229,0.890;0.937;1.016;1.016;1.152,13.68,14.42,14.49,-0.74,-3.25
848,Верхнебуреинский муниципальный район,Хабаровский край,T2,1152;2345;318;884;323,1.220;1.695;1.832;1.956;2.022,13.39,10.23,14.49,3.16,1.21
849,Вяземский муниципальный район,Хабаровский край,T4,803;795;804;874;787,0.918;0.987;1.002;1.024;1.066,12.29,11.34,14.49,0.95,0.33
851,муниципальный район имени Лазо,Хабаровский край,T4,795;874;797;803;870,0.473;0.832;0.841;0.854;0.898,13.2,11.34,14.49,1.86,-1.29
852,Нанайский муниципальный район,Хабаровский край,T4,2343;801;793;800;787,1.278;1.505;1.529;1.536;1.557,10.86,14.01,14.49,-3.15,-2.63
853,Николаевский муниципальный район,Хабаровский край,T2,799;886;1152;877;888,1.627;1.652;1.795;1.869;1.900,16.67,12.56,14.49,4.11,0.97
854,Охотский муниципальный округ,Хабаровский край,T2,907;2343;319;793;2338,2.393;2.691;2.792;2.876;2.911,17.14,13.56,14.49,3.58,3.83
855,муниципальный район имени Полины Осипенко,Хабаровский край,T2,336;1966;1967;1959;1965,1.211;1.220;1.387;1.395;1.409,10.63,4.47,14.49,6.16,-2.9
856,Советско-Гаванский муниципальный район,Хабаровский край,T2,886;873;885;1962;807,1.166;1.267;1.283;1.341;1.365,14.27,9.24,14.49,5.04,-0.96
857,Солнечный муниципальный район,Хабаровский край,T2,2244;1152;2250;1431;878,1.495;1.933;1.970;2.065;2.072,8.64,11.03,14.49,-2.4,-4.16
859,Ульчский муниципальный район,Хабаровский край,T4,2342;880;708;1966;1954,1.078;1.306;1.517;1.618;1.842,21.04,10.87,14.49,10.16,5.59
860,Хабаровский муниципальный район,Хабаровский край,T1,872;777;785;1957;782,0.694;0.851;0.927;1.078;1.112,15.74,16.47,14.49,-0.73,-0.94
870,Архаринский муниципальный округ,Амурская область,T5,708;851;803;797;600,0.884;0.898;0.917;1.007;1.145,11.08,14.33,11.08,-3.25,-0.97
871,Белогорский муниципальный округ,Амурская область,T2,800;794;1960;708;589,1.215;1.415;1.436;1.437;1.439,14.57,14.9,11.08,-0.33,1.67
872,Благовещенский муниципальный округ,Амурская область,T1,860;785;1186;777;782,0.694;0.738;0.755;0.947;1.155,21.78,16.47,11.08,5.31,9.23
873,Бурейский муниципальный округ,Амурская область,T2,588;2148;807;799;1973,0.569;0.710;0.809;1.047;1.156,6.15,15.75,11.08,-9.6,-5.68
874,Завитинский муниципальный округ,Амурская область,T4,795;851;799;849;1644,0.473;0.832;1.005;1.024;1.068,11.34,12.29,11.08,-0.95,1.69
875,Зейский муниципальный округ,Амурская область,T2,917;582;330;916;332,1.296;1.420;1.628;1.697;1.777,11.08,15.52,11.08,-4.44,-2.44
876,Ивановский муниципальный округ,Амурская область,T2,324;794;708;800;1959,1.491;1.533;1.544;1.566;1.593,13.31,15.08,11.08,-1.76,-0.14
877,Константиновский муниципальный район,Амурская область,T4,851;795;804;792;849,0.968;1.000;1.270;1.297;1.300,6.98,12.29,11.08,-5.31,-1.91
878,Магдагачинский муниципальный район,Амурская область,T2,2148;588;799;807;585,0.483;0.668;0.984;1.037;1.327,11.03,16.88,11.08,-5.85,-1.93
879,Мазановский муниципальный район,Амурская область,T2,337;339;314;317;1959,1.454;1.572;1.764;1.925;2.011,16.12,8.49,11.08,7.63,9.26
880,Михайловский муниципальный район,Амурская область,T5,859;852;708;791;2342,1.306;1.679;1.771;1.842;1.843,10.87,19.86,11.08,-8.98,-5.06
881,Октябрьский муниципальный район,Амурская область,T3,584;1333;789;806;509,0.712;0.768;0.816;0.851;0.868,11.52,14.32,11.08,-2.79,1.13
882,Ромненский муниципальный округ,Амурская область,T5,791;859;708;852;580,2.168;2.214;2.229;2.278;2.292,11.3,19.86,11.08,-8.56,-4.64
883,Свободненский муниципальный район,Амурская область,T2,1184;229;1672;1260;1673,0.788;1.084;1.230;1.236;1.239,7.91,15.19,11.08,-7.29,-6.87
884,Селемджинский муниципальный район,Амурская область,T2,720;2250;582;848;1970,1.539;1.832;1.906;1.956;1.969,8.78,13.72,11.08,-4.94,-2.31
885,Серышевский муниципальный округ,Амурская область,T2,797;780;805;781;803,0.669;0.845;0.850;0.867;0.890,5.27,14.33,11.08,-9.06,-5.14
886,Сковородинский муниципальный округ,Амурская область,T2,588;799;856;795;803,0.868;0.992;1.166;1.213;1.215,12.29,14.27,11.08,-1.98,1.09
888,Тындинский муниципальный округ,Амурская область,T2,917;582;330;325;856,1.089;1.510;1.579;1.629;1.656,14.15,15.52,11.08,-1.37,0.63
889,Шимановский муниципальный округ,Амурская область,T2,1960;1969;1956;2339;805,0.913;0.918;0.950;1.063;1.140,2.2,2.0,11.08,0.21,-5.45
890,городской округ город Архангельск,Архангельская область,T3,206;224;1136;2318;2220,0.498;0.542;0.662;0.671;0.701,14.11,15.04,11.16,-0.94,2.06
891,городской округ город Коряжма,Архангельская область,T4,2146;1990;670;1110;1981,0.645;0.663;0.693;0.762;0.778,-0.07,16.62,11.16,-16.69,-12.84
892,городской округ Котлас,Архангельская область,T3,1231;1993;2006;1999;1136,0.418;0.493;0.637;0.675;0.682,13.3,15.97,11.16,-2.67,1.92
895,городской округ город Новодвинск,Архангельская область,T4,1997;236;1976;1992;1676,0.969;0.985;1.074;1.119;1.180,7.15,13.59,11.16,-6.44,-3.02
896,городской округ Северодвинск,Архангельская область,T3,2217;2243;2222;1507;1398,0.489;0.745;0.864;0.878;0.901,10.52,16.1,11.16,-5.59,-1.8
897,Вельский муниципальный район,Архангельская область,T3,2336;1404;2211;2047;1401,0.487;0.585;0.685;0.739;0.742,14.53,18.97,11.16,-4.44,0.33
898,Верхнетоемский муниципальный округ,Архангельская область,T4,2154;2157;2163;1644;769,0.393;0.557;0.707;0.714;0.776,10.06,11.02,11.16,-0.96,0.33
899,муниципальный округ Вилегодский,Архангельская область,T4,992;3007;274;2168;3005,0.363;0.522;0.606;0.665;0.679,6.46,16.69,11.16,-10.22,-5.04
900,Виноградовский муниципальный округ,Архангельская область,T5,1067;710;1777;1279;2618,0.533;0.651;0.664;0.731;0.754,13.85,13.5,11.16,0.35,2.57
901,муниципальный округ Каргопольский,Архангельская область,T4,1766;1769;2128;1777;1268,0.590;0.732;0.819;0.821;0.842,11.84,11.91,11.16,-0.08,1.76
902,Коношский муниципальный район,Архангельская область,T4,1057;1047;214;1072;1393,0.562;0.786;0.927;0.931;1.000,10.7,12.2,11.16,-1.5,0.82
903,Котласский муниципальный округ,Архангельская область,T4,739;1063;1066;1143;2886,0.603;0.677;0.694;0.754;0.760,1.89,13.6,11.16,-11.71,-9.27
904,Красноборский муниципальный округ,Архангельская область,T5,1646;747;1656;1629;1625,0.564;0.654;0.666;0.685;0.702,8.0,12.58,11.16,-4.58,-2.97
905,Ленский муниципальный район,Архангельская область,T4,677;450;1449;1161;739,0.517;0.593;0.602;0.623;0.630,13.61,13.6,11.16,0.01,3.17
907,Мезенский муниципальный округ,Архангельская область,T4,793;877;783;795;874,1.445;1.709;1.880;1.992;2.005,9.27,7.81,11.16,1.45,2.22
908,Няндомский муниципальный округ,Архангельская область,T4,216;1066;214;1063;240,0.613;0.635;0.726;0.799;0.801,11.62,12.71,11.16,-1.09,0.46
909,Онежский муниципальный район,Архангельская область,T4,1988;1975;1989;1056;1146,0.659;0.778;0.796;0.803;0.811,12.14,9.35,11.16,2.79,4.2
911,Плесецкий муниципальный округ,Архангельская область,T3,216;1047;1404;1072;231,0.562;0.654;0.685;0.694;0.705,12.92,12.66,11.16,0.26,1.99
912,Приморский муниципальный округ,Архангельская область,T3,2224;2040;2235;2231;218,0.585;0.721;0.722;0.858;0.996,16.26,16.11,11.16,0.15,3.99
913,Устьянский муниципальный округ,Архангельская область,T3,2027;451;1612;2211;231,0.720;0.764;0.769;0.787;0.802,12.23,15.15,11.16,-2.93,1.3
914,Холмогорский муниципальный округ,Архангельская область,T4,1281;2128;1581;2264;1610,0.625;0.724;0.879;0.894;0.945,6.13,13.53,11.16,-7.4,-3.21
915,Шенкурский муниципальный округ,Архангельская область,T4,1004;668;2322;2157;1244,0.378;0.433;0.503;0.549;0.555,9.6,14.67,11.16,-5.07,-0.77
916,городской округ город Нарьян-Мар,Ненецкий автономный округ,T2,330;678;325;1430;1962,0.761;0.890;0.930;1.222;1.469,7.78,9.3,8.94,-1.52,-4.97
917,муниципальный район Заполярный район,Ненецкий автономный округ,T2,325;330;888;875;1962,0.776;0.999;1.089;1.296;1.390,10.1,14.15,8.94,-4.05,-2.65
918,городской округ город Астрахань,Астраханская область,T3,1758;1007;2887;1952;1008,0.337;0.375;0.405;0.445;0.455,18.87,17.36,13.77,1.51,1.74
920,Ахтубинский муниципальный район,Астраханская область,T5,1207;1846;1422;1427;2113,0.298;0.445;0.471;0.565;0.572,11.45,17.46,13.77,-6.01,-3.56
922,Енотаевский муниципальный район,Астраханская область,T6,1033;2067;2089;1896;1907,0.418;0.596;0.647;0.663;0.699,12.56,11.86,13.77,0.7,1.29
923,Икрянинский муниципальный район,Астраханская область,T6,1873;1034;1868;1728;1951,0.765;0.784;0.804;0.835;0.840,14.36,12.73,13.77,1.63,2.41
924,Камызякский муниципальный район,Астраханская область,T6,2050;1942;377;570;2152,0.313;0.667;0.701;0.729;0.768,13.77,12.54,13.77,1.24,1.32
925,Красноярский муниципальный район,Астраханская область,T6,392;1910;1717;1610;1281,0.719;0.815;0.905;0.907;0.932,10.08,17.28,13.77,-7.2,-5.03
926,Лиманский муниципальный район,Астраханская область,T6,1891;1548;1698;181;1942,0.455;0.482;0.505;0.531;0.588,15.42,12.19,13.77,3.23,2.45
927,Наримановский муниципальный район,Астраханская область,T3,388;1315;1411;397;371,0.827;0.836;0.836;0.846;0.851,23.34,21.89,13.77,1.45,4.68
928,Приволжский муниципальный район,Астраханская область,T3,388;379;8;371;10,0.510;0.722;0.723;0.897;0.933,21.55,21.23,13.77,0.32,5.4
929,Харабалинский муниципальный район,Астраханская область,T6,1924;188;2093;523;294,0.470;0.530;0.650;0.760;0.776,12.32,16.89,13.77,-4.57,-3.32
930,Черноярский муниципальный район,Астраханская область,T6,1854;1331;1208;1038;1617,0.811;0.851;0.899;0.944;0.969,5.32,15.39,13.77,-10.08,-8.99
986,городской округ город Владимир,Владимирская область,T3,1410;2044;1560;1198;2101,0.334;0.494;0.527;0.567;0.587,17.81,17.13,17.25,0.68,-2.1
987,городской округ город Гусь-Хрустальный,Владимирская область,T4,1592;1879;1899;2186;2062,0.326;0.519;0.560;0.576;0.581,18.55,15.43,17.25,3.12,1.03
988,городской округ город Ковров,Владимирская область,T3,1986;1107;1877;2320;2318,0.362;0.381;0.393;0.450;0.485,18.14,17.67,17.25,0.47,-0.84
989,городской округ округ Муром,Владимирская область,T3,1599;3005;1226;1525;506,0.343;0.357;0.465;0.470;0.530,17.98,17.91,17.25,0.08,-2.4
991,Александровский муниципальный район,Владимирская область,T3,2619;2169;1876;1212;1980,0.454;0.471;0.495;0.561;0.603,20.16,17.63,17.25,2.53,0.84
992,Вязниковский муниципальный район,Владимирская область,T5,899;2060;274;1160;505,0.363;0.603;0.610;0.611;0.621,16.69,14.25,17.25,2.44,-0.56
993,Гороховецкий муниципальный район,Владимирская область,T4,1310;723;239;1627;915,0.471;0.699;0.729;0.741;0.865,16.06,13.24,17.25,2.82,0.37
994,Гусь-Хрустальный муниципальный район,Владимирская область,T4,1127;745;1984;2131;2325,1.177;1.470;1.513;1.530;1.532,13.22,14.19,17.25,-0.98,-4.43
995,Камешковский муниципальный район,Владимирская область,T4,1989;1304;2325;2070;1583,0.486;0.542;0.631;0.691;0.722,13.01,14.84,17.25,-1.82,-4.07
996,Киржачский муниципальный район,Владимирская область,T3,2619;1404;1876;2047;2336,0.426;0.611;0.670;0.675;0.679,19.0,18.97,17.25,0.03,-1.28
998,Кольчугинский муниципальный район,Владимирская область,T4,1709;1988;2009;1975;2186,0.500;0.531;0.535;0.618;0.672,19.79,9.75,17.25,10.05,7.8
999,Меленковский муниципальный район,Владимирская область,T4,538;2315;1950;1529;1780,0.404;0.539;0.565;0.580;0.606,14.0,12.61,17.25,1.4,-0.24
1001,Петушинский муниципальный район,Владимирская область,T3,2124;2108;2619;2883;2047,0.505;0.524;0.586;0.589;0.730,18.88,18.69,17.25,0.19,-0.44
1002,Селивановский муниципальный район,Владимирская область,T4,2055;2321;1113;2330;1329,0.394;0.538;0.552;0.711;0.776,9.35,15.12,17.25,-5.77,-7.46
1003,Собинский муниципальный район,Владимирская область,T4,1997;745;1989;219;2158,0.639;0.733;0.838;0.899;0.945,15.36,13.59,17.25,1.77,-1.72
1004,Судогодский муниципальный район,Владимирская область,T4,2322;668;915;1782;2059,0.308;0.347;0.378;0.433;0.452,9.64,14.67,17.25,-5.03,-6.76
1005,Суздальский муниципальный район,Владимирская область,T3,2048;1209;2177;2883;1504,0.493;0.518;0.525;0.548;0.606,21.55,18.71,17.25,2.85,2.74
1006,Юрьев-Польский муниципальный район,Владимирская область,T4,1529;1304;734;2035;2325,0.465;0.569;0.570;0.659;0.727,15.64,13.26,17.25,2.39,0.56
1007,городской округ город-герой Волгоград,Волгоградская область,T3,2887;918;1410;1952;2251,0.288;0.375;0.388;0.398;0.524,17.72,18.03,14.36,-0.31,-1.52
1008,городской округ город Волжский,Волгоградская область,T3,1952;1410;1707;918;1758,0.236;0.345;0.390;0.455;0.456,17.36,18.3,14.36,-0.93,-2.09
1009,городской округ город Камышин,Волгоградская область,T3,2280;1765;1980;1540;2288,0.309;0.356;0.583;0.590;0.593,17.71,19.62,14.36,-1.91,-1.49
1010,городской округ город Михайловка,Волгоградская область,T5,1740;2074;830;3005;899,0.477;0.603;0.631;0.675;0.773,16.32,18.56,14.36,-2.24,-0.72
1011,городской округ город Урюпинск,Волгоградская область,T5,823;1760;1666;832;810,0.407;0.494;0.673;0.715;0.800,17.46,19.43,14.36,-1.97,2.75
1012,городской округ город Фролово,Волгоградская область,T5,1566;1944;2028;1941;1530,0.400;0.592;0.606;0.608;0.640,14.48,13.85,14.36,0.63,0.64
1013,Алексеевский муниципальный район,Волгоградская область,T6,555;930;2197;1567;701,0.882;1.115;1.156;1.188;1.219,13.28,13.59,14.36,-0.3,0.11
1014,Быковский муниципальный район,Волгоградская область,T6,2072;2093;1689;1573;1887,0.641;0.679;0.703;0.705;0.710,8.97,14.19,14.36,-5.22,-5.58
1015,Городищенский муниципальный район,Волгоградская область,T4,1710;1316;1731;392;1200,0.392;0.449;0.462;0.491;0.548,16.99,9.12,14.36,7.87,7.0
1016,Даниловский муниципальный район,Волгоградская область,T6,2077;1564;2090;293;1745,0.420;0.428;0.483;0.522;0.655,13.06,13.72,14.36,-0.66,-0.22
1017,Дубовский муниципальный район,Волгоградская область,T6,1853;1852;2270;1917;2129,0.648;0.722;0.791;0.906;0.920,14.45,12.94,14.36,1.5,1.35
1018,Еланский муниципальный район,Волгоградская область,T6,1887;1353;823;1666;1929,0.540;0.683;0.703;0.836;0.877,16.13,12.81,14.36,3.32,1.77
1019,Жирновский муниципальный район,Волгоградская область,T5,1429;2139;1888;1710;2053,0.501;0.593;0.603;0.651;0.715,11.26,15.91,14.36,-4.65,-2.16
1020,Иловлинский муниципальный район,Волгоградская область,T4,1413;1316;1708;1731;2167,0.683;0.689;0.735;0.739;0.757,11.76,15.64,14.36,-3.87,-3.51
1021,Калачевский муниципальный район,Волгоградская область,T5,1846;1422;1719;1427;920,0.409;0.477;0.608;0.637;0.650,17.49,15.81,14.36,1.68,2.04
1023,Киквидзенский муниципальный район,Волгоградская область,T6,1926;2254;1746;1567;1548,0.642;0.952;0.992;1.049;1.122,14.36,13.59,14.36,0.77,1.19
1024,Клетский муниципальный район,Волгоградская область,T6,691;1698;1784;2213;1144,0.797;0.799;0.802;0.896;0.976,13.28,9.73,14.36,3.55,2.43
1025,Котельниковский муниципальный район,Волгоградская область,T6,1218;1429;2182;2171;1846,0.531;0.542;0.629;0.706;0.714,14.42,13.25,14.36,1.17,1.24
1026,Котовский муниципальный район,Волгоградская область,T4,1895;1934;1917;1550;1931,0.638;0.642;0.684;0.696;0.699,9.2,12.59,14.36,-3.39,-3.9
1027,Кумылженский муниципальный район,Волгоградская область,T6,1412;1732;1933;2096;306,0.624;0.904;1.011;1.015;1.043,14.25,14.06,14.36,0.19,0.38
1028,Ленинский муниципальный район,Волгоградская область,T6,1929;2257;1420;1918;706,0.341;0.362;0.609;0.624;0.647,15.61,12.29,14.36,3.33,2.82
1029,Нехаевский муниципальный район,Волгоградская область,T6,2197;2254;1567;555;1751,1.220;1.234;1.248;1.331;1.331,14.3,14.58,14.36,-0.28,-0.89
1030,Николаевский муниципальный район,Волгоградская область,T6,1419;1916;2080;2081;2072,0.528;0.554;0.574;0.613;0.635,12.96,14.22,14.36,-1.26,-1.23
1031,Новоаннинский муниципальный район,Волгоградская область,T5,5;692;1689;2076;2195,0.796;0.828;0.874;0.918;0.932,15.0,13.44,14.36,1.56,0.58
1032,Новониколаевский муниципальный район,Волгоградская область,T6,822;828;1548;2076;1681,0.413;0.530;0.583;0.645;0.663,13.16,18.41,14.36,-5.25,-2.03
1033,Октябрьский муниципальный район,Волгоградская область,T6,922;2067;1907;1551;2072,0.418;0.639;0.673;0.696;0.701,11.86,13.18,14.36,-1.32,-1.29
1034,Ольховский муниципальный район,Волгоградская область,T6,1853;1852;2140;2129;2081,0.358;0.400;0.511;0.544;0.555,12.73,14.14,14.36,-1.41,0.18
1035,Палласовский муниципальный район,Волгоградская область,T6,831;562;1930;1566;1941,0.575;0.582;0.604;0.624;0.624,13.22,15.37,14.36,-2.15,-0.45
1036,Руднянский муниципальный район,Волгоградская область,T6,181;828;2075;1698;822,0.588;0.599;0.676;0.722;0.746,15.91,14.82,14.36,1.09,1.93
1037,Светлоярский муниципальный район,Волгоградская область,T5,1427;1752;1846;1710;1939,0.410;0.626;0.677;0.692;0.700,14.28,14.13,14.36,0.15,-0.36
1038,Серафимовичский муниципальный район,Волгоградская область,T6,1891;1942;926;181;1896,0.527;0.642;0.679;0.704;0.716,12.8,14.35,14.36,-1.55,-0.56
1039,Среднеахтубинский муниципальный район,Волгоградская область,T3,1683;1667;2074;1922;2252,0.354;0.514;0.561;0.602;0.640,20.36,18.06,14.36,2.3,1.51
1040,Старополтавский муниципальный район,Волгоградская область,T5,5;191;1689;2195;1680,0.309;1.025;1.032;1.038;1.049,16.12,13.44,14.36,2.68,1.7
1041,Суровикинский муниципальный район,Волгоградская область,T6,1419;2072;1616;1689;2061,0.604;0.622;0.652;0.670;0.688,15.19,14.19,14.36,1.01,1.19
1044,Чернышковский муниципальный район,Волгоградская область,T6,1412;306;1743;2266;1761,0.491;0.679;0.710;0.870;0.881,13.21,13.75,14.36,-0.54,-0.17
1047,Бабаевский муниципальный округ,Вологодская область,T5,911;2027;902;2340;1623,0.654;0.771;0.786;0.791;0.828,10.38,16.89,12.57,-6.51,-3.95
1048,Бабушкинский муниципальный округ,Вологодская область,T5,242;535;1249;1137;2208,0.725;0.759;0.822;0.838;0.887,9.54,14.04,12.57,-4.49,-3.26
1049,Белозерский муниципальный округ,Вологодская область,T3,370;896;1507;2217;1398,2.022;2.345;2.381;2.384;2.394,12.23,16.1,12.57,-3.87,0.3
1051,Великоустюгский муниципальный округ,Вологодская область,T3,1161;237;1987;2192;767,0.718;0.726;0.753;0.848;0.865,16.34,15.68,12.57,0.66,3.09
1052,Верховажский муниципальный округ,Вологодская область,T5,2212;449;1650;242;232,0.772;0.780;0.831;0.835;0.860,15.12,12.4,12.57,2.73,3.0
1053,Вожегодский муниципальный округ,Вологодская область,T5,2023;235;2039;1268;1782,0.530;0.713;0.761;0.780;0.806,9.03,11.27,12.57,-2.24,-1.69
1054,Вологодский муниципальный округ,Вологодская область,T3,2032;2033;1600;1586;510,0.468;0.474;0.506;0.548;0.596,14.69,19.53,12.57,-4.85,-3.88
1055,Вытегорский муниципальный район,Вологодская область,T5,2205;232;1137;2208;1139,0.853;0.944;1.005;1.060;1.173,16.24,11.0,12.57,5.24,6.01
1056,Грязовецкий муниципальный округ,Вологодская область,T4,2015;2316;1287;1624;1146,0.420;0.659;0.663;0.674;0.684,9.35,13.08,12.57,-3.72,-1.29
1057,Кадуйский муниципальный округ,Вологодская область,T4,902;2151;911;216;2027,0.562;0.872;1.157;1.200;1.244,9.57,12.92,12.57,-3.35,-3.0
1058,Кирилловский муниципальный округ,Вологодская область,T4,1638;714;742;2199;2018,0.720;0.804;0.892;0.917;1.001,5.62,11.9,12.57,-6.28,-4.55
1059,Кичменгско-Городецкий муниципальный округ,Вологодская область,T3,2208;460;2201;242;1155,0.804;0.808;0.826;1.117;1.139,13.5,12.4,12.57,1.11,0.7
1060,Междуреченский муниципальный округ,Вологодская область,T4,1546;1347;1733;1277;1128,1.092;1.240;1.390;1.391;1.429,7.01,13.22,12.57,-6.21,-4.44
1061,Никольский муниципальный округ,Вологодская область,T5,2195;2208;1148;2201;1254,0.700;0.729;0.742;0.838;0.917,14.05,14.56,12.57,-0.51,0.29
1062,Нюксенский муниципальный округ,Вологодская область,T5,2208;2204;455;460;722,0.491;0.928;1.062;1.168;1.248,7.35,14.99,12.57,-7.65,-5.2
1063,Сокольский муниципальный округ,Вологодская область,T4,2334;2886;2336;739;1285,0.343;0.540;0.561;0.629;0.639,14.35,14.02,12.57,0.33,1.52
1064,Сямженский муниципальный округ,Вологодская область,T5,456;1602;701;1657;2198,0.739;0.808;0.896;0.904;0.966,6.33,13.54,12.57,-7.21,-7.39
1065,Тарногский муниципальный округ,Вологодская область,T5,1602;2195;456;457;1544,0.552;0.625;0.826;0.884;0.915,12.85,13.44,12.57,-0.58,1.15
1066,Тотемский муниципальный округ,Вологодская область,T4,216;739;697;1146;908,0.411;0.524;0.589;0.601;0.635,12.57,11.96,12.57,0.61,0.77
1067,Усть-Кубинский муниципальный округ,Вологодская область,T5,900;1777;1582;457;710,0.533;0.550;0.714;0.743;0.748,9.66,14.11,12.57,-4.46,-3.5
1068,Устюженский муниципальный округ,Вологодская область,T4,913;1619;2027;1612;451,0.972;1.094;1.148;1.193;1.261,15.53,15.15,12.57,0.38,1.89
1069,Харовский муниципальный округ,Вологодская область,T4,233;280;736;1312;1310,1.160;1.423;1.447;1.482;1.542,10.66,14.4,12.57,-3.75,-2.34
1070,Чагодощенский муниципальный округ,Вологодская область,T4,2230;208;1143;214;2231,1.120;1.162;1.226;1.352;1.392,12.94,12.2,12.57,0.74,1.64
1071,Череповецкий муниципальный район,Вологодская область,T3,601;459;55;1275;757,0.913;1.003;1.162;1.200;1.237,15.89,16.34,12.57,-0.46,0.14
1072,Шекснинский муниципальный район,Вологодская область,T4,911;2027;216;908;231,0.694;0.824;0.877;0.877;0.880,12.66,12.71,12.57,-0.05,-0.37
1107,городской округ Иваново,Ивановская область,T3,1986;2282;2318;988;2004,0.322;0.322;0.375;0.381;0.385,18.05,18.14,15.3,-0.1,0.42
1108,городской округ Вичуга,Ивановская область,T4,1329;1780;1306;1712;2059,0.635;0.646;0.680;0.723;0.747,15.71,12.69,15.3,3.01,4.03
1109,городской округ Кинешма,Ивановская область,T3,2019;511;1659;1906;1603,0.442;0.474;0.485;0.559;0.619,17.78,17.69,15.3,0.09,0.62
1110,городской округ Кохма,Ивановская область,T4,2001;270;670;1996;2886,0.494;0.495;0.553;0.638;0.655,17.73,14.41,15.3,3.32,2.4
1111,городской округ Тейково,Ивановская область,T4,1778;2336;1549;2334;1786,0.691;0.705;0.712;0.712;0.884,12.54,14.89,15.3,-2.35,-4.65
1112,городской округ Шуя,Ивановская область,T4,2062;1709;1413;2001;987,0.368;0.627;0.640;0.651;0.660,17.42,15.43,15.3,1.99,1.21
1113,Вичугский муниципальный район,Ивановская область,T4,1002;2055;2321;1329;2052,0.552;0.600;0.602;0.742;0.809,22.5,12.88,15.3,9.62,10.58
1115,Гаврилово-Посадский муниципальный район,Ивановская область,T4,1329;1903;2052;1712;1627,0.588;0.664;0.685;0.786;0.821,15.41,12.73,15.3,2.67,3.2
1116,Заволжский муниципальный район,Ивановская область,T6,2081;2053;1712;2184;1888,0.478;0.485;0.487;0.508;0.543,19.57,15.91,15.3,3.66,4.44
1117,Ивановский муниципальный район,Ивановская область,T3,2337;2228;1905;448;2033,0.520;0.597;0.655;0.664;0.666,19.58,15.03,15.3,4.55,4.26
1118,Ильинский муниципальный район,Ивановская область,T6,2112;1869;2178;2321;2052,1.481;1.530;1.530;1.636;1.714,15.2,17.91,15.3,-2.71,-1.6
1119,Кинешемский муниципальный район,Ивановская область,T4,1588;1146;1770;233;2327,0.330;0.706;0.757;0.771;0.795,14.0,13.54,15.3,0.46,0.71
1120,Комсомольский муниципальный район,Ивановская область,T4,2329;2330;1878;2324;1002,0.783;0.964;1.125;1.148;1.255,11.93,11.42,15.3,0.51,1.11
1121,Лежневский муниципальный район,Ивановская область,T4,1304;1686;734;2329;2330,0.749;0.785;0.857;0.909;0.927,8.72,11.8,15.3,-3.08,-2.55
1122,Лухский муниципальный район,Ивановская область,T4,1312;1655;1069;1052;280,1.105;1.560;1.618;1.689;1.695,13.88,15.12,15.3,-1.24,-2.78
1123,Палехский муниципальный район,Ивановская область,T4,1686;1588;2055;1627;2031,0.844;0.967;0.987;1.013;1.039,15.16,12.73,15.3,2.43,2.96
1124,Пестяковский муниципальный район,Ивановская область,T4,1781;1312;19;1590;2134,1.083;1.574;1.607;1.661;1.746,9.35,11.47,15.3,-2.11,-2.73
1125,Приволжский муниципальный район,Ивановская область,T4,1770;1731;1316;271;1894,0.548;0.616;0.661;0.670;0.675,16.12,14.52,15.3,1.6,1.09
1126,Пучежский муниципальный район,Ивановская область,T6,1850;2267;1943;304;302,0.817;1.092;1.198;1.251;1.277,15.72,13.17,15.3,2.54,1.84
1127,Родниковский муниципальный район,Ивановская область,T4,2293;2324;2325;2329;2330,0.993;0.997;1.031;1.033;1.085,14.19,13.39,15.3,0.8,1.05
1128,Савинский муниципальный район,Ивановская область,T4,1060;1776;1286;1579;2321,1.429;1.647;1.848;1.858;1.858,14.18,12.5,15.3,1.69,-0.88
1129,Тейковский муниципальный район,Ивановская область,T4,734;1304;1686;1989;1776,0.870;0.975;1.094;1.136;1.177,14.21,12.76,15.3,1.46,-0.85
1130,Фурмановский муниципальный район,Ивановская область,T4,1321;2324;2293;1634;1885,0.370;0.871;0.985;1.077;1.078,13.12,16.42,15.3,-3.29,-1.62
1131,Шуйский муниципальный район,Ивановская область,T3,1659;1160;505;511;1232,0.492;0.499;0.514;0.560;0.596,18.3,14.94,15.3,3.37,1.4
1132,Южский муниципальный район,Ивановская область,T4,2031;1627;1588;1770;2064,0.742;0.767;0.778;0.798;0.866,12.27,14.5,15.3,-2.23,-1.4
1133,Юрьевецкий муниципальный район,Ивановская область,T6,2112;2134;914;1717;2264,0.435;0.767;1.120;1.123;1.143,17.79,13.03,15.3,4.76,2.61
1134,городской округ город Иркутск,Иркутская область,T1,666;2190;727;1971;21,0.306;0.371;0.398;0.412;0.483,15.0,16.0,14.25,-1.0,-1.25
1135,городской округ Ангарский,Иркутская область,T3,2000;1233;1236;2004;1107,0.322;0.349;0.378;0.403;0.441,15.79,18.05,14.25,-2.26,-1.2
1136,городской округ город Братск,Иркутская область,T3,224;2337;2006;2620;1527,0.434;0.457;0.463;0.535;0.552,14.32,16.15,14.25,-1.84,-2.32
1137,городской округ Зима,Иркутская область,T5,1609;1249;535;1254;2203,0.499;0.551;0.688;0.724;0.758,14.04,16.42,14.25,-2.38,-0.62
1138,городской округ город Саянск,Иркутская область,T3,671;766;450;677;2012,0.522;0.664;0.668;0.696;0.721,12.41,11.92,14.25,0.49,1.7
1139,городской округ город Тулун,Иркутская область,T5,2191;722;725;2203;1609,0.645;0.655;0.723;0.752;0.836,16.16,15.83,14.25,0.33,1.31
1140,городской округ город Усолье-Сибирское,Иркутская область,T3,509;1668;2282;1238;1236,0.393;0.400;0.439;0.480;0.501,15.11,19.34,14.25,-4.23,-1.46
1141,городской округ город Усть-Илимск,Иркутская область,T3,667;2620;892;674;2235,0.534;0.651;0.736;0.737;0.760,11.09,15.5,14.25,-4.41,-5.3
1142,городской округ город Черемхово,Иркутская область,T3,2194;2191;2203;453;1987,0.421;0.443;0.498;0.763;0.777,16.55,13.97,14.25,2.58,1.71
1143,городской округ город Свирск,Иркутская область,T4,903;1066;908;2327;241,0.754;0.827;0.887;0.924;0.933,13.45,11.94,14.25,1.51,-0.57
1144,Балаганский муниципальный район,Иркутская область,T6,2198;2150;691;1024;705,0.634;0.880;0.895;0.976;0.996,11.76,13.28,14.25,-1.52,-2.22
1146,Братский муниципальный район,Иркутская область,T4,1066;739;1588;1285;240,0.601;0.613;0.626;0.669;0.676,11.96,13.05,14.25,-1.09,-2.29
1147,Жигаловский муниципальный район,Иркутская область,T3,1225;685;1615;599;81,0.649;0.818;0.827;0.957;0.979,22.27,16.82,14.25,5.46,5.05
1148,Заларинский муниципальный район,Иркутская область,T5,1061;2195;2208;2201;1065,0.742;0.839;0.951;1.073;1.090,15.92,13.44,14.25,2.48,1.39
1149,Зиминский муниципальный район,Иркутская область,T5,455;459;453;1059;515,0.992;1.218;1.274;1.402;1.415,15.25,14.99,14.25,0.25,0.06
1150,Иркутский муниципальный район,Иркутская область,T1,76;7;693;2312;2210,0.926;0.941;0.945;0.976;0.995,16.96,19.41,14.25,-2.45,-2.86
1151,Казачинско-Ленский муниципальный район,Иркутская область,T4,671;675;780;2155;669,0.502;0.966;1.010;1.038;1.050,18.46,15.29,14.25,3.17,3.93
1152,Катангский муниципальный район,Иркутская область,T2,848;720;2345;853;857,1.220;1.699;1.786;1.795;1.933,12.56,13.72,14.25,-1.16,-0.59
1153,Качугский муниципальный район,Иркутская область,T5,510;674;1668;1117;2192,1.116;1.128;1.188;1.192;1.204,12.91,18.55,14.25,-5.64,-5.5
1154,Киренский муниципальный район,Иркутская область,T4,1227;1973;998;1972;675,0.589;0.599;0.784;0.834;0.852,21.15,16.91,14.25,4.23,5.45
1155,Куйтунский муниципальный район,Иркутская область,T5,460;1059;2208;1062;589,1.066;1.139;1.399;1.414;1.450,10.79,13.5,14.25,-2.72,-4.39
1157,Нижнеилимский муниципальный район,Иркутская область,T4,1975;223;1988;909;2327,0.673;0.679;0.712;0.869;0.877,14.12,9.96,14.25,4.16,3.39
1158,Нижнеудинский муниципальный район,Иркутская область,T5,2041;511;2039;1449;1612,0.509;0.552;0.560;0.656;0.673,15.3,14.73,14.25,0.56,2.56
1159,Ольхонский муниципальный район,Иркутская область,T5,1558;386;721;395;1240,1.566;1.627;1.737;1.781;1.879,9.72,14.4,14.25,-4.68,-4.15
1160,Слюдянский муниципальный район,Иркутская область,T3,1131;1540;511;680;677,0.499;0.518;0.575;0.582;0.590,14.25,19.62,14.25,-5.37,-4.84
1161,Тайшетский муниципальный район,Иркутская область,T4,450;1987;905;767;1051,0.540;0.569;0.623;0.650;0.718,13.54,15.68,14.25,-2.14,-3.17
1163,Усольский муниципальный район,Иркутская область,T3,511;1131;1659;1604;1109,0.483;0.669;0.688;0.735;0.755,16.76,18.3,14.25,-1.54,-0.49
1164,Усть-Илимский муниципальный район,Иркутская область,T2,1070;230;284;1057;1069,1.578;1.625;1.668;1.705;1.734,18.44,10.66,14.25,7.78,6.96
1165,Усть-Кутский муниципальный район,Иркутская область,T2,2232;2236;333;2229;2233,0.559;0.568;0.883;0.964;0.966,13.85,13.87,14.25,-0.02,0.68
1166,Усть-Удинский муниципальный район,Иркутская область,T5,705;2206;695;2204;2196,0.752;0.766;0.920;0.940;0.954,14.8,13.6,14.25,1.2,0.33
1167,Черемховский муниципальный район,Иркутская область,T5,1256;2041;1630;2030;723,0.491;0.609;0.644;0.645;0.665,16.76,14.77,14.25,2.0,3.21
1168,Чунский муниципальный район,Иркутская область,T5,360;1612;2027;2039;1308,0.430;0.568;0.579;0.677;0.678,14.94,15.15,14.25,-0.21,1.37
1169,Шелеховский муниципальный район,Иркутская область,T3,1238;38;509;1229;679,0.495;0.618;0.673;0.679;0.688,14.94,17.3,14.25,-2.37,-1.49
1170,Аларский муниципальный район,Иркутская область,T5,515;455;1254;453;2203,0.546;0.645;0.713;0.734;0.753,7.54,16.42,14.25,-8.88,-8.87
1171,Баяндаевский муниципальный район,Иркутская область,T5,11;13;405;8;402,0.952;1.542;1.778;1.831;1.935,7.0,19.74,14.25,-12.73,-9.63
1172,Боханский муниципальный район,Иркутская область,T5,16;459;453;515;455,1.111;1.131;1.190;1.216;1.229,10.01,14.99,14.25,-4.98,-4.21
1173,Нукутский муниципальный район,Иркутская область,T5,692;598;696;529;2262,0.959;1.015;1.187;1.215;1.269,10.0,13.15,14.25,-3.15,-3.36
1174,Осинский муниципальный район,Иркутская область,T5,79;1178;2203;60;1192,0.588;0.753;0.777;0.807;0.822,9.7,16.42,14.25,-6.72,-5.7
1175,Эхирит-Булагатский муниципальный район,Иркутская область,T5,79;53;40;60;601,0.490;0.501;0.640;0.749;0.876,9.57,14.91,14.25,-5.34,-6.51
1176,городской округ город Калининград,Калининградская область,T1,1971;775;1134;21;842,1.009;1.074;1.078;1.083;1.127,17.08,15.85,15.78,1.23,0.45
1178,городской округ Мамоновский,Калининградская область,T5,366;60;79;1603;2203,0.407;0.616;0.651;0.652;0.669,5.46,16.42,15.78,-10.95,-12.17
1179,городской округ Пионерский,Калининградская область,T4,508;741;1334;2288;1982,0.607;0.646;0.727;0.737;0.781,12.11,18.89,15.78,-6.78,-7.95
1180,городской округ Светловский,Калининградская область,T4,2335;585;1259;1992;1672,0.890;1.108;1.146;1.154;1.326,3.09,16.93,15.78,-13.84,-16.53
1181,городской округ Советский,Калининградская область,T3,44;584;731;1234;420,0.454;0.492;0.626;0.631;0.671,15.71,16.64,15.78,-0.93,-2.72
1184,городской округ Балтийский,Калининградская область,T2,883;1672;891;234;236,0.788;0.805;0.905;0.967;1.068,14.19,12.4,15.78,1.79,-1.82
1185,муниципальный округ Гвардейский,Калининградская область,T4,22;1302;1633;807;1674,0.786;0.828;0.917;0.945;0.983,9.78,10.71,15.78,-0.93,-5.2
1186,муниципальный округ Гурьевский,Калининградская область,T1,872;666;1134;73;785,0.755;1.043;1.045;1.086;1.117,19.56,16.99,15.78,2.57,1.59
1187,городской округ Гусевский,Калининградская область,T3,763;3011;584;748;2809,0.700;0.717;0.722;0.734;0.817,14.77,17.3,15.78,-2.53,-4.54
1188,муниципальный округ Зеленоградский,Калининградская область,T1,2144;1632;2275;2000;1971,0.436;0.594;0.732;0.769;0.825,24.74,17.01,15.78,7.73,6.12
1189,муниципальный округ Краснознаменский,Калининградская область,T5,242;1625;1654;744;235,0.550;0.603;0.651;0.698;0.705,18.69,12.93,15.78,5.77,3.11
1190,городской округ Светлогорский,Калининградская область,T1,2275;1224;504;727;1979,0.371;0.437;0.460;0.472;0.518,20.33,17.83,15.78,2.5,1.48
1191,муниципальный округ Неманский,Калининградская область,T3,579;807;738;805;2215,0.855;0.883;0.887;0.893;0.918,17.75,13.84,15.78,3.91,2.41
1192,муниципальный округ Нестеровский,Калининградская область,T5,366;1275;1609;1249;1174,0.717;0.725;0.774;0.791;0.822,16.93,15.83,15.78,1.1,1.15
1193,муниципальный округ Озерский,Калининградская область,T5,505;1603;440;283;1675,0.544;0.615;0.661;0.665;0.669,15.78,17.92,15.78,-2.14,-3.47
1194,муниципальный округ Полесский,Калининградская область,T3,52;436;425;41;2286,1.489;1.522;1.633;1.695;1.739,8.65,13.6,15.78,-4.95,-6.6
1195,муниципальный округ Правдинский,Калининградская область,T6,536;547;1897;561;1606,0.327;0.561;0.715;0.775;0.800,9.17,13.17,15.78,-4.0,-5.16
1196,муниципальный округ Славский,Калининградская область,T5,443;31;366;444;758,0.785;0.799;0.864;0.888;0.919,16.98,10.85,15.78,6.13,5.18
1197,муниципальный округ Черняховский,Калининградская область,T3,584;763;754;23;44,0.638;0.662;0.728;0.748;0.771,16.35,16.31,15.78,0.04,-1.97
1198,городской округ город Калуга,Калужская область,T3,2101;1397;986;1560;1496,0.156;0.538;0.567;0.582;0.603,16.51,17.13,13.85,-0.62,2.1
1200,Бабынинский муниципальный район,Калужская область,T4,1912;2111;1785;1015;1316,0.296;0.414;0.533;0.548;0.554,9.12,16.72,13.85,-7.6,-4.46
1201,Барятинский муниципальный район,Калужская область,T6,1582;2143;2142;1585;1415,0.647;0.705;0.750;0.817;0.856,14.75,14.11,13.85,0.64,0.89
1203,Дзержинский муниципальный район,Калужская область,T4,2183;451;1785;2264;2120,0.532;0.534;0.574;0.641;0.678,11.07,13.66,13.85,-2.59,-1.53
1204,Думиничский муниципальный район,Калужская область,T6,715;1901;1774;691;2046,0.309;0.448;0.566;0.619;0.653,10.88,12.13,13.85,-1.26,1.16
1205,Жиздринский муниципальный район,Калужская область,T6,1580;2162;1907;1419;307,0.610;0.634;0.650;0.655;0.676,15.56,13.56,13.85,2.0,2.28
1206,Жуковский муниципальный район,Калужская область,T4,2105;2111;1589;1912;2189,0.569;0.595;0.666;0.704;0.766,13.85,15.99,13.85,-2.14,0.17
1207,Кировский муниципальный район,Калужская область,T3,920;1846;1422;2113;1005,0.298;0.460;0.468;0.527;0.630,18.31,17.46,13.85,0.86,3.38
1208,Износковский муниципальный район,Калужская область,T6,2207;1613;765;930;1320,0.838;0.848;0.871;0.899;0.921,19.05,10.1,13.85,8.95,10.63
1209,Козельский муниципальный район,Калужская область,T4,1785;1005;1422;1846;920,0.467;0.518;0.558;0.589;0.606,13.43,15.81,13.85,-2.38,-1.5
1210,Куйбышевский муниципальный район,Калужская область,T6,1872;2143;294;1415;2142,0.884;0.911;0.995;1.005;1.052,11.33,16.89,13.85,-5.56,-2.53
1211,Людиновский муниципальный район,Калужская область,T4,2287;1912;1026;1422;1427,0.681;0.735;0.738;0.771;0.775,18.05,15.97,13.85,2.08,3.11
1212,Малоярославецкий муниципальный район,Калужская область,T3,1577;2168;991;1526;2188,0.401;0.534;0.561;0.567;0.568,17.19,19.37,13.85,-2.18,0.83
1213,Медынский муниципальный район,Калужская область,T4,2064;2139;1019;1769;1717,0.741;0.751;0.758;0.799;0.819,12.49,14.63,13.85,-2.14,0.28
1214,Мещовский муниципальный район,Калужская область,T6,2132;2066;1312;691;1627,0.474;0.808;0.814;0.825;0.842,6.19,16.85,13.85,-10.66,-8.24
1215,Мосальский муниципальный район,Калужская область,T6,1328;2140;1853;2129;1852,0.560;0.926;0.964;0.967;0.981,11.61,12.94,13.85,-1.33,0.75
1217,Спас-Деменский муниципальный район,Калужская область,T6,1622;1727;1775;1593;2129,0.659;0.754;0.809;0.851;0.902,15.3,12.05,13.85,3.25,2.93
1218,Сухиничский муниципальный район,Калужская область,T4,2129;1862;1581;1025;1910,0.500;0.511;0.512;0.531;0.557,12.68,15.05,13.85,-2.37,-1.42
1219,Тарусский муниципальный район,Калужская область,T4,2180;2171;2111;2174;1583,0.798;0.833;0.887;0.904;0.906,9.63,14.09,13.85,-4.47,-1.18
1220,Ульяновский муниципальный район,Калужская область,T6,1328;2125;1593;2065;2140,0.435;0.722;0.818;0.951;1.006,21.98,14.14,13.85,7.84,9.61
1221,Ферзиковский муниципальный район,Калужская область,T3,1788;2120;2113;920;1422,0.673;0.703;0.714;0.757;0.781,23.43,15.88,13.85,7.55,9.26
1222,Хвастовичский муниципальный район,Калужская область,T6,1737;1725;2267;1848;2181,0.512;0.767;0.773;0.778;0.818,10.55,14.79,13.85,-4.23,-4.44
1223,Юхновский муниципальный район,Калужская область,T6,2185;1848;307;1423;1856,0.357;0.394;0.405;0.522;0.570,8.23,14.35,13.85,-6.11,-4.15
1224,городской округ Кемеровский,Кемеровская область,T1,1977;1979;2275;1190;2161,0.329;0.424;0.432;0.437;0.471,17.78,18.86,17.67,-1.08,-3.53
1225,городской округ Анжеро-Судженский,Кемеровская область,T3,1147;1599;3005;989;452,0.649;0.678;0.724;0.744;0.747,15.64,18.56,17.67,-2.92,-5.82
1226,городской округ Беловский,Кемеровская область,T3,452;1599;989;1985;1995,0.413;0.441;0.465;0.510;0.585,17.1,17.98,17.67,-0.88,-3.49
1227,городской округ Березовский,Кемеровская область,T4,1972;1608;1154;2012;2008,0.321;0.581;0.589;0.598;0.683,15.87,19.24,17.67,-3.37,-6.04
1228,городской округ Калтанский,Кемеровская область,T3,2060;1922;1904;2311;1577,0.610;0.703;0.711;0.732;0.742,18.23,15.25,17.67,2.98,-1.16
1229,городской округ Киселевский,Кемеровская область,T3,679;1980;2280;1303;1140,0.442;0.502;0.583;0.585;0.602,15.48,18.81,17.67,-3.33,-4.01
1230,городской округ Ленинск-Кузнецкий,Кемеровская область,T3,686;676;1599;1333;452,0.374;0.467;0.583;0.590;0.669,16.98,20.81,17.67,-3.83,-6.03
1231,городской округ Междуреченский,Кемеровская область,T3,892;1993;2006;224;1136,0.418;0.489;0.607;0.620;0.627,15.97,14.32,17.67,1.65,-3.31
1232,городской округ Мысковский,Кемеровская область,T3,767;1985;1131;680;1160,0.410;0.502;0.596;0.609;0.628,14.94,17.92,17.67,-2.99,-5.65
1233,городской округ Новокузнецкий,Кемеровская область,T3,1135;1258;2000;504;1190,0.349;0.458;0.497;0.518;0.526,16.96,17.83,17.67,-0.88,-4.8
1234,городской округ Осинниковский,Кемеровская область,T3,44;2288;1978;2280;679,0.461;0.535;0.569;0.569;0.573,16.64,20.83,17.67,-4.19,-4.72
1235,городской округ Полысаевский,Кемеровская область,T3,505;1765;989;2311;1985,0.501;0.525;0.532;0.532;0.591,18.05,17.98,17.67,0.07,-2.83
1236,городской округ Прокопьевский,Кемеровская область,T3,1135;422;2004;1986;2000,0.378;0.390;0.393;0.423;0.459,16.83,18.75,17.67,-1.92,-4.59
1237,городской округ Тайгинский,Кемеровская область,T4,2060;2311;2333;1904;2287,0.473;0.517;0.564;0.647;0.702,19.08,15.56,17.67,3.52,1.41
1238,городской округ Юргинский,Кемеровская область,T3,44;1140;1169;38;509,0.401;0.480;0.495;0.510;0.510,19.85,15.27,17.67,4.59,0.76
1240,Беловский муниципальный округ,Кемеровская область,T5,20;1572;386;18;14,0.786;0.821;0.908;0.965;1.012,24.11,15.87,17.67,8.25,6.18
1241,Гурьевский муниципальный округ,Кемеровская область,T3,1904;756;274;2311;1262,0.409;0.583;0.588;0.637;0.674,19.35,14.43,17.67,4.93,1.34
1242,Ижморский муниципальный округ,Кемеровская область,T6,1547;1573;1614;1580;706,0.483;0.498;0.533;0.622;0.645,18.94,15.69,17.67,3.26,1.05
1243,Кемеровский муниципальный округ,Кемеровская область,T3,686;26;2210;757;676,0.492;0.504;0.605;0.636;0.647,20.99,20.81,17.67,0.18,-2.35
1244,Крапивинский муниципальный округ,Кемеровская область,T4,747;1533;2015;668;1004,0.296;0.433;0.498;0.528;0.531,15.18,13.08,17.67,2.11,-0.56
1246,Мариинский муниципальный округ,Кемеровская область,T5,529;36;369;301;517,0.576;0.836;0.865;0.881;0.914,18.06,15.9,17.67,2.16,-1.33
1249,Промышленновский муниципальный округ,Кемеровская область,T5,1609;1137;535;591;1625,0.466;0.551;0.571;0.708;0.751,18.07,14.99,17.67,3.08,0.4
1250,Таштагольский муниципальный район,Кемеровская область,T3,2235;1905;218;2192;1393,0.538;0.793;0.901;0.972;0.982,18.7,17.54,17.67,1.17,-3.13
1251,Тисульский муниципальный округ,Кемеровская область,T5,1621;1689;1566;1421;1628,0.463;0.683;0.705;0.742;0.744,16.65,15.17,17.67,1.48,-1.21
1252,Топкинский муниципальный округ,Кемеровская область,T3,756;2289;1972;505;2008,0.466;0.606;0.627;0.649;0.673,21.94,19.24,17.67,2.7,0.45
1253,Тяжинский муниципальный округ,Кемеровская область,T6,1543;2094;1722;1941;1902,0.371;0.558;0.585;0.638;0.646,15.29,12.23,17.67,3.06,-1.88
1254,Чебулинский муниципальный округ,Кемеровская область,T5,1609;1572;1170;1137;2203,0.496;0.696;0.713;0.724;0.843,19.83,15.83,17.67,4.0,2.16
1256,Яйский муниципальный округ,Кемеровская область,T5,1630;1167;1621;1628;2206,0.455;0.491;0.528;0.548;0.585,17.56,15.79,17.67,1.78,-0.06
1257,Яшкинский муниципальный округ,Кемеровская область,T5,749;512;769;723;703,0.811;0.833;0.849;0.890;0.897,19.35,13.93,17.67,5.41,2.37
1258,городской округ город Киров,Кировская область,T3,1233;1665;26;504;76,0.458;0.524;0.539;0.540;0.579,17.38,17.83,11.5,-0.45,2.66
1259,городской округ город Вятские Поляны,Кировская область,T4,1334;508;2335;1180;1694,0.771;1.092;1.101;1.146;1.150,14.82,18.89,11.5,-4.07,-0.97
1260,городской округ город Кирово-Чепецк,Кировская область,T3,2005;1974;1990;2320;2288,0.428;0.429;0.558;0.564;0.588,15.19,17.39,11.5,-2.2,1.3
1261,городской округ город Котельнич,Кировская область,T4,1656;2163;2149;545;1533,0.478;0.567;0.640;0.643;0.670,12.49,10.04,11.5,2.45,4.32
1262,городской округ город Слободской,Кировская область,T4,440;543;1904;382;559,0.543;0.580;0.604;0.613;0.618,14.43,14.07,11.5,0.36,3.47
1264,муниципальный округ Арбажский,Кировская область,T5,606;395;372;696;598,2.388;3.099;3.117;3.163;3.164,13.27,12.2,11.5,1.08,2.98
1265,муниципальный округ Афанасьевский,Кировская область,T4,283;440;497;1193;737,0.704;0.716;0.772;0.831;0.862,9.3,17.92,11.5,-8.63,-5.68
1266,Белохолуницкий муниципальный район,Кировская область,T6,2054;2152;1340;1596;528,0.736;0.824;0.906;0.913;0.945,7.86,12.69,11.5,-4.83,-2.37
1267,муниципальный округ Богородский,Кировская область,T6,907;852;880;442;796,3.199;3.205;3.232;3.285;3.296,10.5,10.87,11.5,-0.38,0.88
1268,муниципальный округ Верхнекамский,Кировская область,T5,1766;275;235;904;1611,0.567;0.617;0.620;0.741;0.773,11.74,11.91,11.5,-0.17,2.08
1269,Верхошижемский муниципальный район,Кировская область,T6,557;567;1311;2022;541,0.536;0.562;0.801;0.976;0.979,10.03,12.7,11.5,-2.66,0.44
1270,Вятскополянский муниципальный район,Кировская область,T4,2297;1878;1692;1305;1994,0.735;0.831;1.087;1.092;1.392,13.07,12.63,11.5,0.45,3.94
1271,Даровской муниципальный район,Кировская область,T6,1355;557;566;525;541,0.514;0.618;0.628;0.701;0.860,13.62,12.87,11.5,0.74,3.85
1272,Зуевский муниципальный район,Кировская область,T4,1715;2154;898;2315;999,0.892;0.893;1.003;1.034;1.035,9.75,12.08,11.5,-2.32,-0.46
1273,муниципальный округ Кикнурский,Кировская область,T6,557;1311;428;1918;1355,0.919;0.953;0.964;0.979;1.114,14.07,13.82,11.5,0.25,1.62
1274,Кильмезский муниципальный район,Кировская область,T5,696;1635;598;1358;1173,0.795;1.053;1.088;1.323;1.341,10.61,11.03,11.5,-0.42,0.7
1275,Кирово-Чепецкий муниципальный район,Кировская область,T3,55;1603;1178;1192;2885,0.673;0.694;0.699;0.725;0.758,16.2,16.34,11.5,-0.15,3.54
1276,Котельничский муниципальный район,Кировская область,T4,1649;787;1357;1337;1326,0.629;0.914;1.008;1.026;1.030,5.15,16.52,11.5,-11.37,-7.92
1277,Куменский муниципальный район,Кировская область,T4,1338;1574;2154;1060;2332,1.123;1.126;1.380;1.391;1.406,7.68,11.68,11.5,-4.0,-1.24
1278,муниципальный округ Лебяжский,Кировская область,T6,746;1730;552;1649;2292,0.521;0.604;0.751;0.760;0.787,11.04,12.06,11.5,-1.01,3.51
1279,муниципальный округ Лузский,Кировская область,T5,900;1766;275;238;1777,0.731;0.732;0.751;0.757;0.776,12.76,13.0,11.5,-0.24,2.34
1280,Малмыжский муниципальный район,Кировская область,T6,1730;1663;531;1664;1338,0.578;0.580;0.727;0.750;0.802,11.8,12.06,11.5,-0.26,0.84
1281,муниципальный округ Мурашинский,Кировская область,T4,914;1610;2264;2128;925,0.625;0.713;0.841;0.842;0.932,9.31,13.03,11.5,-3.72,1.37
1282,Нагорский муниципальный район,Кировская область,T6,796;442;48;74;33,1.696;2.250;2.299;2.354;2.408,11.55,11.75,11.5,-0.2,2.92
1284,Нолинский муниципальный район,Кировская область,T4,1341;2163;3012;538;999,0.682;0.786;0.808;0.815;0.824,11.63,12.8,11.5,-1.17,2.46
1285,Омутнинский муниципальный район,Кировская область,T4,2334;697;1063;1146;745,0.474;0.502;0.639;0.669;0.718,9.96,14.17,11.5,-4.21,-1.95
1286,муниципальный округ Опаринский,Кировская область,T4,1688;2332;2294;1337;1653,0.846;0.925;1.036;1.236;1.293,12.5,12.97,11.5,-0.47,3.58
1287,Оричевский муниципальный район,Кировская область,T4,1056;747;2316;2015;745,0.663;0.795;0.798;0.809;0.930,8.38,13.08,11.5,-4.69,-1.19
1288,Орловский муниципальный район,Кировская область,T4,572;1646;489;2037;2152,0.720;0.908;0.925;0.985;0.995,9.27,12.58,11.5,-3.31,-0.91
1289,муниципальный округ Пижанский,Кировская область,T5,43;438;58;65;446,0.692;0.717;0.790;0.828;0.971,10.52,13.6,11.5,-3.08,-0.33
1290,Подосиновский муниципальный район,Кировская область,T4,1653;2018;752;281;774,0.628;0.653;0.744;0.752;0.756,12.32,9.15,11.5,3.18,4.2
1291,муниципальный округ Санчурский,Кировская область,T6,433;761;557;428;550,0.754;0.799;0.911;0.968;1.037,12.0,14.79,11.5,-2.8,0.31
1292,муниципальный округ Свечинский,Кировская область,T4,1356;521;1646;2157;2315,0.535;0.578;0.647;0.676;0.691,10.21,12.92,11.5,-2.71,-1.48
1293,Слободской муниципальный район,Кировская область,T4,2276;2287;382;1112;559,0.810;0.825;0.850;0.870;0.871,11.1,17.42,11.5,-6.32,-0.62
1294,Советский муниципальный район,Кировская область,T4,497;527;543;559;1634,0.523;0.722;0.814;0.882;0.916,12.96,15.27,11.5,-2.31,0.8
1295,Сунский муниципальный район,Кировская область,T4,2326;2154;1644;1574;1338,1.170;1.186;1.187;1.216;1.224,5.24,11.68,11.5,-6.44,-4.31
1296,Тужинский муниципальный район,Кировская область,T5,564;1358;1657;519;571,0.455;0.548;0.619;0.629;0.652,15.23,13.34,11.5,1.9,5.0
1297,муниципальный округ Унинский,Кировская область,T6,880;796;442;852;2342,2.019;2.066;2.071;2.129;2.140,11.13,11.75,11.5,-0.62,-0.16
1298,Уржумский муниципальный район,Кировская область,T6,1730;746;531;1664;552,0.545;0.587;0.741;0.772;0.792,11.5,12.06,11.5,-0.55,0.57
1299,муниципальный округ Фаленский,Кировская область,T6,567;557;525;1355;2037,0.901;0.940;0.987;1.038;1.116,10.65,12.7,11.5,-2.05,1.06
1300,Шабалинский муниципальный район,Кировская область,T5,2317;1357;749;1651;1661,0.471;0.626;0.658;0.664;0.729,11.55,13.93,11.5,-2.39,-0.13
1301,Юрьянский муниципальный район,Кировская область,T4,538;1108;2325;1610;493,0.716;0.872;0.929;0.952;0.956,7.34,13.39,11.5,-6.06,-2.16
1302,Яранский муниципальный район,Кировская область,T4,1633;440;1193;356;738,0.626;0.714;0.718;0.746;0.755,10.71,13.67,11.5,-2.96,-0.63
1303,городской округ город Кострома,Костромская область,T3,1707;2282;1008;2251;1986,0.178;0.360;0.511;0.522;0.538,18.81,18.0,16.99,0.81,-1.19
1304,городской округ город Буй,Костромская область,T4,1989;734;995;1006;2325,0.377;0.460;0.542;0.569;0.648,11.8,14.84,16.99,-3.04,-3.59
1305,городской округ город Волгореченск,Костромская область,T4,1994;1878;1976;2297;1992,0.544;0.793;0.873;0.883;0.903,3.35,14.02,16.99,-10.67,-12.66
1306,городской округ город Галич,Костромская область,T4,1108;1583;1125;2322;2059,0.680;0.743;0.774;0.811;0.821,13.37,16.05,16.99,-2.68,-4.12
1308,городской округ город Шарья,Костромская область,T4,1612;1168;1535;2183;1203,0.539;0.678;0.680;0.684;0.702,15.6,13.66,16.99,1.94,0.41
1309,Антроповский муниципальный район,Костромская область,T6,2049;1851;1855;1724;516,0.888;1.127;1.250;1.302;1.303,10.09,11.12,16.99,-1.03,-3.27
1310,Буйский муниципальный район,Костромская область,T4,993;723;1627;449;915,0.471;0.552;0.657;0.737;0.762,14.21,14.56,16.99,-0.35,-1.6
1311,Вохомский муниципальный район,Костромская область,T6,1348;2127;541;428;1269,0.712;0.736;0.748;0.792;0.801,17.93,14.95,16.99,2.98,0.6
1312,Галичский муниципальный район,Костромская область,T4,1214;1655;2132;1052;449,0.814;0.878;0.971;1.002;1.029,18.57,14.56,16.99,4.01,0.87
1313,Кадыйский муниципальный район,Костромская область,T6,516;1348;2049;1724;1732,0.692;0.852;0.961;0.971;1.099,18.44,11.22,16.99,7.22,2.85
1314,Кологривский муниципальный округ,Костромская область,T6,1208;699;1613;1349;516,1.174;1.275;1.308;1.371;1.379,19.18,14.35,16.99,4.84,2.45
1315,Костромской муниципальный район,Костромская область,T3,1411;1615;452;1906;397,0.401;0.456;0.581;0.620;0.635,21.89,20.14,16.99,1.75,0.3
1316,Красносельский муниципальный район,Костромская область,T4,1785;1015;1710;1414;1200,0.354;0.449;0.511;0.533;0.554,16.72,10.57,16.99,6.15,2.15
1317,Макарьевский муниципальный район,Костромская область,T6,1348;285;1724;516;1626,0.770;0.905;1.074;1.099;1.151,16.36,12.27,16.99,4.09,0.96
1319,Межевской муниципальный округ,Костромская область,T6,1335;1291;557;549;1273,1.319;1.577;1.628;1.641;1.646,19.01,12.17,16.99,6.85,1.53
1320,Нейский муниципальный округ,Костромская область,T6,699;1724;2156;2127;2067,0.583;0.742;0.784;0.802;0.848,16.14,11.13,16.99,5.02,1.39
1321,муниципальный район город Нерехта и Нерехтский район,Костромская область,T4,1130;2324;1885;2293;1595,0.370;0.834;0.947;0.964;1.020,20.59,15.38,16.99,5.2,4.88
1322,Октябрьский муниципальный район,Костромская область,T6,305;2067;285;2258;1626,0.633;0.665;0.670;0.820;0.851,21.56,12.97,16.99,8.59,6.62
1323,Островский муниципальный округ,Костромская область,T6,1348;296;1724;2127;2257,0.609;0.618;0.639;0.657;0.664,12.81,17.3,16.99,-4.5,-7.45
1324,Павинский муниципальный округ,Костромская область,T6,1640;1339;690;1343;1352,1.027;1.046;1.101;1.241;1.261,20.82,12.45,16.99,8.37,4.2
1325,Парфеньевский муниципальный округ,Костромская область,T6,1605;553;1718;1660;2049,0.871;1.021;1.036;1.055;1.108,17.27,15.23,16.99,2.03,-2.83
1326,Поназыревский муниципальный округ,Костромская область,T4,773;736;1290;770;771,0.774;0.860;0.873;0.894;0.913,18.56,9.58,16.99,8.98,5.75
1327,Пыщугский муниципальный округ,Костромская область,T6,533;1727;285;2054;523,0.988;1.448;1.452;1.543;1.562,19.26,15.52,16.99,3.75,1.36
1328,Солигаличский муниципальный округ,Костромская область,T6,1220;1215;2125;1593;2129,0.435;0.560;0.817;1.000;1.019,7.95,17.38,16.99,-9.43,-9.29
1329,Судиславский муниципальный район,Костромская область,T4,1115;1108;2052;1712;1113,0.588;0.635;0.683;0.712;0.742,12.69,15.71,16.99,-3.01,-4.71
1330,Сусанинский муниципальный район,Костромская область,T6,1908;1868;1728;1850;495,0.841;0.881;0.981;0.985;1.027,10.9,13.33,16.99,-2.43,-4.67
1331,Чухломский муниципальный район,Костромская область,T6,1854;1718;1617;930;570,0.435;0.551;0.768;0.851;0.892,17.53,13.86,16.99,3.67,2.5
1333,городской округ город Курган,Курганская область,T3,509;1995;686;2809;3011,0.386;0.478;0.511;0.542;0.545,21.94,19.07,12.62,2.86,5.24
1334,городской округ город Шадринск,Курганская область,T4,508;1179;1259;731;1592,0.512;0.727;0.771;0.868;0.892,20.07,14.82,12.62,5.24,4.58
1335,Альменевский муниципальный округ,Курганская область,T6,1635;549;569;696;1640,0.812;0.903;1.064;1.098;1.172,20.67,13.26,12.62,7.41,9.5
1336,Белозерский муниципальный округ,Курганская область,T6,549;1324;1746;2260;2271,1.294;1.301;1.329;1.366;1.446,5.88,12.17,12.62,-6.28,-4.3
1337,Варгашинский муниципальный округ,Курганская область,T4,1649;1280;1278;2332;704,0.641;0.849;0.900;0.915;0.997,5.21,12.97,12.62,-7.75,-7.18
1338,Далматовский муниципальный округ,Курганская область,T4,3012;1280;1298;1730;531,0.665;0.802;0.889;0.897;0.913,10.29,12.06,12.62,-1.77,-2.34
1339,Звериноголовский муниципальный округ,Курганская область,T5,1640;1635;1324;549;558,0.919;1.045;1.046;1.213;1.322,7.04,13.51,12.62,-6.47,-5.58
1340,Каргапольский муниципальный округ,Курганская область,T6,1537;1897;562;1416;2094,0.337;0.517;0.552;0.563;0.599,11.35,12.06,12.62,-0.71,1.4
1341,Катайский муниципальный округ,Курганская область,T4,3012;561;2298;1284;548,0.449;0.670;0.679;0.682;0.700,12.8,15.22,12.62,-2.43,0.18
1343,Куртамышский муниципальный округ,Курганская область,T6,1300;1648;1640;690;717,0.744;0.789;0.797;0.911;0.985,12.25,13.51,12.62,-1.26,-0.41
1344,Лебяжьевский муниципальный округ,Курганская область,T6,553;2271;296;2256;1921,0.593;0.720;0.725;0.798;0.833,11.89,13.85,12.62,-1.96,-1.43
1345,муниципальный округ Макушинский,Курганская область,T6,541;433;560;760;441,0.448;0.550;0.625;0.634;0.639,13.42,14.95,12.62,-1.53,1.23
1346,Мишкинский муниципальный округ,Курганская область,T6,1892;541;296;569;566,0.328;0.628;0.667;0.682;0.702,13.19,14.36,12.62,-1.17,0.82
1347,Мокроусовский муниципальный округ,Курганская область,T4,1060;1733;1546;1574;1938,1.240;1.247;1.471;1.597;1.614,13.22,11.68,12.62,1.54,3.69
1348,Петуховский муниципальный округ,Курганская область,T6,1323;1732;1724;1311;2257,0.609;0.622;0.676;0.712;0.765,11.22,15.73,12.62,-4.51,-2.34
1349,Половинский муниципальный округ,Курганская область,T6,2127;1892;541;706;569,0.776;0.819;0.853;0.882;0.890,10.24,14.95,12.62,-4.71,-2.61
1350,Притобольный муниципальный округ,Курганская область,T6,2078;290;1271;2260;566,0.860;0.874;0.887;0.971;1.034,10.17,12.87,12.62,-2.71,-0.72
1351,Сафакулевский муниципальный округ,Курганская область,T5,550;539;1691;1291;74,0.676;0.834;0.897;1.049;1.079,17.32,12.0,12.62,5.32,4.51
1352,Целинный муниципальный округ,Курганская область,T6,1635;1324;1640;558;549,1.223;1.261;1.266;1.297;1.517,12.45,13.51,12.62,-1.07,-0.18
1353,Частоозерский муниципальный округ,Курганская область,T6,1666;1018;1689;1642;547,0.629;0.683;0.698;0.728;0.751,12.93,13.0,12.62,-0.07,0.31
1355,Шатровский муниципальный округ,Курганская область,T6,525;1271;566;557;541,0.306;0.514;0.516;0.849;0.866,13.82,12.87,12.62,0.94,2.93
1356,муниципальный округ Шумихинский,Курганская область,T5,1533;1292;1656;540;554,0.500;0.535;0.556;0.569;0.622,13.71,15.7,12.62,-1.99,0.16
1357,Щучанский муниципальный округ,Курганская область,T4,704;1300;717;749;1651,0.440;0.626;0.696;0.874;0.897,16.52,13.93,12.62,2.59,3.86
1358,Юргамышский муниципальный округ,Курганская область,T6,519;571;1296;760;1657,0.527;0.532;0.548;0.558;0.578,11.03,13.54,12.62,-2.51,-2.75
1392,Бокситогорский муниципальный район,Ленинградская область,T4,2234;2189;1997;1157;2211,0.557;0.811;0.823;0.909;0.910,14.64,14.12,17.14,0.52,-2.38
1393,Волосовский муниципальный район,Ленинградская область,T3,217;2211;2231;1250;902,0.871;0.938;0.967;0.982;1.000,17.33,11.6,17.14,5.74,1.79
1394,Волховский муниципальный район,Ленинградская область,T3,2813;1519;1473;2619;2336,0.605;0.685;0.816;0.823;0.868,18.63,17.63,17.14,0.99,-0.6
1395,Всеволожский муниципальный район,Ленинградская область,T1,1465;1467;1443;2651;1439,0.655;0.693;0.731;0.747;0.750,16.13,15.61,17.14,0.52,-0.38
1396,Выборгский муниципальный район,Ленинградская область,T3,1490;1783;1447;2652;218,0.409;0.505;0.571;0.613;0.616,16.6,17.84,17.14,-1.24,-2.13
1397,Гатчинский муниципальный район,Ленинградская область,T3,2164;1496;2808;1488;2646,0.438;0.475;0.492;0.523;0.524,16.41,16.45,17.14,-0.04,-1.08
1398,Кингисеппский муниципальный район,Ленинградская область,T3,2227;207;2217;2882;1519,0.384;0.584;0.698;0.826;0.855,16.34,13.85,17.14,2.49,0.29
1399,Киришский муниципальный район,Ленинградская область,T3,670;1473;891;1982;1474,1.074;1.119;1.148;1.150;1.213,14.67,14.21,17.14,0.47,-0.69
1400,Кировский муниципальный район,Ленинградская область,T3,2652;1496;2808;1463;1480,0.422;0.449;0.502;0.577;0.588,16.57,16.58,17.14,-0.02,-0.91
1401,Лодейнопольский муниципальный район,Ленинградская область,T3,2813;2336;897;1001;2211,0.576;0.737;0.742;0.825;0.831,20.97,18.65,17.14,2.31,1.42
1402,Ломоносовский муниципальный район,Ленинградская область,T3,1445;1468;3013;1484;7,0.399;0.473;0.508;0.578;0.593,17.78,18.3,17.14,-0.52,-1.29
1403,Лужский муниципальный район,Ленинградская область,T3,2652;1586;1890;1600;2032,0.501;0.548;0.593;0.631;0.634,20.2,19.57,17.14,0.64,-2.94
1404,Подпорожский муниципальный район,Ленинградская область,T3,2336;897;996;1449;911,0.563;0.585;0.611;0.618;0.685,17.7,14.73,17.14,2.97,-1.2
1405,Приозерский муниципальный район,Ленинградская область,T3,2813;1504;996;2211;2177,0.602;0.645;0.756;0.773;0.786,21.3,18.65,17.14,2.65,2.58
1406,Сланцевский муниципальный район,Ленинградская область,T3,221;2234;1519;1518;2233,0.833;0.970;0.976;1.037;1.045,17.56,14.19,17.14,3.38,-0.3
1407,Тихвинский муниципальный район,Ленинградская область,T3,1990;2010;1981;2002;2011,0.400;0.519;0.520;0.542;0.560,19.28,15.07,17.14,4.21,2.07
1408,Тосненский муниципальный район,Ленинградская область,T3,1446;2227;2808;1496;1501,0.528;0.556;0.648;0.686;0.741,16.96,16.45,17.14,0.51,-0.39
1409,городской округ Сосновоборский,Ленинградская область,T3,1464;1481;2646;1575;1845,0.384;0.428;0.887;0.925;1.044,15.39,16.63,17.14,-1.24,-3.63
1410,городской округ город Липецк,Липецкая область,T3,986;1008;1007;1952;2044,0.334;0.345;0.388;0.423;0.433,26.18,17.36,14.72,8.82,8.45
1411,городской округ город Елец,Липецкая область,T3,1315;1863;2884;1615;3009,0.401;0.435;0.454;0.547;0.685,27.95,20.14,14.72,7.8,9.14
1412,Воловский муниципальный район,Липецкая область,T6,1044;1027;306;1933;1732,0.491;0.624;0.742;0.822;0.847,13.75,14.25,14.72,-0.51,-0.87
1413,Грязинский муниципальный район,Липецкая область,T4,2167;2062;2333;2311;1577,0.302;0.438;0.506;0.506;0.565,15.64,15.56,14.72,0.08,-0.8
1414,Данковский муниципальный район,Липецкая область,T4,1316;1912;1568;2042;1785,0.533;0.570;0.621;0.636;0.658,15.23,15.47,14.72,-0.24,0.78
1415,Добринский муниципальный район,Липецкая область,T6,2129;1907;1218;2080;1030,0.532;0.552;0.648;0.673;0.679,14.01,14.64,14.72,-0.63,-0.6
1416,Добровский муниципальный район,Липецкая область,T6,562;1897;1340;833;1537,0.390;0.444;0.563;0.588;0.588,12.05,13.92,14.72,-1.86,-1.81
1417,Долгоруковский муниципальный район,Липецкая область,T6,1856;2080;2087;2098;307,0.375;0.437;0.466;0.481;0.488,13.13,14.64,14.72,-1.51,-1.69
1419,Задонский муниципальный район,Липецкая область,T6,2080;1030;307;1714;2072,0.470;0.528;0.534;0.562;0.577,14.22,13.56,14.72,0.66,-0.15
1420,Измалковский муниципальный район,Липецкая область,T6,295;1722;1928;1028;2257,0.527;0.542;0.556;0.609;0.673,9.25,15.61,14.72,-6.37,-6.73
1421,Краснинский муниципальный район,Липецкая область,T5,1637;1642;1543;1544;2213,0.471;0.507;0.556;0.590;0.597,17.37,9.73,14.72,7.64,5.56
1422,Лебедянский муниципальный район,Липецкая область,T5,1846;1207;920;1021;1209,0.314;0.468;0.471;0.477;0.558,15.81,17.49,14.72,-1.68,-2.04
1423,Лев-Толстовский муниципальный район,Липецкая область,T6,1862;2140;1223;307;1218,0.425;0.498;0.522;0.546;0.571,16.79,13.56,14.72,3.23,3.53
1425,Становлянский муниципальный район,Липецкая область,T4,392;1631;1015;1939;1731,0.667;0.675;0.685;0.790;0.802,10.08,14.13,14.72,-4.05,-4.92
1426,Тербунский муниципальный район,Липецкая область,T6,2142;2080;1033;1714;2089,0.655;0.737;0.777;0.792;0.817,15.66,11.99,14.72,3.67,0.84
1427,Усманский муниципальный район,Липецкая область,T4,1037;1846;920;1021;1752,0.410;0.477;0.565;0.637;0.705,15.97,14.28,14.72,1.69,1.32
1428,Хлевенский муниципальный район,Липецкая область,T6,1916;2080;1856;2072;305,0.729;0.787;0.790;0.826;0.832,13.75,13.84,14.72,-0.09,-0.61
1429,Чаплыгинский муниципальный район,Липецкая область,T6,1019;1554;1025;2184;2139,0.501;0.512;0.542;0.552;0.559,12.93,14.5,14.72,-1.58,-0.86
1430,городской округ город Магадан,Магаданская область,T2,678;916;2880;2221;1962,1.207;1.222;1.373;1.445;1.468,9.3,9.24,9.3,0.06,1.16
1431,муниципальный округ Ольский,Магаданская область,T2,234;236;227;585;895,1.534;1.581;1.733;1.735;1.791,7.07,12.84,9.3,-5.77,-2.9
1438,муниципальный округ Ягоднинский,Магаданская область,T2,227;226;895;225;236,1.675;2.260;2.346;2.383;2.393,17.93,12.4,9.3,5.53,8.4
1439,городской округ Балашиха,Московская область,T1,1395;1620;1402;1397;824,0.750;0.883;0.941;1.024;1.067,14.49,17.78,16.25,-3.29,-1.09
1440,городской округ Бронницы,Московская область,T3,2119;1396;2063;1402;1403,0.696;0.843;0.893;0.906;1.047,16.04,18.9,16.25,-2.86,-2.01
1443,городской округ Дзержинский,Московская область,T1,1395;1397;1620;1783;1402,0.731;0.843;0.850;0.893;0.922,16.57,17.78,16.25,-1.21,-0.32
1444,городской округ Долгопрудный,Московская область,T1,1395;2190;1620;2646;1979,0.905;1.090;1.105;1.191;1.202,16.26,16.22,16.25,0.05,-2.35
1445,городской округ Домодедово,Московская область,T1,1402;7;1395;1783;1396,0.399;0.704;0.803;1.024;1.052,16.24,17.78,16.25,-1.54,-0.19
1446,городской округ Дубна,Московская область,T3,1408;2227;1400;1397;1398,0.528;0.732;0.839;0.890;0.900,18.74,16.41,16.25,2.34,3.23
1447,городской округ Егорьевск,Московская область,T3,1396;1403;218;1890;2063,0.571;0.658;0.675;0.736;0.781,16.83,19.46,16.25,-2.63,-2.48
1448,городской округ Жуковский,Московская область,T1,1397;1620;1395;2646;2164,0.837;0.907;0.948;0.973;0.990,14.64,16.41,16.25,-1.77,-1.95
1449,городской округ Зарайск,Московская область,T3,905;1404;689;1158;1160,0.602;0.618;0.636;0.656;0.700,14.73,15.18,16.25,-0.44,-2.07
1453,городской округ Истра,Московская область,T1,1397;2646;1198;2101;2876,0.886;0.981;1.005;1.073;1.091,19.3,16.51,16.25,2.79,0.68
1454,городской округ Кашира,Московская область,T3,1400;1403;2647;991;2047,0.607;0.716;0.751;0.948;0.961,23.68,19.31,16.25,4.38,4.52
1456,городской округ Королёв,Московская область,T1,2646;2190;1620;1979;1397,0.945;0.982;1.016;1.028;1.045,14.92,16.41,16.25,-1.49,-3.7
1457,городской округ Котельники,Московская область,T1,1395;2216;7;1402;1783,0.955;1.231;1.266;1.323;1.362,16.2,17.78,16.25,-1.58,-0.69
1459,городской округ Красногорск,Московская область,T1,1395;1402;1506;7;1783,0.779;1.235;1.364;1.390;1.486,15.59,17.78,16.25,-2.19,-1.29
1461,городской округ Лобня,Московская область,T1,1397;2646;1198;2101;2164,0.569;0.836;0.839;0.846;0.870,16.1,16.51,16.25,-0.41,-0.49
1463,городской округ Луховицы,Московская область,T3,1400;1403;2032;991;1586,0.577;0.647;0.829;0.842;0.844,18.44,20.16,16.25,-1.72,-0.87
1464,городской округ Лыткарино,Московская область,T1,1409;1397;2646;2164;1575,0.384;0.566;0.698;0.829;0.903,16.96,16.41,16.25,0.55,0.36
1465,городской округ Люберцы,Московская область,T1,1395;1620;1402;1397;1783,0.655;0.926;0.948;0.953;0.992,15.61,17.78,16.25,-2.17,-1.28
1467,городской округ Мытищи,Московская область,T1,1395;1402;7;1620;1783,0.693;1.073;1.144;1.213;1.262,14.85,18.34,16.25,-3.49,-2.03
1468,городской округ Наро-Фоминский,Московская область,T3,1402;7;1396;2119;2063,0.473;0.846;0.852;0.874;0.959,19.84,18.9,16.25,0.94,2.96
1472,городской округ Подольск,Московская область,T1,1402;1396;7;1397;1395,0.653;0.873;0.890;0.894;0.927,15.77,16.6,16.25,-0.83,0.06
1473,городской округ Протвино,Московская область,T3,2188;1394;670;2619;2165,0.753;0.816;0.858;0.882;0.886,14.47,18.63,16.25,-4.16,-3.86
1474,городской округ Пущино,Московская область,T4,2109;1595;1392;1399;2186,1.124;1.187;1.209;1.213;1.239,9.19,14.67,16.25,-5.49,-4.59
1475,городской округ Реутов,Московская область,T1,2190;1395;1506;206;666,1.013;1.253;1.267;1.267;1.277,12.52,15.17,16.25,-2.65,-5.18
1477,городской округ Рузский,Московская область,T3,2647;1400;991;2883;1863,0.459;0.849;0.863;0.878;0.895,19.62,16.73,16.25,2.89,0.49
1478,городской округ Серебряные Пруды,Московская область,T3,2124;2883;2108;2048;1589,0.649;0.671;0.693;0.693;0.697,14.69,18.69,16.25,-4.0,-3.12
1480,городской округ Ступино,Московская область,T3,1400;1198;2101;1397;1408,0.588;0.604;0.631;0.634;0.818,16.58,16.57,16.25,0.01,0.52
1481,городской округ Фрязино,Московская область,T1,1409;1397;2646;1408;2164,0.428;0.625;0.793;0.879;0.913,16.11,16.41,16.25,-0.3,0.05
1483,городской округ Черноголовка,Московская область,T4,1982;2109;2188;818;1206,1.377;1.571;1.619;1.687;1.749,13.22,14.21,16.25,-0.99,-3.03
1484,городской округ Чехов,Московская область,T3,1402;2119;7;2063;1396,0.578;0.757;0.912;0.923;0.987,18.3,18.9,16.25,-0.6,1.42
1486,городской округ Шаховская,Московская область,T3,2048;2177;1405;212;1005,0.692;0.787;0.921;0.956;0.998,17.45,20.08,16.25,-2.62,-2.6
1488,городской округ Электросталь,Московская область,T3,1397;2164;1620;1198;986,0.523;0.663;0.715;0.742;0.751,15.28,17.48,16.25,-2.19,-1.53
1489,городской округ Волоколамский,Московская область,T3,2647;2048;2883;1400;2884,0.766;0.812;0.921;0.924;0.924,17.47,20.08,16.25,-2.61,-1.9
1490,городской округ Воскресенск,Московская область,T3,1396;218;1403;2063;1400,0.409;0.609;0.652;0.681;0.728,17.84,18.9,16.25,-1.06,-1.05
1491,городской округ Дмитровский,Московская область,T3,1396;2063;1400;2119;1402,0.727;0.732;0.745;0.833;0.863,17.62,17.78,16.25,-0.16,0.73
1492,городской округ Клин,Московская область,T3,2063;2033;1396;1726;1783,0.499;0.679;0.684;0.685;0.751,18.4,18.85,16.25,-0.46,-1.7
1493,городской округ Ленинский,Московская область,T1,1395;1402;7;1783;1150,0.833;0.981;1.163;1.409;1.441,15.68,17.78,16.25,-2.1,-1.21
1494,городской округ Лотошино,Московская область,T4,2120;2113;2126;1209;1207,0.441;0.656;0.665;0.723;0.768,11.23,15.88,16.25,-4.66,-4.6
1495,городской округ Можайский,Московская область,T3,1400;1403;2063;2647;2119,0.854;0.937;0.949;1.000;1.016,19.62,18.9,16.25,0.72,0.73
1496,городской округ Богородский,Московская область,T3,1400;1397;1198;2101;2164,0.449;0.475;0.603;0.628;0.634,17.05,16.57,16.25,0.48,0.8
1500,городской округ Раменский,Московская область,T3,1402;1396;1783;7;1400,0.687;0.729;0.858;0.860;0.894,15.81,17.78,16.25,-1.97,-0.62
1501,городской округ Сергиево-Посадский,Московская область,T3,1397;1400;1198;1408;2101,0.576;0.596;0.727;0.741;0.745,16.03,16.57,16.25,-0.54,-0.03
1504,городской округ Талдомский,Московская область,T3,2177;2048;2883;1005;1405,0.460;0.473;0.548;0.606;0.645,11.39,20.72,16.25,-9.33,-8.67
1506,городской округ город Мурманск,Мурманская область,T1,2226;206;890;2220;2228,0.778;0.808;0.842;0.870;0.887,15.06,14.84,12.37,0.22,2.59
1507,муниципальный округ город Апатиты,Мурманская область,T3,2217;2879;896;2222;1398,0.646;0.670;0.878;0.921;1.022,16.81,15.22,12.37,1.58,4.16
1508,муниципальный округ город Кировск,Мурманская область,T2,2879;2243;2217;2245;2241,1.064;1.127;1.178;1.213;1.258,14.03,14.02,12.37,0.01,0.5
1509,муниципальный округ город Мончегорск,Мурманская область,T3,2241;2245;2879;2223;2218,0.365;0.801;0.883;0.966;0.971,5.14,13.55,12.37,-8.41,-8.17
1510,муниципальный округ город Оленегорск,Мурманская область,T4,2241;2223;1406;2225;2233,0.665;0.937;1.160;1.252;1.349,10.02,12.12,12.37,-2.09,-2.19
1511,муниципальный округ город Полярные Зори,Мурманская область,T3,2224;207;2243;2217;912,1.299;1.418;1.439;1.447;1.529,9.21,16.1,12.37,-6.9,-5.1
1512,Ковдорский муниципальный округ,Мурманская область,T2,2241;2223;2218;2225;2245,0.923;1.250;1.486;1.546;1.560,15.33,13.55,12.37,1.78,3.11
1518,Кандалакшский муниципальный район,Мурманская область,T3,207;2813;222;1394;1398,0.894;0.932;0.948;1.001;1.021,15.23,17.84,12.37,-2.61,1.38
1519,Кольский муниципальный район,Мурманская область,T3,1394;211;1398;2882;2236,0.685;0.817;0.855;0.915;0.935,5.48,13.87,12.37,-8.39,-5.81
1520,Ловозерский муниципальный район,Мурманская область,T4,210;221;2234;1406;217,1.235;1.426;1.489;1.631;1.751,11.64,14.19,12.37,-2.55,-1.15
1521,Печенгский муниципальный округ,Мурманская область,T3,207;2879;2241;2217;2243,1.178;1.225;1.266;1.273;1.351,10.97,14.21,12.37,-3.24,-2.43
1522,Терский муниципальный район,Мурманская область,T4,213;214;210;208;2327,1.305;1.334;1.348;1.350;1.495,13.1,12.2,12.37,0.9,2.75
1523,городской округ город Нижний Новгород,Нижегородская область,T1,1598;2161;1977;1979;2275,0.472;0.489;0.579;0.605;0.636,16.08,18.25,14.77,-2.17,-1.94
1525,городской округ город Бор,Нижегородская область,T3,989;506;1599;1765;1707,0.470;0.550;0.554;0.620;0.645,17.91,17.98,14.77,-0.08,-0.74
1526,городской округ город Выкса,Нижегородская область,T3,1577;1765;1212;2168;991,0.475;0.530;0.567;0.594;0.661,17.66,18.53,14.77,-0.88,-0.03
1527,городской округ город Дзержинск,Нижегородская область,T3,1764;1136;1107;2337;2044,0.548;0.552;0.580;0.591;0.592,18.16,16.92,14.77,1.25,2.74
1528,городской округ город Кулебаки,Нижегородская область,T4,2028;1012;668;2184;2179,0.662;0.715;0.754;0.797;0.801,17.08,14.67,14.77,2.4,3.02
1529,городской округ Навашинский,Нижегородская область,T4,1006;999;2055;1780;2325,0.465;0.580;0.664;0.730;0.790,8.0,13.39,14.77,-5.4,-3.77
1530,городской округ Перевозский,Нижегородская область,T4,668;1116;2179;1780;1004,0.489;0.558;0.612;0.612;0.619,11.91,14.67,14.77,-2.76,-2.07
1532,городской округ Семеновский,Нижегородская область,T5,1618;2061;1041;1616;685,0.573;0.693;0.698;0.703;0.778,14.14,15.19,14.77,-1.06,-1.47
1533,городской округ город Шахунья,Нижегородская область,T4,1244;1356;747;2028;2300,0.433;0.500;0.513;0.549;0.570,15.7,13.71,14.77,1.99,3.16
1534,городской округ город Первомайск,Нижегородская область,T6,2052;1711;1903;1889;1715,0.760;0.766;0.807;0.827;0.901,10.92,13.42,14.77,-2.5,-2.93
1535,городской округ Сокольский,Нижегородская область,T4,1782;1004;2322;1769;518,0.298;0.574;0.602;0.623;0.624,12.97,11.69,14.77,1.28,-0.49
1536,городской округ город Чкаловск,Нижегородская область,T4,1886;2121;1889;1711;1947,0.611;0.628;0.636;0.707;0.743,13.88,13.57,14.77,0.31,1.27
1537,Ардатовский муниципальный округ,Нижегородская область,T6,1340;2094;562;1941;1416,0.337;0.548;0.571;0.584;0.588,14.87,12.05,14.77,2.82,1.37
1539,Балахнинский муниципальный округ,Нижегородская область,T3,1879;2168;1765;1577;1212,0.598;0.620;0.646;0.670;0.724,19.22,17.73,14.77,1.49,2.21
1540,Богородский муниципальный округ,Нижегородская область,T3,2167;1160;1765;1577;1009,0.501;0.518;0.519;0.547;0.590,19.62,17.71,14.77,1.91,1.49
1541,Большеболдинский муниципальный округ,Нижегородская область,T6,1921;1949;1933;2096;2056,0.763;0.780;0.805;0.877;0.928,13.45,14.06,14.77,-0.61,-0.84
1542,Большемурашкинский муниципальный округ,Нижегородская область,T6,1923;1850;1711;1330;2321,1.128;1.130;1.176;1.296;1.422,14.11,11.16,14.77,2.95,0.76
1543,Бутурлинский муниципальный округ,Нижегородская область,T6,1253;1421;1722;377;1891,0.371;0.556;0.609;0.614;0.679,12.23,13.35,14.77,-1.12,-2.04
1544,Вадский муниципальный округ,Нижегородская область,T6,2150;1421;457;695;1628,0.341;0.590;0.640;0.666;0.683,7.25,16.73,14.77,-9.47,-9.86
1545,Варнавинский муниципальный округ,Нижегородская область,T6,701;719;1208;930;2089,0.966;1.040;1.101;1.136;1.143,16.02,14.64,14.77,1.38,2.07
1546,Вачский муниципальный округ,Нижегородская область,T6,2308;1715;687;1060;1678,0.929;1.044;1.062;1.092;1.151,14.1,15.1,14.77,-1.0,0.25
1547,Ветлужский муниципальный округ,Нижегородская область,T6,1896;706;1242;719;2207,0.400;0.452;0.483;0.554;0.579,17.59,14.94,14.77,2.66,3.64
1548,Вознесенский муниципальный округ,Нижегородская область,T6,926;1681;1698;1032;1642,0.482;0.494;0.507;0.583;0.597,18.41,13.16,14.77,5.25,4.43
1549,Володарский муниципальный округ,Нижегородская область,T4,1111;1786;1392;2336;2334,0.712;0.824;0.970;0.987;0.993,10.5,14.64,14.77,-4.14,-1.77
1550,городской округ Воротынский,Нижегородская область,T4,833;565;1895;1934;1026,0.502;0.589;0.638;0.666;0.696,6.99,14.88,14.77,-7.89,-6.92
1551,Воскресенский муниципальный округ,Нижегородская область,T6,2067;2257;1929;706;2087,0.402;0.494;0.544;0.559;0.559,13.18,15.69,14.77,-2.51,-1.82
1552,Гагинский муниципальный округ,Нижегородская область,T6,2095;2256;1949;1739;1344,1.206;1.408;1.435;1.553;1.642,15.89,12.96,14.77,2.93,1.55
1553,Городецкий муниципальный округ,Нижегородская область,T3,2168;1212;1577;1039;1765,0.643;0.661;0.691;0.779;0.809,20.92,18.53,14.77,2.38,2.8
1554,Дальнеконстантиновский муниципальный округ,Нижегородская область,T4,1429;1889;1116;1895;1780,0.512;0.587;0.596;0.608;0.638,14.5,12.93,14.77,1.58,2.1
1555,Дивеевский муниципальный округ,Нижегородская область,T4,1774;1204;1888;2046;1901,0.619;0.655;0.736;0.766;0.804,14.86,12.13,14.77,2.72,3.05
1556,Княгининский муниципальный округ,Нижегородская область,T6,1898;1859;1951;1728;2121,0.532;0.711;0.746;0.751;0.767,10.98,13.89,14.77,-2.91,-1.63
1557,Ковернинский муниципальный округ,Нижегородская область,T4,1948;518;2042;747;1782,0.394;0.454;0.508;0.563;0.582,18.09,13.34,14.77,4.74,4.62
1558,Краснобаковский муниципальный округ,Нижегородская область,T5,2200;408;721;386;764,0.516;0.876;1.006;1.068;1.124,14.4,15.07,14.77,-0.66,-0.63
1559,Краснооктябрьский муниципальный округ,Нижегородская область,T6,1744;1753;1921;1935;1918,0.566;0.615;0.615;0.741;0.783,19.51,13.15,14.77,6.36,5.43
1560,Кстовский муниципальный округ,Нижегородская область,T3,2164;1410;986;1707;1845,0.435;0.443;0.527;0.547;0.552,17.69,17.48,14.77,0.21,1.04
1561,Лукояновский муниципальный округ,Нижегородская область,T6,1892;1346;2056;1681;296,0.569;0.778;0.783;0.798;0.821,14.15,13.19,14.77,0.96,-1.19
1562,Лысковский муниципальный округ,Нижегородская область,T4,2300;2028;2173;815;2310,0.642;0.691;0.729;0.735;0.776,16.79,14.48,14.77,2.31,2.53
1563,Павловский муниципальный округ,Нижегородская область,T3,2168;2167;1212;1577;1765,0.476;0.497;0.646;0.654;0.660,20.14,18.53,14.77,1.61,2.03
1564,Пильнинский муниципальный округ,Нижегородская область,T6,1016;2077;2090;1745;293,0.428;0.473;0.621;0.626;0.693,13.21,13.72,14.77,-0.51,-0.5
1565,Починковский муниципальный округ,Нижегородская область,T5,2300;1693;2028;574;815,0.601;0.744;0.747;0.765;0.783,14.69,14.48,14.77,0.21,0.44
1566,Сергачский муниципальный округ,Нижегородская область,T5,1012;1628;2053;1035;1941,0.400;0.561;0.593;0.624;0.700,13.39,16.43,14.77,-3.04,-2.44
1567,Сеченовский муниципальный округ,Нижегородская область,T6,2254;1933;2085;2056;1743,0.689;0.730;0.873;0.880;0.931,13.59,14.69,14.77,-1.1,-2.03
1568,Сосновский муниципальный округ,Нижегородская область,T5,1930;1948;274;2301;1414,0.368;0.440;0.572;0.579;0.621,15.47,15.3,14.77,0.18,0.35
1569,Спасский муниципальный округ,Нижегородская область,T6,1725;1908;300;302;495,0.703;0.737;0.750;0.758;0.762,13.74,14.79,14.77,-1.05,-2.24
1570,Тонкинский муниципальный округ,Нижегородская область,T5,1611;1628;1616;1777;1689,0.517;0.561;0.615;0.632;0.695,13.03,17.43,14.77,-4.4,-3.34
1571,Тоншаевский муниципальный округ,Нижегородская область,T5,2200;1777;1616;1067;721,0.637;0.640;0.736;0.802;0.815,18.95,15.07,14.77,3.89,3.5
1572,Уренский муниципальный округ,Нижегородская область,T5,1254;2021;1240;1609;1618,0.696;0.697;0.821;0.835;0.884,18.3,15.83,14.77,2.46,3.52
1573,Шарангский муниципальный округ,Нижегородская область,T6,719;1242;2207;1896;1907,0.478;0.498;0.526;0.580;0.682,15.68,14.94,14.77,0.74,1.73
1574,Шатковский муниципальный округ,Нижегородская область,T4,2326;2308;1338;1715;1277,0.804;0.926;0.975;1.055;1.126,11.68,10.29,14.77,1.39,-0.76
1575,городской округ Великий Новгород,Новгородская область,T3,2282;1303;679;1707;2164,0.628;0.668;0.698;0.717;0.740,18.12,18.81,13.53,-0.69,2.26
1577,Боровичский муниципальный район,Новгородская область,T3,1765;1212;1526;2311;2333,0.356;0.401;0.475;0.524;0.531,15.25,17.66,13.53,-2.41,-1.49
1578,Валдайский муниципальный район,Новгородская область,T4,2007;2158;1912;2045;1708,0.265;0.549;0.609;0.630;0.674,14.09,14.66,13.53,-0.56,-2.58
1579,муниципальный округ Волотовский,Новгородская область,T4,993;2328;1214;1312;715,1.072;1.216;1.217;1.278;1.339,9.86,14.0,13.53,-4.14,-2.21
1580,муниципальный округ Демянский,Новгородская область,T6,2156;1907;1614;1205;1242,0.493;0.531;0.603;0.610;0.622,11.38,15.83,13.53,-4.45,-2.26
1581,муниципальный округ Крестецкий,Новгородская область,T6,2128;1218;2162;1862;2129,0.327;0.512;0.698;0.770;0.773,13.53,13.57,13.53,-0.04,0.57
1582,Любытинский муниципальный район,Новгородская область,T6,1201;1067;1571;1777;900,0.647;0.714;0.845;0.854;0.867,14.11,13.85,13.53,0.27,-0.32
1583,Маловишерский муниципальный район,Новгородская область,T4,2180;2174;1780;995;1125,0.584;0.597;0.643;0.722;0.733,17.27,13.01,13.53,4.26,6.78
1584,муниципальный округ Марёвский,Новгородская область,T6,1613;1201;1771;1208;2143,1.069;1.323;1.434;1.488;1.491,9.24,16.88,13.53,-7.65,-5.2
1585,муниципальный округ Мошенской,Новгородская область,T6,1201;1571;1067;765;900,0.817;0.822;0.875;0.976;0.978,5.44,13.85,13.53,-8.41,-9.0
1586,Новгородский муниципальный район,Новгородская область,T3,2032;1600;2033;1054;1403,0.383;0.403;0.421;0.548;0.548,19.53,20.2,13.53,-0.67,2.15
1587,Окуловский муниципальный район,Новгородская область,T5,2322;915;2618;1004;695,0.608;0.677;0.727;0.749;0.760,12.55,13.5,13.53,-0.95,0.58
1588,Парфинский муниципальный район,Новгородская область,T4,1119;1146;233;2316;1770,0.330;0.626;0.650;0.686;0.728,16.33,14.0,13.53,2.34,4.11
1589,муниципальный округ Пестовский,Новгородская область,T4,2189;1206;1478;1005;2105,0.642;0.666;0.697;0.712;0.758,13.36,15.12,13.53,-1.76,-0.17
1590,Поддорский муниципальный район,Новгородская область,T5,2117;1857;1067;19;1777,0.668;0.669;0.823;0.844;0.949,11.1,13.67,13.53,-2.58,-2.46
1591,муниципальный округ Солецкий,Новгородская область,T6,1853;1852;2140;1868;1034,0.605;0.644;0.688;0.744;0.754,14.65,12.93,13.53,1.71,2.94
1592,Старорусский муниципальный район,Новгородская область,T4,987;1899;1879;2062;303,0.326;0.346;0.549;0.556;0.572,13.81,15.92,13.53,-2.12,-0.62
1593,муниципальный округ Хвойнинский,Новгородская область,T6,1220;1217;2140;1622;1215,0.818;0.851;0.925;0.990;0.999,12.05,14.14,13.53,-2.08,0.76
1594,Холмский муниципальный район,Новгородская область,T6,2162;2058;1773;2053;2618,0.437;0.565;0.579;0.635;0.665,8.83,13.5,13.53,-4.66,-4.13
1595,Чудовский муниципальный район,Новгородская область,T4,2293;2051;995;2180;2158,0.714;0.786;0.887;0.903;0.933,15.95,14.09,13.53,1.85,3.7
1596,Шимский муниципальный район,Новгородская область,T4,1766;2301;1610;1629;1554,0.520;0.623;0.646;0.650;0.663,12.97,14.5,13.53,-1.53,0.52
1597,городской округ город Новосибирск,Новосибирская область,T1,1979;1971;1224;1977;2161,0.435;0.439;0.478;0.487;0.500,16.19,17.78,15.83,-1.59,-2.89
1598,городской округ город Бердск,Новосибирская область,T3,1977;1523;1410;2161;1224,0.305;0.472;0.532;0.541;0.549,16.88,17.78,15.83,-0.9,-2.59
1599,городской округ город Искитим,Новосибирская область,T3,989;1226;676;1525;686,0.343;0.441;0.447;0.554;0.556,19.71,17.98,15.83,1.73,0.74
1600,городской округ город Обь,Новосибирская область,T3,2033;1586;2032;1054;1764,0.270;0.403;0.443;0.506;0.520,22.79,18.85,15.83,3.94,1.77
1601,городской округ рабочий поселок Кольцово,Новосибирская область,T1,2646;1409;1464;1575;1481,1.261;1.265;1.302;1.341;1.341,19.9,16.22,15.83,3.68,3.36
1602,Баганский муниципальный район,Новосибирская область,T5,1065;1573;701;457;2207,0.552;0.758;0.776;0.777;0.791,18.33,14.14,15.83,4.18,2.21
1603,Барабинский муниципальный район,Новосибирская область,T3,505;1659;1675;1193;1109,0.341;0.437;0.456;0.615;0.619,17.69,16.95,15.83,0.73,-0.62
1604,Болотнинский муниципальный район,Новосибирская область,T5,2041;511;714;2034;2030,0.401;0.609;0.651;0.673;0.679,21.83,13.06,15.83,8.77,8.22
1605,Венгеровский муниципальный район,Новосибирская область,T6,1660;1784;295;2056;1325,0.419;0.791;0.817;0.825;0.871,14.0,16.33,15.83,-2.34,-2.11
1606,Доволенский муниципальный район,Новосибирская область,T6,447;536;1195;437;833,0.663;0.757;0.800;0.847;0.918,14.43,12.8,15.83,1.63,0.4
1607,Здвинский муниципальный район,Новосибирская область,T6,2207;1891;1547;457;701,0.475;0.576;0.701;0.778;0.804,10.16,14.14,15.83,-3.99,-4.81
1608,Искитимский муниципальный район,Новосибирская область,T4,303;751;1972;1227;2310,0.484;0.565;0.575;0.581;0.582,16.54,15.87,15.83,0.67,1.06
1609,Карасукский муниципальный район,Новосибирская область,T5,1249;1254;1137;2203;2295,0.466;0.496;0.499;0.621;0.695,15.83,18.07,15.83,-2.24,-0.47
1610,Каргатский муниципальный район,Новосибирская область,T4,1766;1596;2264;1557;392,0.577;0.646;0.670;0.687;0.701,14.02,13.03,15.83,0.99,-1.69
1611,Колыванский муниципальный район,Новосибирская область,T5,518;1570;1766;2295;1930,0.493;0.517;0.577;0.598;0.667,17.43,15.37,15.83,2.06,1.12
1612,Коченевский муниципальный район,Новосибирская область,T5,1308;1168;2027;1158;360,0.539;0.568;0.576;0.673;0.749,15.15,15.3,15.83,-0.14,-1.37
1613,Кочковский муниципальный район,Новосибирская область,T6,765;1208;1201;1584;922,0.807;0.848;0.861;1.069;1.077,10.1,12.56,15.83,-2.46,-4.52
1614,Краснозерский муниципальный район,Новосибирская область,T6,706;2257;1242;562;541,0.442;0.485;0.533;0.571;0.584,15.93,15.69,15.83,0.25,-0.24
1615,Куйбышевский муниципальный район,Новосибирская область,T3,397;1315;599;1411;1906,0.429;0.456;0.541;0.547;0.574,20.14,21.28,15.83,-1.13,-0.58
1616,Купинский муниципальный район,Новосибирская область,T5,1777;2061;1570;1041;1532,0.415;0.520;0.615;0.652;0.703,18.21,13.67,15.83,4.54,3.01
1617,Кыштовский муниципальный район,Новосибирская область,T6,1331;1854;1718;930;1784,0.768;0.878;0.913;0.969;1.072,13.86,15.23,15.83,-1.37,-2.5
1618,Маслянинский муниципальный район,Новосибирская область,T4,2061;1532;1777;1570;1041,0.392;0.573;0.650;0.697;0.754,13.59,13.67,15.83,-0.08,-1.6
1619,Мошковский муниципальный район,Новосибирская область,T3,2021;599;1906;2060;397,0.505;0.700;0.765;0.867;0.906,14.27,13.35,15.83,0.92,-1.39
1620,Новосибирский муниципальный район,Новосибирская область,T1,2210;986;1979;2161;2312,0.502;0.594;0.612;0.644;0.655,18.34,18.25,15.83,0.09,-1.13
1621,Ордынский муниципальный район,Новосибирская область,T5,1251;1256;2295;554;1544,0.463;0.528;0.699;0.703;0.795,15.17,17.56,15.83,-2.39,-0.55
1622,Северный муниципальный район,Новосибирская область,T6,1909;1727;1217;1775;1932,0.625;0.653;0.659;0.734;0.971,7.22,13.58,15.83,-6.36,-7.82
1623,Сузунский муниципальный район,Новосибирская область,T3,360;1047;1168;272;14,0.749;0.828;0.835;0.921;0.938,16.89,14.08,15.83,2.81,1.05
1624,Татарский муниципальный район,Новосибирская область,T4,2036;2015;70;2299;2012,0.381;0.510;0.580;0.611;0.616,14.52,13.08,15.83,1.45,1.21
1625,Тогучинский муниципальный район,Новосибирская область,T5,1654;2295;568;545;1189,0.497;0.505;0.575;0.601;0.603,15.64,14.97,15.83,0.67,-0.66
1626,Убинский муниципальный район,Новосибирская область,T6,1725;2259;1848;300;1849,0.543;0.689;0.698;0.705;0.769,12.27,16.61,15.83,-4.33,-5.48
1627,Усть-Таркский муниципальный район,Новосибирская область,T4,2322;1004;1310;1535;2059,0.468;0.654;0.657;0.691;0.695,12.73,14.21,15.83,-1.48,-1.3
1628,Чановский муниципальный район,Новосибирская область,T5,1256;1566;1570;540;1012,0.548;0.561;0.561;0.643;0.648,18.17,14.48,15.83,3.69,2.45
1629,Черепановский муниципальный район,Новосибирская область,T5,1930;2301;274;1766;1948,0.482;0.527;0.544;0.569;0.592,18.47,15.3,15.83,3.18,3.01
1630,Чистоозерный муниципальный район,Новосибирская область,T5,1256;1687;554;524;568,0.455;0.515;0.523;0.559;0.608,15.79,14.03,15.83,1.75,0.53
1631,Чулымский муниципальный район,Новосибирская область,T5,1778;1425;1316;1922;518,0.673;0.675;0.738;0.740;0.744,12.29,16.15,15.83,-3.86,-5.08
1632,городской округ город Омск,Омская область,T1,2275;418;504;25;21,0.391;0.421;0.461;0.467;0.496,15.87,17.83,12.39,-1.96,0.87
1633,Азовский немецкий национальный муниципальный район,Омская область,T4,22;1302;70;1700;356,0.550;0.626;0.668;0.681;0.737,8.6,10.71,12.39,-2.1,-1.03
1634,Большереченский муниципальный район,Омская область,T4,2272;527;1294;1293;497,0.830;0.909;0.916;1.007;1.010,20.33,12.96,12.39,7.37,8.12
1635,Большеуковский муниципальный район,Омская область,T6,696;1335;1339;549;1274,0.648;0.812;1.045;1.048;1.053,10.93,12.17,12.39,-1.23,0.75
1636,Горьковский муниципальный район,Омская область,T4,2302;1337;1276;276;531,1.061;1.092;1.251;1.298;1.315,16.33,10.15,12.39,6.18,10.3
1637,Знаменский муниципальный район,Омская область,T6,1421;564;554;571;2213,0.471;0.666;0.676;0.695;0.699,11.62,14.08,12.39,-2.46,-0.24
1638,Исилькульский муниципальный район,Омская область,T4,714;2018;1058;1167;1604,0.693;0.712;0.720;0.761;0.779,12.48,13.06,12.39,-0.58,2.5
1639,Калачинский муниципальный район,Омская область,T4,2296;751;2299;2298;1533,0.412;0.683;0.699;0.707;0.717,12.02,15.18,12.39,-3.16,-0.01
1640,Колосовский муниципальный район,Омская область,T6,525;1343;549;1339;1355,0.794;0.797;0.834;0.919;1.017,13.51,12.17,12.39,1.35,3.57
1641,Кормиловский муниципальный район,Омская область,T4,2302;2035;743;751;2303,0.549;0.652;0.719;0.853;0.860,11.49,13.26,12.39,-1.76,0.85
1642,Крутинский муниципальный район,Омская область,T5,1681;1421;1689;1548;1698,0.441;0.507;0.576;0.597;0.597,9.48,13.63,12.39,-4.16,-3.74
1643,Любинский муниципальный район,Омская область,T4,270;1996;1674;1700;1991,0.709;0.752;0.891;0.926;0.993,12.39,13.49,12.39,-1.1,-0.03
1644,Марьяновский муниципальный район,Омская область,T4,2154;743;2302;2304;898,0.566;0.613;0.644;0.678;0.714,10.95,10.38,12.39,0.57,1.95
1645,Москаленский муниципальный район,Омская область,T4,1693;2292;1730;2302;552,0.852;0.872;0.917;0.948;1.048,13.43,11.87,12.39,1.56,5.01
1646,Муромцевский муниципальный район,Омская область,T5,904;489;1292;1356;544,0.564;0.646;0.647;0.665;0.706,12.58,10.93,12.39,1.65,1.48
1647,Называевский муниципальный район,Омская область,T5,537;558;456;2201;534,0.659;0.693;0.763;0.865;0.894,11.29,9.84,12.39,1.46,4.08
1648,Нижнеомский муниципальный район,Омская область,T6,2260;1343;2271;687;1938,0.734;0.789;0.919;0.988;1.111,9.3,12.25,12.39,-2.95,-2.72
1649,Нововаршавский муниципальный район,Омская область,T4,1276;1337;1278;2292;1730,0.629;0.641;0.760;0.845;0.969,17.18,11.04,12.39,6.14,9.14
1650,Одесский муниципальный район,Омская область,T4,1687;752;1167;1630;2018,0.449;0.466;0.672;0.714;0.757,5.34,14.89,12.39,-9.54,-7.0
1651,Оконешниковский муниципальный район,Омская область,T5,537;749;717;770;2317,0.578;0.592;0.620;0.649;0.655,5.72,13.93,12.39,-8.21,-6.83
1652,Омский муниципальный район,Омская область,T3,278;42;481;375;510,0.456;0.476;0.663;0.689;0.699,13.24,17.62,12.39,-4.38,-4.25
1653,Павлоградский муниципальный район,Омская область,T4,1290;2304;743;2154;2018,0.628;0.799;0.857;0.968;1.023,9.15,12.08,12.39,-2.93,0.14
1654,Полтавский муниципальный район,Омская область,T5,568;545;744;1625;443,0.364;0.415;0.460;0.497;0.518,12.93,14.97,12.39,-2.05,0.73
1655,Русско-Полянский муниципальный район,Омская область,T5,1310;715;1312;691;1204,0.817;0.822;0.878;0.952;0.966,13.75,14.0,12.39,-0.25,4.14
1656,Саргатский муниципальный район,Омская область,T5,1948;1261;530;540;545,0.431;0.478;0.503;0.505;0.513,8.69,14.97,12.39,-6.28,-4.17
1657,Седельниковский муниципальный район,Омская область,T6,1358;1296;544;564;456,0.578;0.619;0.727;0.753;0.754,13.54,14.08,12.39,-0.54,1.69
1658,Таврический муниципальный район,Омская область,T4,2296;1705;2314;70;2299,0.576;0.656;0.678;0.706;0.724,11.76,11.09,12.39,0.67,2.53
1659,Тарский муниципальный район,Омская область,T5,511;1603;1109;1987;1131,0.338;0.437;0.485;0.489;0.492,13.99,17.78,12.39,-3.79,-0.88
1660,Тевризский муниципальный район,Омская область,T6,1605;691;1784;2269;1543,0.419;0.740;0.773;0.786;0.804,16.33,9.81,12.39,6.53,7.29
1661,Тюкалинский муниципальный район,Омская область,T5,2317;32;554;524;749,0.423;0.430;0.477;0.501;0.536,10.9,14.81,12.39,-3.91,-2.02
1662,Усть-Ишимский муниципальный район,Омская область,T5,62;30;35;83;40,1.193;1.244;1.447;1.673;1.770,21.5,14.91,12.39,6.59,8.04
1663,Черлакский муниципальный район,Омская область,T4,2294;1280;703;184;769,0.554;0.580;0.655;0.675;0.752,11.84,13.36,12.39,-1.51,-0.84
1664,Шербакульский муниципальный район,Омская область,T4,703;1280;1298;746;2154,0.708;0.750;0.772;0.793;0.800,13.22,11.8,12.39,1.42,2.12
1665,городской округ город Оренбург,Оренбургская область,T3,2281;26;29;504;25,0.374;0.408;0.410;0.412;0.452,18.52,17.83,12.81,0.69,2.49
1666,городской округ Абдулинский,Оренбургская область,T5,1760;1353;1011;823;547,0.422;0.629;0.673;0.728;0.775,12.81,13.37,12.81,-0.56,-0.31
1667,городской округ город Бугуруслан,Оренбургская область,T3,1039;2252;2710;2074;1228,0.514;0.630;0.684;0.753;0.762,19.53,18.23,12.81,1.3,4.08
1668,городской округ город Бузулук,Оренбургская область,T3,1140;3011;676;509;1995,0.400;0.473;0.505;0.536;0.547,19.34,19.07,12.81,0.26,2.46
1669,городской округ Гайский,Оренбургская область,T4,1305;1994;1992;1270;1878,1.047;1.116;1.219;1.504;1.536,9.56,12.63,12.81,-3.07,-0.87
1670,городской округ Кувандыкский,Оренбургская область,T4,2297;2303;1259;303;2035,1.018;1.092;1.167;1.204;1.220,17.18,15.92,12.81,1.25,3.47
1671,городской округ город Медногорск,Оренбургская область,T4,2070;3;1899;1709;2062,0.737;0.837;0.946;0.949;0.957,16.2,15.24,12.81,0.96,4.09
1672,городской округ город Новотроицк,Оренбургская область,T4,270;1110;1184;1991;891,0.711;0.742;0.805;0.846;0.861,20.36,14.98,12.81,5.39,7.53
1673,городской округ город Орск,Оренбургская область,T2,1991;1990;1110;670;270,0.656;0.969;1.018;1.057;1.058,22.82,16.62,12.81,6.2,8.4
1674,городской округ Соль-Илецкий,Оренбургская область,T3,382;22;1633;1996;741,0.719;0.757;0.805;0.830;0.880,13.49,10.55,12.81,2.93,3.96
1675,городской округ Сорочинский,Оренбургская область,T5,1603;505;383;366;2060,0.456;0.494;0.497;0.607;0.633,16.95,13.35,12.81,3.61,7.07
1676,городской округ Ясненский,Оренбургская область,T4,895;236;226;1997;1992,1.180;1.487;1.581;1.596;1.704,6.04,12.4,12.81,-6.36,-5.36
1678,Адамовский муниципальный район,Оренбургская область,T6,184;2269;687;2294;1938,0.483;0.737;0.825;0.834;0.857,19.19,14.83,12.81,4.37,5.91
1679,Акбулакский муниципальный район,Оренбургская область,T4,1950;3;1947;2070;482,0.807;1.057;1.131;1.157;1.159,11.37,13.74,12.81,-2.38,-0.08
1680,Александровский муниципальный район,Оренбургская область,T6,1754;456;555;1040;1942,0.875;0.883;0.941;1.049;1.089,20.64,12.19,12.81,8.45,9.49
1681,Асекеевский муниципальный район,Оренбургская область,T6,1642;1548;760;571;1032,0.441;0.494;0.530;0.575;0.663,13.63,13.16,12.81,0.48,2.03
1682,Беляевский муниципальный район,Оренбургская область,T4,276;2302;1658;1641;22,0.888;0.922;0.931;0.969;0.980,11.75,11.49,12.81,0.26,2.18
1683,Бугурусланский муниципальный район,Оренбургская область,T3,1039;2074;374;2252;1922,0.354;0.497;0.668;0.721;0.754,13.2,18.34,12.81,-5.15,-4.4
1685,Грачёвский муниципальный район,Оренбургская область,T4,2308;1938;1574;1338;1759,0.951;1.177;1.221;1.257;1.268,12.46,11.98,12.81,0.48,1.98
1686,Домбаровский муниципальный район,Оренбургская область,T4,2055;1121;1776;1123;2330,0.694;0.785;0.843;0.844;0.845,8.78,12.88,12.81,-4.11,-3.59
1687,Илекский муниципальный район,Оренбургская область,T5,1650;752;1630;568;242,0.449;0.497;0.515;0.575;0.718,9.82,13.97,12.81,-4.15,-2.94
1688,Кваркенский муниципальный район,Оренбургская область,T4,1286;2294;2328;1653;522,0.846;0.925;1.146;1.210;1.247,15.22,12.5,12.81,2.72,1.42
1689,Красногвардейский муниципальный район,Оренбургская область,T6,1642;544;1041;1035;1251,0.576;0.667;0.670;0.681;0.683,13.0,15.06,12.81,-2.06,1.21
1690,Курманаевский муниципальный район,Оренбургская область,T6,1537;1902;1745;1944;1759,0.636;0.642;0.656;0.763;0.778,11.89,13.85,12.81,-1.96,-0.92
1691,Матвеевский муниципальный район,Оренбургская область,T6,520;550;1351;539;1353,0.704;0.793;0.897;0.908;0.961,11.58,14.79,12.81,-3.21,-1.53
1692,Новоорский муниципальный район,Оренбургская область,T4,1878;2330;1270;2297;2073,0.753;1.076;1.087;1.100;1.165,15.55,13.07,12.81,2.48,3.47
1693,Новосергиевский муниципальный район,Оренбургская область,T5,1730;552;2292;1661;1565,0.524;0.587;0.700;0.741;0.744,11.87,12.06,12.81,-0.19,0.55
1694,Октябрьский муниципальный район,Оренбургская область,T4,1950;2299;2296;2276;559,0.652;0.732;0.789;0.875;0.899,9.91,15.18,12.81,-5.27,-2.35
1696,Первомайский муниципальный район,Оренбургская область,T4,393;723;540;271;1533,0.618;0.701;0.720;0.725;0.768,13.1,14.95,12.81,-1.85,0.06
1697,Переволоцкий муниципальный район,Оренбургская область,T4,530;1948;545;1656;518,0.297;0.576;0.611;0.625;0.648,11.28,14.97,12.81,-3.69,-1.89
1698,Пономарёвский муниципальный район,Оренбургская область,T6,926;1548;828;1642;1421,0.505;0.507;0.587;0.597;0.662,12.01,15.42,12.81,-3.41,-2.45
1699,Сакмарский муниципальный район,Оренбургская область,T4,743;2316;1950;1641;1658,0.670;0.711;0.777;0.877;0.918,8.08,11.76,12.81,-3.68,-4.1
1700,Саракташский муниципальный район,Оренбургская область,T4,1633;382;303;1658;70,0.681;0.716;0.811;0.842;0.853,9.87,11.09,12.81,-1.22,-0.19
1701,Светлинский муниципальный район,Оренбургская область,T4,1878;1305;1120;1270;1994,1.100;1.468;1.509;1.656;1.657,15.52,11.93,12.81,3.58,6.08
1702,Северный муниципальный район,Оренбургская область,T6,300;289;1756;2259;495,0.379;0.394;0.625;0.690;0.728,9.01,13.72,12.81,-4.72,-4.37
1703,Ташлинский муниципальный район,Оренбургская область,T5,2274;530;737;486;274,0.379;0.583;0.657;0.666;0.725,12.67,15.09,12.81,-2.42,-0.49
1704,Тоцкий муниципальный район,Оренбургская область,T3,1110;270;2233;1990;1999,0.894;0.925;1.011;1.018;1.040,21.23,16.62,12.81,4.62,6.81
1705,Тюльганский муниципальный район,Оренбургская область,T4,1658;2296;2299;271;1950,0.656;0.745;0.752;0.800;0.830,9.37,14.95,12.81,-5.58,-2.8
1706,Шарлыкский муниципальный район,Оренбургская область,T4,2274;391;274;1948;559,0.561;0.679;0.737;0.829;0.841,9.35,14.07,12.81,-4.71,-3.09
1707,городской округ город Орёл,Орловская область,T3,1303;2251;1008;2282;1410,0.178;0.371;0.390;0.393;0.470,17.47,18.81,11.16,-1.34,3.31
1708,городской округ город Ливны,Орловская область,T4,1912;1899;1413;1578;2007,0.596;0.627;0.642;0.674;0.693,14.66,15.24,11.16,-0.59,2.94
1709,городской округ город Мценск,Орловская область,T4,2062;2186;998;2165;1879,0.354;0.398;0.500;0.513;0.566,14.59,18.56,11.16,-3.97,1.65
1710,Болховский муниципальный район,Орловская область,T4,1015;1316;392;1912;1019,0.392;0.511;0.577;0.645;0.651,6.79,16.99,11.16,-10.2,-7.0
1711,Верховский муниципальный район,Орловская область,T4,1889;2121;1536;1868;1534,0.568;0.612;0.707;0.714;0.766,11.16,13.57,11.16,-2.41,2.16
1712,Глазуновский муниципальный район,Орловская область,T4,1889;1116;1868;2081;1903,0.449;0.487;0.642;0.655;0.685,6.75,13.57,11.16,-6.82,-2.58
1714,Должанский муниципальный район,Орловская область,T6,2087;2080;1417;2072;1419,0.448;0.468;0.552;0.554;0.562,11.99,14.22,11.16,-2.22,1.2
1715,Залегощенский муниципальный район,Орловская область,T4,999;2315;1690;184;1272,0.779;0.838;0.865;0.889;0.892,10.23,12.62,11.16,-2.39,0.83
1717,Колпнянский муниципальный район,Орловская область,T4,2139;2264;2068;1910;1213,0.692;0.694;0.780;0.794;0.819,17.5,16.19,11.16,1.3,6.47
1718,Краснозоренский муниципальный район,Орловская область,T6,1854;1331;2058;1855;1617,0.537;0.551;0.865;0.888;0.913,15.23,13.86,11.16,1.37,6.05
1719,Кромской муниципальный район,Орловская область,T4,2074;1021;1846;685;1207,0.585;0.608;0.682;0.759;0.769,6.66,18.31,11.16,-11.65,-8.31
1722,Малоархангельский муниципальный район,Орловская область,T6,1928;1420;1253;1543;706,0.358;0.542;0.585;0.609;0.640,10.65,13.83,11.16,-3.17,1.88
1724,Новодеревеньковский муниципальный район,Орловская область,T6,1323;1348;2049;2127;1320,0.639;0.676;0.690;0.707;0.742,7.01,12.81,11.16,-5.79,-2.74
1725,Новосильский муниципальный район,Орловская область,T6,1884;1626;2098;1848;300,0.535;0.543;0.546;0.566;0.646,14.79,16.87,11.16,-2.08,1.71
1726,муниципальный округ Орловский,Орловская область,T3,2033;2063;1881;841;2032,0.362;0.444;0.501;0.506;0.534,18.37,18.9,11.16,-0.53,4.58
1727,Покровский муниципальный район,Орловская область,T6,1909;1622;1217;2270;533,0.566;0.653;0.754;0.850;0.943,8.8,15.3,11.16,-6.5,-3.26
1728,Свердловский муниципальный район,Орловская область,T4,1898;1951;1556;923;1931,0.625;0.732;0.751;0.835;0.864,8.47,14.29,11.16,-5.82,-3.13
1730,Троснянский муниципальный район,Орловская область,T4,552;1693;1298;1280;1278,0.500;0.524;0.545;0.578;0.604,12.06,11.5,11.16,0.55,1.36
1731,Урицкий муниципальный район,Орловская область,T4,1015;1125;1316;1020;1610,0.462;0.616;0.706;0.739;0.780,4.2,16.12,11.16,-11.92,-6.68
1732,Хотынецкий муниципальный район,Орловская область,T6,1933;1753;1348;2266;1761,0.462;0.566;0.622;0.626;0.663,15.73,13.75,11.16,1.98,4.57
1733,Шаблыкинский муниципальный район,Орловская область,T6,1347;1060;1546;1574;2332,1.247;1.390;1.519;1.593;1.808,3.65,12.97,11.16,-9.31,-4.91
1737,Башмаковский муниципальный район,Пензенская область,T6,1222;2098;2082;2266;1725,0.512;0.652;0.701;0.706;0.706,11.14,14.45,13.75,-3.31,-2.51
1738,Бековский муниципальный район,Пензенская область,T6,2270;1428;1852;1916;2185,0.904;0.945;1.012;1.014;1.037,19.52,13.84,13.75,5.68,6.74
1739,Белинский муниципальный район,Пензенская область,T6,2095;1949;2256;1933;2085,0.461;0.790;0.944;0.960;0.996,11.08,14.11,13.75,-3.02,-2.48
1740,Бессоновский муниципальный район,Пензенская область,T3,1010;899;3007;2074;1021,0.477;0.718;0.727;0.761;0.773,18.96,16.32,13.75,2.64,3.25
1741,Вадинский муниципальный район,Пензенская область,T6,1864;516;2095;2256;2085,0.735;0.776;0.936;0.985;0.988,20.95,12.96,13.75,7.98,7.64
1742,Городищенский муниципальный район,Пензенская область,T4,1936;1939;1885;2272;2,1.331;1.468;1.516;1.544;1.562,14.75,14.13,13.75,0.62,1.56
1743,Земетчинский муниципальный район,Пензенская область,T6,1044;2079;306;1412;1933,0.710;0.759;0.766;0.854;0.883,16.55,13.75,13.75,2.8,3.78
1744,Иссинский муниципальный район,Пензенская область,T6,1559;829;1921;1935;2096,0.566;0.739;0.785;0.826;0.850,16.63,14.06,13.75,2.57,3.58
1745,Каменский муниципальный район,Пензенская область,T6,2077;1941;1564;1016;1690,0.469;0.581;0.626;0.655;0.656,13.72,13.21,13.75,0.51,0.89
1746,Камешкирский муниципальный район,Пензенская область,T6,2271;2254;2091;1023;1344,0.606;0.701;0.794;0.992;1.048,7.34,14.36,13.75,-7.01,-7.1
1747,Колышлейский муниципальный район,Пензенская область,T6,2098;1915;1417;1916;2087,0.471;0.485;0.499;0.532;0.536,14.46,16.02,13.75,-1.56,-1.03
1749,Лопатинский муниципальный район,Пензенская область,T6,2096;1559;2256;2078;2095,0.661;0.840;0.901;0.910;0.987,11.58,14.06,13.75,-2.48,-1.73
1750,Лунинский муниципальный район,Пензенская область,T6,295;1921;293;2056;304,0.495;0.562;0.609;0.632;0.639,13.75,13.15,13.75,0.6,1.07
1751,Малосердобинский муниципальный район,Пензенская область,T6,2254;2271;2091;1567;1023,0.502;0.888;1.104;1.128;1.130,14.58,14.36,13.75,0.22,0.14
1752,Мокшанский муниципальный район,Пензенская область,T4,1037;1939;1932;298;1427,0.626;0.651;0.662;0.693;0.705,12.02,14.28,13.75,-2.26,-2.01
1753,Наровчатский муниципальный район,Пензенская область,T6,1732;1559;1945;1933;2096,0.566;0.615;0.682;0.820;0.848,13.75,14.75,13.75,-1.0,-0.9
1754,Неверкинский муниципальный район,Пензенская область,T6,1642;1680;1353;564;1681,0.845;0.875;0.912;0.916;0.930,12.2,13.63,13.75,-1.43,-1.85
1755,Нижнеломовский муниципальный район,Пензенская область,T6,1884;1848;1223;2098;1725,0.467;0.609;0.631;0.638;0.652,11.52,16.28,13.75,-4.77,-4.34
1756,Никольский муниципальный район,Пензенская область,T6,289;831;1702;836;300,0.396;0.608;0.625;0.630;0.644,11.13,14.46,13.75,-3.33,0.97
1757,Пачелмский муниципальный район,Пензенская область,T6,2265;1222;1943;1851;1855,0.759;0.926;0.927;1.003;1.216,9.85,10.55,13.75,-0.7,-0.59
1758,Пензенский муниципальный район,Пензенская область,T3,918;3009;841;819;1008,0.337;0.410;0.412;0.444;0.456,18.3,18.87,13.75,-0.57,1.54
1759,Сердобский муниципальный район,Пензенская область,T4,1690;826;1564;2298;2090,0.778;0.850;0.864;0.957;0.963,13.0,13.21,13.75,-0.2,0.82
1760,Сосновоборский муниципальный район,Пензенская область,T5,1666;1011;823;832;1893,0.422;0.494;0.659;0.762;0.802,13.37,17.52,13.75,-4.14,-1.95
1761,Спасский муниципальный район,Пензенская область,T6,2266;2098;2082;1945;1732,0.195;0.604;0.660;0.661;0.663,19.56,14.75,13.75,4.81,4.91
1762,Тамалинский муниципальный район,Пензенская область,T6,2265;2082;2266;2085;1945,0.677;0.701;0.707;0.737;0.817,15.12,12.01,13.75,3.11,2.52
1764,городской округ город Псков,Псковская область,T3,2337;1107;2006;1600;2044,0.459;0.474;0.519;0.520;0.523,18.19,18.05,13.0,0.14,2.45
1765,городской округ город Великие Луки,Псковская область,T3,1009;1577;2280;1540;1235,0.356;0.356;0.471;0.519;0.525,18.53,18.05,13.0,0.48,2.41
1766,Бежаницкий муниципальный район,Псковская область,T4,1596;1268;1629;1611;1610,0.520;0.567;0.569;0.577;0.577,11.91,14.02,13.0,-2.1,-1.32
1768,Гдовский муниципальный район,Псковская область,T4,1221;1983;1425;1619;451,0.947;1.047;1.082;1.213;1.226,12.72,17.6,13.0,-4.87,-2.87
1769,Дедовичский муниципальный район,Псковская область,T5,2059;2139;2618;2322;2053,0.462;0.520;0.533;0.609;0.616,11.01,16.05,13.0,-5.05,-1.15
1770,Дновский муниципальный район,Псковская область,T4,1125;745;697;2278;219,0.548;0.642;0.688;0.692;0.721,14.5,14.17,13.0,0.33,3.17
1771,муниципальный округ Красногородский,Псковская область,T6,1201;294;1328;2143;1217,1.192;1.261;1.313;1.314;1.333,16.88,15.3,13.0,1.58,2.99
1773,муниципальный округ Локнянский,Псковская область,T6,1884;307;1594;1868;2081,0.500;0.547;0.579;0.604;0.639,13.24,13.56,13.0,-0.32,1.71
1774,муниципальный округ Невельский,Псковская область,T4,2046;1204;715;1555;1888,0.404;0.566;0.568;0.619;0.669,7.61,14.0,13.0,-6.39,-3.92
1775,муниципальный округ Новоржевский,Псковская область,T6,1622;1217;2129;2113;1727,0.734;0.809;0.969;1.096;1.113,15.24,15.3,13.0,-0.06,1.99
1776,Новосокольнический муниципальный район,Псковская область,T4,734;1686;2055;2330;1006,0.837;0.843;0.947;1.018;1.050,12.76,15.12,13.0,-2.36,1.36
1777,муниципальный округ Опочецкий,Псковская область,T6,1616;1067;1570;1571;1618,0.415;0.550;0.632;0.640;0.650,13.67,13.59,13.0,0.08,2.42
1778,Островский муниципальный район,Псковская область,T4,2333;1922;1631;1111;2047,0.494;0.568;0.673;0.691;0.711,14.89,15.56,13.0,-0.67,1.89
1780,муниципальный округ Печорский,Псковская область,T4,1895;668;999;1530;1554,0.448;0.572;0.606;0.612;0.638,9.99,14.0,13.0,-4.01,-0.15
1781,Плюсский муниципальный район,Псковская область,T6,1124;2138;1857;1590;1122,1.083;1.633;1.648;1.662;1.867,9.48,12.2,13.0,-2.72,-1.08
1782,Порховский муниципальный район,Псковская область,T4,1535;1004;2322;1557;2059,0.298;0.433;0.559;0.582;0.592,11.69,15.42,13.0,-3.73,-0.46
1783,Псковский муниципальный район,Псковская область,T3,1396;2337;2228;7;2644,0.505;0.572;0.621;0.678;0.692,19.58,16.6,13.0,2.98,7.12
1784,Пустошкинский муниципальный район,Псковская область,T6,1891;2213;1548;926;1660,0.716;0.725;0.746;0.748;0.773,9.49,15.42,13.0,-5.93,-5.16
1785,Пушкиногорский муниципальный район,Псковская область,T4,1316;1209;2183;1200;1203,0.354;0.467;0.524;0.533;0.574,10.57,13.43,13.0,-2.86,0.36
1786,муниципальный округ Пыталовский,Псковская область,T4,1549;1111;913;219;1406,0.824;0.884;1.108;1.178;1.199,10.09,12.23,13.0,-2.14,-0.14
1787,Себежский муниципальный район,Псковская область,T5,1590;2117;209;1857;18,1.269;1.315;1.464;1.485;1.518,14.37,14.78,13.0,-0.41,1.35
1788,муниципальный округ Струго-Красненский,Псковская область,T4,1221;1983;1425;1883;527,0.673;0.831;0.951;1.030;1.075,16.24,17.6,13.0,-1.35,0.65
1845,городской округ город Рязань,Рязанская область,T3,1560;2646;2251;1198;1007,0.552;0.624;0.639;0.681;0.688,16.63,17.69,14.75,-1.06,-1.04
1846,городской округ город Касимов,Рязанская область,T5,1422;1021;920;1207;1427,0.314;0.409;0.445;0.460;0.477,18.58,15.97,14.75,2.61,2.58
1848,городской округ город Скопин,Рязанская область,T6,2185;1223;1725;2098;307,0.389;0.394;0.566;0.574;0.584,16.87,14.35,14.75,2.52,3.58
1849,Ермишинский муниципальный район,Рязанская область,T6,287;495;1626;2088;300,0.609;0.663;0.769;0.778;0.787,16.61,12.27,14.75,4.33,5.36
1850,Захаровский муниципальный район,Рязанская область,T4,1126;1330;1542;2267;1222,0.817;0.985;1.130;1.145;1.269,13.33,13.17,14.75,0.16,-0.76
1851,Кадомский муниципальный район,Рязанская область,T6,1757;1222;1309;1737;2085,1.003;1.073;1.127;1.203;1.253,17.43,10.55,14.75,6.88,6.4
1852,Касимовский муниципальный район,Рязанская область,T6,1034;2140;2185;1591;1423,0.400;0.418;0.605;0.644;0.656,10.93,14.35,14.75,-3.42,-2.2
1853,Клепиковский муниципальный район,Рязанская область,T6,1034;2140;1591;2129;1017,0.358;0.444;0.605;0.627;0.648,12.94,14.45,14.75,-1.5,-1.9
1854,Кораблинский муниципальный район,Рязанская область,T6,1331;1718;930;1617;570,0.435;0.537;0.811;0.878;0.878,15.39,13.86,14.75,1.53,2.61
1855,Милославский муниципальный район,Рязанская область,T6,2116;1737;1718;1222;2181,0.741;0.846;0.888;0.939;1.068,11.12,15.23,14.75,-4.11,-3.04
1856,Михайловский муниципальный район,Рязанская область,T6,1417;2080;307;1223;1419,0.375;0.393;0.544;0.570;0.580,12.41,13.56,14.75,-1.14,-0.87
1857,Александро-Невский муниципальный район,Рязанская область,T6,1590;2117;2137;2066;2068,0.669;0.709;0.759;1.023;1.030,14.78,16.85,14.75,-2.07,-0.55
1858,Пителинский муниципальный район,Рязанская область,T6,1542;1923;1126;302;1330,1.498;1.750;2.263;2.555;2.611,14.31,14.11,14.75,0.2,0.37
1859,Пронский муниципальный район,Рязанская область,T4,1556;1898;1728;1951;2111,0.711;0.771;0.982;1.026;1.086,13.89,12.14,14.75,1.75,1.82
1860,Путятинский муниципальный округ,Рязанская область,T6,2143;2133;1415;1201;2142,0.592;0.721;0.888;0.895;0.932,16.19,17.14,14.75,-0.94,0.54
1861,Рыбновский муниципальный район,Рязанская область,T4,1885;2109;2105;2111;1321,0.611;0.904;1.004;1.025;1.041,19.2,15.38,14.75,3.81,5.58
1862,Ряжский муниципальный округ,Рязанская область,T6,2140;1423;1218;1034;2175,0.382;0.425;0.511;0.563;0.619,15.05,14.14,14.75,0.91,1.47
1863,Рязанский муниципальный район,Рязанская область,T3,1411;2884;820;2647;3009,0.435;0.603;0.622;0.720;0.750,15.96,20.25,14.75,-4.29,-1.91
1864,Сапожковский муниципальный район,Рязанская область,T6,1741;2085;1743;516;1739,0.735;1.085;1.091;1.199;1.206,12.2,14.35,14.75,-2.15,-2.29
1865,Сараевский муниципальный район,Рязанская область,T6,2323;1044;2116;1741;306,0.917;1.324;1.375;1.412;1.431,15.09,16.53,14.75,-1.44,0.94
1868,Спасский муниципальный район,Рязанская область,T6,1889;1773;1884;1712;2175,0.571;0.604;0.613;0.642;0.674,12.93,13.57,14.75,-0.64,-2.07
1869,Старожиловский муниципальный район,Рязанская область,T4,2052;2181;2175;1773;1594,0.677;0.756;0.789;0.813;0.874,14.73,17.76,14.75,-3.03,-0.65
1870,Ухоловский муниципальный район,Рязанская область,T6,306;1945;1412;1761;1044,0.761;0.892;0.974;0.986;1.028,14.51,13.75,14.75,0.76,0.73
1871,Чучковский муниципальный район,Рязанская область,T6,1542;1923;1126;1757;1711,1.574;1.840;2.316;2.596;2.613,15.43,11.16,14.75,4.28,1.35
1872,Шацкий муниципальный район,Рязанская область,T6,294;1210;188;1217;1727,0.820;0.884;0.892;0.903;1.033,13.13,15.3,14.75,-2.18,-3.08
1873,Шиловский муниципальный район,Рязанская область,T6,2175;2052;1034;923;2181,0.527;0.675;0.764;0.765;0.781,10.26,17.76,14.75,-7.5,-5.12
1874,городской округ Самара,Самарская область,T1,1979;1190;1007;809;2275,0.420;0.524;0.578;0.582;0.604,16.76,18.25,15.94,-1.49,-2.42
1875,городской округ Жигулевск,Самарская область,T3,2011;680;1978;2619;1919,0.590;0.617;0.622;0.627;0.648,21.45,17.63,15.94,3.82,3.3
1876,городской округ Кинель,Самарская область,T3,2619;991;2167;2333;2047,0.374;0.495;0.513;0.604;0.606,20.47,19.31,15.94,1.17,1.62
1877,городской округ Новокуйбышевск,Самарская область,T3,988;1107;1986;2044;2282,0.393;0.422;0.463;0.508;0.542,17.67,18.05,15.94,-0.38,-0.59
1878,городской округ Октябрьск,Самарская область,T4,1692;1305;1270;2297;1701,0.753;0.793;0.831;0.862;1.100,11.42,15.52,15.94,-4.1,-6.09
1879,городской округ Отрадный,Самарская область,T4,2186;2165;987;2188;1592,0.326;0.469;0.519;0.532;0.549,17.73,18.56,15.94,-0.83,0.36
1880,городской округ Похвистнево,Самарская область,T5,833;832;814;2301;1934,0.539;0.570;0.686;0.729;0.812,17.61,18.22,15.94,-0.6,-0.43
1881,городской округ Сызрань,Самарская область,T3,2032;2033;1726;1600;1586,0.326;0.495;0.501;0.561;0.580,18.23,19.53,15.94,-1.31,-4.25
1883,городской округ Чапаевск,Самарская область,T3,2710;2108;2883;1983;1922,0.349;0.517;0.637;0.670;0.695,21.95,18.63,15.94,3.32,3.41
1884,Алексеевский муниципальный район,Самарская область,T6,1755;1773;1725;2094;307,0.467;0.500;0.535;0.568;0.609,19.23,13.24,15.94,5.99,4.76
1885,Безенчукский муниципальный район,Самарская область,T4,1861;2109;1211;1321;1708,0.611;0.878;0.883;0.947;0.948,15.38,18.05,15.94,-2.67,-4.15
1886,Богатовский муниципальный район,Самарская область,T4,1951;2121;1536;1947;1711,0.512;0.560;0.611;0.703;0.782,14.78,13.88,15.94,0.9,-0.26
1887,Большеглушицкий муниципальный район,Самарская область,T6,2072;1018;1929;1014;1041,0.431;0.540;0.617;0.710;0.765,12.66,14.19,15.94,-1.53,-2.93
1888,Большечерниговский муниципальный район,Самарская область,T4,2184;1116;2046;2053;1019,0.532;0.543;0.564;0.574;0.603,15.91,16.05,15.94,-0.14,1.06
1889,Борский муниципальный район,Самарская область,T4,1712;2121;1711;1868;1554,0.449;0.519;0.568;0.571;0.587,13.57,12.93,15.94,0.64,-0.55
1890,Волжский муниципальный район,Самарская область,T3,1403;375;1726;1600;1447,0.593;0.679;0.691;0.694;0.736,19.57,18.93,15.94,0.64,-1.47
1891,Елховский муниципальный район,Самарская область,T6,926;1038;1607;2207;1547,0.455;0.527;0.576;0.585;0.597,9.87,12.8,15.94,-2.93,-4.51
1892,Исаклинский муниципальный район,Самарская область,T6,1346;569;1561;760;296,0.328;0.561;0.569;0.656;0.769,10.87,14.36,15.94,-3.49,-5.64
1893,Камышлинский муниципальный район,Самарская область,T5,2061;487;1760;1618;685,0.618;0.701;0.802;0.910;0.926,17.52,13.37,15.94,4.14,3.82
1894,Кинельский муниципальный район,Самарская область,T4,1125;2111;1200;1731;1108,0.675;0.716;0.829;0.834;0.839,14.52,15.71,15.94,-1.19,-0.28
1895,Кинель-Черкасский муниципальный район,Самарская область,T4,1780;1554;1026;1550;2276,0.448;0.608;0.638;0.638;0.697,8.68,9.99,15.94,-1.31,-4.25
1896,Клявлинский муниципальный район,Самарская область,T6,706;1547;719;2072;1573,0.361;0.400;0.511;0.563;0.580,14.94,15.68,15.94,-0.74,-1.23
1897,Кошкинский муниципальный район,Самарская область,T6,1416;1340;547;1537;536,0.444;0.517;0.576;0.645;0.670,12.06,12.8,15.94,-0.74,-2.43
1898,Красноармейский муниципальный район,Самарская область,T6,1556;1728;1917;1931;1859,0.532;0.625;0.703;0.714;0.771,12.14,12.59,15.94,-0.45,-2.54
1899,Красноярский муниципальный район,Самарская область,T4,1592;2186;987;1709;2062,0.346;0.546;0.560;0.573;0.592,15.24,15.43,15.94,-0.19,-2.0
1900,Нефтегорский муниципальный район,Самарская область,T4,2293;2180;2073;1947;2051,0.634;0.828;0.881;0.915;0.952,18.26,14.09,15.94,4.17,4.69
1901,Пестравский муниципальный район,Самарская область,T4,715;1204;769;2046;703,0.422;0.448;0.592;0.642;0.671,17.87,12.13,15.94,5.74,4.68
1902,Похвистневский муниципальный район,Самарская область,T6,2094;2255;1537;1690;1253,0.349;0.421;0.636;0.642;0.646,21.48,12.47,15.94,9.01,6.46
1903,Приволжский муниципальный район,Самарская область,T6,2052;2046;1115;1116;1712,0.595;0.655;0.664;0.672;0.685,13.42,15.41,15.94,-1.99,-2.63
1904,Сергиевский муниципальный район,Самарская область,T4,1241;274;2287;2301;559,0.409;0.509;0.539;0.546;0.551,8.2,16.05,15.94,-7.85,-7.96
1905,Ставропольский муниципальный район,Самарская область,T3,1117;218;2235;2192;1054,0.655;0.706;0.720;0.723;0.742,23.99,17.54,15.94,6.45,3.88
1906,Сызранский муниципальный район,Самарская область,T3,397;1109;1615;1315;2019,0.544;0.559;0.574;0.620;0.727,21.28,18.43,15.94,2.85,1.03
1907,Хворостянский муниципальный район,Самарская область,T6,2080;1580;2072;1415;1419,0.473;0.531;0.536;0.552;0.614,15.83,14.19,15.94,1.64,0.39
1908,Челно-Вершинский муниципальный район,Самарская область,T6,563;495;302;1569;300,0.481;0.559;0.616;0.737;0.819,15.97,13.74,15.94,2.23,0.85
1909,Шенталинский муниципальный район,Самарская область,T6,1727;1622;1932;683;1927,0.566;0.625;0.688;0.782;0.789,13.58,10.46,15.94,3.11,-0.01
1910,Шигонский муниципальный район,Самарская область,T6,2139;1218;2081;2050;2053,0.515;0.557;0.580;0.600;0.604,17.28,16.19,15.94,1.09,1.51
1912,городской округ город Шиханы,Саратовская область,T4,1200;2007;1414;2111;1316,0.296;0.543;0.570;0.571;0.583,17.2,15.23,13.85,1.97,4.5
1915,Александрово-Гайский муниципальный район,Саратовская область,T6,1747;2255;831;2081;1722,0.485;0.540;0.602;0.640;0.646,16.02,14.38,13.85,1.64,2.68
1916,Аркадакский муниципальный район,Саратовская область,T6,1417;1747;1030;2080;1856,0.523;0.532;0.554;0.578;0.584,13.84,13.13,13.85,0.71,1.39
1917,Аткарский муниципальный район,Саратовская область,T6,1026;1898;1550;833;1556,0.684;0.703;0.718;0.725;0.863,12.59,10.98,13.85,1.61,2.54
1918,Базарно-Карабулакский муниципальный район,Саратовская область,T6,1028;563;1323;566;1559,0.624;0.676;0.712;0.730;0.783,12.29,12.87,13.85,-0.59,0.18
1919,Балаковский муниципальный район,Саратовская область,T3,368;1303;1986;2252;422,0.536;0.565;0.565;0.620;0.624,17.27,18.06,13.85,-0.79,0.43
1920,Балашовский муниципальный район,Саратовская область,T3,814;2074;832;1752;1667,0.874;0.883;0.964;1.001;1.014,18.57,19.53,13.85,-0.96,2.08
1921,Балтайский муниципальный район,Саратовская область,T6,1750;1559;293;297;829,0.562;0.615;0.655;0.674;0.727,13.15,15.83,13.85,-2.68,-0.7
1922,Вольский муниципальный район,Саратовская область,T3,2333;2060;1778;1422;1039,0.508;0.510;0.568;0.591;0.602,18.34,15.56,13.85,2.79,3.41
1923,Воскресенский муниципальный район,Саратовская область,T6,1542;2321;2326;1120;2073,1.128;1.368;1.448;1.460;1.537,7.52,13.6,13.85,-6.08,-4.37
1924,Дергачевский муниципальный район,Саратовская область,T6,929;2093;188;1033;294,0.470;0.666;0.769;0.921;0.963,12.81,15.84,13.85,-3.03,-2.33
1925,Духовницкий муниципальный район,Саратовская область,T6,297;2308;2260;566;687,0.853;0.863;0.920;0.961;0.998,11.76,15.1,13.85,-3.34,-0.35
1926,Екатериновский муниципальный район,Саратовская область,T6,828;1548;1023;1032;1036,0.637;0.638;0.642;0.797;0.812,12.24,14.82,13.85,-2.58,-1.61
1927,Ершовский муниципальный район,Саратовская область,T6,2093;1909;1428;832;929,0.759;0.789;0.848;0.949;0.952,12.66,13.75,13.85,-1.09,-0.21
1928,Ивантеевский муниципальный район,Саратовская область,T6,1722;2087;1747;1420;706,0.358;0.511;0.537;0.556;0.564,13.83,14.46,13.85,-0.63,-0.24
1929,Калининский муниципальный район,Саратовская область,T6,1028;2257;1551;706;1887,0.341;0.360;0.544;0.595;0.617,11.45,15.61,13.85,-4.16,-2.62
1930,Красноармейский муниципальный район,Саратовская область,T5,1568;1629;2301;1035;1557,0.368;0.482;0.552;0.604;0.626,15.37,16.05,13.85,-0.68,0.82
1931,Краснокутский муниципальный район,Саратовская область,T4,1026;1898;1886;1728;1556,0.699;0.714;0.846;0.864;0.874,18.75,10.98,13.85,7.77,8.7
1932,Краснопартизанский муниципальный район,Саратовская область,T6,1752;1909;298;2270;832,0.662;0.688;0.695;0.823;0.896,13.05,15.49,13.85,-2.44,-1.36
1933,Лысогорский муниципальный район,Саратовская область,T6,1732;296;2266;1567;1761,0.462;0.617;0.713;0.730;0.797,14.69,15.73,13.85,-1.04,-3.64
1934,Марксовский муниципальный район,Саратовская область,T4,1026;1550;1037;1752;833,0.642;0.666;0.726;0.787;0.801,17.16,12.02,13.85,5.14,5.04
1935,Новобурасский муниципальный район,Саратовская область,T6,1559;1744;302;1569;479,0.741;0.826;0.845;1.013;1.032,12.4,15.67,13.85,-3.27,-4.33
1936,Новоузенский муниципальный район,Саратовская область,T3,2;1683;195;2074;1752,0.996;1.036;1.076;1.101;1.127,15.0,13.2,13.85,1.81,1.55
1937,Озинский муниципальный район,Саратовская область,T5,2122;1894;2046;1710;3,0.958;0.972;0.985;0.985;1.013,11.99,13.74,13.85,-1.75,2.28
1938,Перелюбский муниципальный район,Саратовская область,T6,1663;1678;2332;2294;1280,0.840;0.857;0.895;0.896;0.930,11.98,12.97,13.85,-0.99,-2.16
1939,Петровский муниципальный район,Саратовская область,T4,2272;2069;1752;1037;1427,0.502;0.510;0.651;0.700;0.723,14.13,14.28,13.85,-0.15,1.52
1940,Питерский муниципальный район,Саратовская область,T6,2090;829;836;2265;1755,0.705;0.940;0.944;0.950;0.969,16.65,12.2,13.85,4.46,6.05
1941,Пугачевский муниципальный район,Саратовская область,T6,831;2255;1745;2075;1537,0.527;0.571;0.581;0.582;0.584,16.43,14.87,13.85,1.55,2.61
1942,Ровенский муниципальный район,Саратовская область,T6,926;1891;1038;924;2050,0.588;0.630;0.642;0.667;0.686,12.19,13.77,13.85,-1.58,-1.66
1943,Романовский муниципальный район,Саратовская область,T6,2267;2265;1757;2090;1755,0.768;0.772;0.927;0.948;0.974,10.54,11.52,13.85,-0.98,-0.96
1944,Ртищевский муниципальный район,Саратовская область,T6,831;1012;547;1035;1537,0.588;0.592;0.650;0.661;0.665,13.85,14.48,13.85,-0.63,1.14
1945,Самойловский муниципальный район,Саратовская область,T6,1761;1753;2266;1762;1732,0.661;0.682;0.765;0.817;0.836,14.75,15.12,13.85,-0.37,-0.47
1947,Советский муниципальный район,Саратовская область,T4,999;538;1886;1536;2298,0.682;0.694;0.703;0.743;0.780,10.3,14.0,13.85,-3.7,-2.39
1948,Татищевский муниципальный район,Саратовская область,T4,1557;530;1656;1568;274,0.394;0.424;0.431;0.440;0.457,13.48,15.3,13.85,-1.82,-0.84
1949,Турковский муниципальный район,Саратовская область,T6,1541;1739;2095;2085;1753,0.780;0.790;0.863;0.883;0.961,15.91,13.45,13.85,2.46,3.38
1950,Федоровский муниципальный район,Саратовская область,T4,999;538;1694;2299;2315,0.565;0.574;0.652;0.675;0.746,15.31,12.62,13.85,2.69,4.36
1951,Хвалынский муниципальный район,Саратовская область,T6,1886;2121;1728;1556;923,0.512;0.633;0.732;0.746;0.840,14.29,14.36,13.85,-0.07,2.6
1952,Энгельсский муниципальный район,Саратовская область,T3,1008;1007;1410;918;269,0.236;0.398;0.423;0.445;0.493,17.23,18.59,13.85,-1.37,-0.26
1954,городской округ Александровск-Сахалинский район,Сахалинская область,T2,2342;849;801;803;870,1.274;1.313;1.364;1.403;1.442,6.38,16.36,5.43,-9.98,0.66
1955,городской округ Анивский,Сахалинская область,T2,612;342;336;860;872,1.457;1.466;1.558;1.601;1.797,2.8,13.16,5.43,-10.35,-3.07
1956,городской округ Долинский,Сахалинская область,T2,2341;889;2339;312;781,0.481;0.950;0.978;1.062;1.294,-6.27,13.89,5.43,-20.16,-9.56
1957,городской округ Корсаковский,Сахалинская область,T2,860;843;312;616;2341,1.078;1.095;1.247;1.276;1.417,7.62,15.77,5.43,-8.15,0.09
1958,городской округ Курильский,Сахалинская область,T2,616;332;614;2345;875,1.577;1.744;1.794;1.796;1.895,14.45,15.69,5.43,-1.24,7.95
1959,городской округ Макаровский,Сахалинская область,T2,324;855;876;336;319,1.243;1.395;1.593;1.734;1.743,-6.9,13.31,5.43,-20.21,-13.18
1960,городской округ Невельский,Сахалинская область,T2,797;803;889;805;2249,0.901;0.912;0.913;1.003;1.145,2.0,13.84,5.43,-11.85,-2.76
1961,городской округ Ногликский,Сахалинская область,T2,2221;843;2226;2220;312,1.038;1.062;1.081;1.202;1.216,11.41,15.04,5.43,-3.64,5.88
1962,городской округ Охинский,Сахалинская область,T2,312;616;847;2341;843,0.730;0.945;1.016;1.113;1.234,9.24,15.77,5.43,-6.53,1.7
1963,городской округ Поронайский,Сахалинская область,T2,2341;2339;312;616;889,0.557;1.016;1.061;1.244;1.275,3.61,15.69,5.43,-12.08,-1.52
1965,городской округ Смирныховский,Сахалинская область,T2,800;855;2249;797;243,1.287;1.409;1.501;1.595;1.598,4.17,11.84,5.43,-7.67,-0.26
1966,городской округ Томаринский,Сахалинская область,T2,855;859;852;2343;708,1.220;1.618;1.682;1.793;1.985,7.86,20.8,5.43,-12.94,-2.3
1967,городской округ Тымовский,Сахалинская область,T2,2249;889;336;855;2341,1.058;1.332;1.381;1.387;1.650,4.47,11.84,5.43,-7.37,-0.52
1968,городской округ Углегорский,Сахалинская область,T2,312;2341;843;616;847,0.912;1.037;1.190;1.222;1.285,11.87,15.77,5.43,-3.9,4.34
1969,городской округ Холмский,Сахалинская область,T2,2341;2339;889;312;616,0.827;0.881;0.918;1.108;1.124,-0.56,15.69,5.43,-16.26,-5.69
1970,городской округ Южно-Курильский,Сахалинская область,T2,2250;2244;720;884;332,1.085;1.666;1.694;1.969;2.177,15.67,12.27,5.43,3.4,11.99
1971,городской округ город Екатеринбург,Свердловская область,T1,1134;1597;2190;21;727,0.412;0.439;0.496;0.556;0.582,17.01,15.85,15.0,1.16,0.56
1972,городской округ город Алапаевск,Свердловская область,T4,1227;1608;1252;2289;754,0.321;0.575;0.627;0.640;0.659,19.25,16.54,15.0,2.7,3.53
1973,городской округ Артемовский,Свердловская область,T4,1154;1608;2303;751;1227,0.599;0.714;0.714;0.774;0.785,15.64,16.54,15.0,-0.9,-0.07
1974,городской округ Асбестовский,Свердловская область,T3,1260;679;1234;2320;748,0.429;0.582;0.584;0.602;0.602,17.39,17.22,15.0,0.17,-1.3
1975,городской округ Малышевский,Свердловская область,T4,998;1157;669;909;1154,0.618;0.673;0.774;0.778;0.864,3.07,14.74,15.0,-11.66,-12.91
1976,городской округ Рефтинский,Свердловская область,T4,2051;2335;2070;1305;995,0.571;0.796;0.807;0.873;0.952,14.02,17.46,15.0,-3.44,-2.17
1977,городской округ Березовский,Свердловская область,T3,1598;1224;2161;1597;2887,0.305;0.329;0.464;0.487;0.516,19.15,17.0,15.0,2.14,3.09
1978,городской округ Богданович,Свердловская область,T3,680;2288;2311;1234;2280,0.473;0.525;0.527;0.569;0.582,17.95,20.83,15.0,-2.88,-0.18
1979,городской округ Верхняя Пышма,Свердловская область,T1,1874;1224;1597;2275;2161,0.420;0.424;0.435;0.450;0.464,18.25,17.0,15.0,1.24,2.42
1980,городской округ Среднеуральск,Свердловская область,T3,2252;2280;1229;1765;1577,0.440;0.502;0.502;0.535;0.555,9.44,18.06,15.0,-8.63,-8.69
1981,городской округ Верхнесалдинский,Свердловская область,T4,1407;2320;1260;1875;680,0.520;0.635;0.650;0.650;0.689,10.62,17.67,15.0,-7.06,-6.6
1982,городской округ Заречный,Свердловская область,T4,1179;987;2188;2288;1879,0.781;0.956;0.959;0.998;1.017,14.21,18.55,15.0,-4.34,-2.58
1983,городской округ Ивдельский,Свердловская область,T3,2108;1883;2710;1221;1788,0.645;0.670;0.709;0.796;0.831,17.6,18.69,15.0,-1.09,-0.65
1984,городской округ Пелым,Свердловская область,T4,2131;451;2105;1894;2120,0.706;0.855;1.000;1.029;1.046,17.62,15.88,15.0,1.74,3.87
1985,городской округ город Ирбит,Свердловская область,T3,1232;1226;1235;2311;452,0.502;0.510;0.591;0.602;0.613,17.92,17.1,15.0,0.82,2.86
1986,городской округ город Каменск-Уральский,Свердловская область,T3,1107;988;2282;2320;1236,0.322;0.362;0.388;0.402;0.423,18.0,18.05,15.0,-0.05,1.33
1987,городской округ Камышловский,Свердловская область,T3,1659;767;1161;1603;511,0.489;0.501;0.569;0.626;0.650,15.68,17.69,15.0,-2.01,-1.18
1988,городской округ Карпинск,Свердловская область,T4,998;1709;909;1063;2278,0.531;0.583;0.659;0.683;0.687,7.18,14.59,15.0,-7.41,-9.6
1989,городской округ Волчанский,Свердловская область,T4,1304;995;223;734;1006,0.377;0.486;0.630;0.722;0.749,14.84,13.01,15.0,1.82,3.35
1990,городской округ Качканарский,Свердловская область,T3,1407;670;1260;891;1110,0.400;0.535;0.558;0.663;0.701,16.62,17.73,15.0,-1.11,-0.81
1991,городской округ Кировградский,Свердловская область,T4,1673;1110;270;670;1672,0.656;0.702;0.809;0.815;0.846,15.2,19.04,15.0,-3.84,-3.38
1992,городской округ Верхний Тагил,Свердловская область,T4,2335;2070;1305;270;895,0.710;0.851;0.903;1.093;1.119,15.14,14.98,15.0,0.17,0.11
1993,городской округ Краснотурьинск,Свердловская область,T3,2320;1231;892;988;679,0.475;0.489;0.493;0.494;0.614,15.22,17.22,15.0,-2.0,-1.45
1994,городской округ Красноуральск,Свердловская область,T4,1305;2324;2051;2335;1669,0.544;0.841;0.927;1.097;1.116,12.63,12.52,15.0,0.11,0.66
1995,городской округ Красноуфимск,Свердловская область,T3,3011;748;1333;2809;1668,0.449;0.477;0.478;0.482;0.547,19.07,20.06,15.0,-0.99,-2.23
1996,городской округ Кушвинский,Свердловская область,T4,1110;2886;270;2070;1112,0.638;0.662;0.677;0.689;0.728,13.27,17.42,15.0,-4.15,-3.85
1997,городской округ Верхняя Тура,Свердловская область,T4,1003;1392;2234;241;1110,0.639;0.823;0.892;0.924;0.946,13.59,15.36,15.0,-1.77,-1.18
1999,городской округ Невьянский,Свердловская область,T3,2320;1407;1260;2279;1231,0.482;0.588;0.626;0.642;0.661,18.02,17.22,15.0,0.8,0.88
2000,городской округ город Нижний Тагил,Свердловская область,T3,1135;1236;2318;1233;1107,0.322;0.459;0.481;0.497;0.519,19.09,16.83,15.0,2.26,3.2
2001,городской округ Нижняя Салда,Свердловская область,T4,1110;670;2070;741;1112,0.494;0.560;0.595;0.638;0.651,14.41,17.73,15.0,-3.32,-3.02
2002,городской округ Нижнетуринский,Свердловская область,T4,680;1407;2062;1232;1160,0.375;0.542;0.677;0.695;0.723,14.94,15.43,15.0,-0.49,-0.06
2004,городской округ Первоуральск,Свердловская область,T3,1107;1236;1135;2318;988,0.385;0.393;0.403;0.447;0.537,18.75,16.83,15.0,1.92,2.85
2005,городской округ Полевской,Свердловская область,T3,1260;2320;1407;670;679,0.428;0.443;0.562;0.667;0.670,18.11,19.04,15.0,-0.93,-0.47
2006,городской округ Ревда,Свердловская область,T3,1136;1764;368;2620;988,0.463;0.519;0.569;0.573;0.598,18.19,16.15,15.0,2.03,1.48
2007,городской округ Дегтярск,Свердловская область,T4,1578;2158;1912;1316;1200,0.265;0.521;0.543;0.601;0.641,4.62,14.09,15.0,-9.47,-10.34
2008,городской округ Режевской,Свердловская область,T4,2289;2288;1234;1252;2280,0.440;0.586;0.648;0.673;0.676,19.24,21.52,15.0,-2.28,0.42
2009,городской округ Североуральский,Свердловская область,T4,998;2186;987;1709;1879,0.535;0.785;0.799;0.800;0.830,9.75,18.55,15.0,-8.8,-7.76
2010,городской округ Серовский,Свердловская область,T3,1407;2279;2320;1231;1260,0.519;0.685;0.732;0.760;0.770,20.85,17.22,15.0,3.63,3.71
2011,городской округ Сухой Лог,Свердловская область,T4,680;1407;1875;1232;2320,0.484;0.560;0.590;0.654;0.679,15.07,17.67,15.0,-2.61,-2.07
2012,городской округ Тавдинский,Свердловская область,T4,574;1227;2310;1624;1608,0.543;0.598;0.604;0.616;0.619,6.9,15.07,15.0,-8.17,-6.8
2015,городской округ Алапаевское,Свердловская область,T4,747;1056;1244;1624;751,0.409;0.420;0.498;0.510;0.668,13.08,13.41,15.0,-0.33,0.31
2017,городской округ Артинский,Свердловская область,T5,771;32;2305;43;554,0.597;0.685;0.793;0.809;0.836,13.64,13.91,15.0,-0.27,-1.12
2018,городской округ Ачитский,Свердловская область,T4,755;752;398;2314;2304,0.547;0.572;0.641;0.647;0.647,1.79,12.9,15.0,-11.11,-8.42
2019,городской округ Белоярский,Свердловская область,T3,1109;1659;452;1232;511,0.442;0.668;0.670;0.701;0.706,14.59,15.07,15.0,-0.48,-2.01
2021,городской округ Верхотурский,Свердловская область,T5,1619;599;1572;1615;1906,0.505;0.658;0.697;0.728;0.736,12.54,18.3,15.0,-5.76,-5.99
2022,городской округ Гаринский,Свердловская область,T6,567;761;532;1269;557,0.861;0.933;0.968;0.976;1.044,7.2,12.7,15.0,-5.5,-6.33
2023,городской округ Ирбитское,Свердловская область,T5,235;1053;1158;2205;1168,0.410;0.530;0.781;0.784;0.798,8.72,10.32,15.0,-1.61,-4.44
2024,городской округ Каменский,Свердловская область,T3,579;2809;674;2620;767,0.580;0.759;0.803;0.838;0.840,18.05,17.42,15.0,0.63,-0.49
2025,городской округ Красноуфимский округ,Свердловская область,T3,2215;1178;1189;272;1192,0.634;0.714;0.751;0.867;0.888,17.67,14.08,15.0,3.6,3.11
2027,городской округ Бисертский,Свердловская область,T4,1612;1168;913;1047;216,0.576;0.579;0.720;0.771;0.772,17.67,12.71,15.0,4.96,3.34
2028,городской округ Новолялинский,Свердловская область,T4,668;1533;1012;915;1244,0.450;0.549;0.606;0.608;0.625,14.48,14.67,15.0,-0.19,0.27
2030,городской округ Пышминский,Свердловская область,T5,603;725;1167;744;591,0.393;0.458;0.645;0.650;0.678,13.37,13.36,15.0,0.01,-1.56
2031,городской округ Сосьвинский,Свердловская область,T4,1132;2064;1770;2327;223,0.742;0.783;0.846;0.937;0.951,12.63,13.54,15.0,-0.91,-0.35
2032,городской округ Сысертский,Свердловская область,T3,1881;1586;1600;1054;1726,0.326;0.383;0.443;0.468;0.534,21.54,18.37,15.0,3.17,0.54
2033,городской округ Арамильский,Свердловская область,T3,1600;1726;1586;1054;1881,0.270;0.362;0.421;0.474;0.495,18.85,18.37,15.0,0.48,-2.15
2034,городской округ Талицкий,Свердловская область,T5,677;505;1160;1603;725,0.463;0.526;0.641;0.648;0.658,12.77,17.69,15.0,-4.91,-4.08
2035,городской округ Тугулымский,Свердловская область,T4,751;1641;1006;734;2303,0.547;0.652;0.659;0.662;0.667,13.26,15.36,15.0,-2.1,-1.39
2036,городской округ Туринский,Свердловская область,T4,1624;747;1533;518;1244,0.381;0.511;0.588;0.590;0.611,13.9,15.18,15.0,-1.29,0.2
2037,городской округ Шалинский,Свердловская область,T4,1292;2159;2157;1660;1646,0.724;0.765;0.767;0.852;0.914,13.29,12.6,15.0,0.69,-1.9
2039,Байкаловский муниципальный район,Свердловская область,T4,1158;755;739;1535;1168,0.560;0.614;0.661;0.672;0.677,11.27,13.6,15.0,-2.33,-3.57
2040,Камышловский муниципальный район,Свердловская область,T3,912;2224;846;667;1141,0.721;0.767;0.882;0.973;0.986,16.11,16.26,15.0,-0.15,-0.94
2041,Слободо-Туринский муниципальный район,Свердловская область,T4,1604;1158;677;1167;511,0.401;0.509;0.550;0.609;0.667,11.13,21.01,15.0,-9.88,-9.86
2042,Нижнесергинский муниципальный район,Свердловская область,T4,1557;518;2310;747;1414,0.508;0.562;0.587;0.612;0.636,13.34,15.23,15.0,-1.89,-2.17
2043,Таборинский муниципальный район,Свердловская область,T6,571;433;1345;760;519,0.619;0.718;0.745;0.755;0.770,19.75,13.34,15.0,6.42,6.02
2044,городской округ город Смоленск,Смоленская область,T3,1410;1107;2164;986;1877,0.433;0.435;0.479;0.494;0.508,16.92,17.81,16.27,-0.89,-1.08
2045,городской округ город Десногорск,Смоленская область,T4,2158;1578;987;2007;2165,0.553;0.630;0.715;0.778;0.835,19.41,14.09,16.27,5.31,2.58
2046,Велижский муниципальный район,Смоленская область,T4,1774;1888;715;1901;1204,0.404;0.564;0.576;0.642;0.653,12.13,14.0,16.27,-1.87,-2.67
2047,Вяземский муниципальный район,Смоленская область,T3,2883;2619;2333;1876;2108,0.428;0.495;0.582;0.606;0.655,19.31,18.69,16.27,0.62,0.96
2048,Гагаринский муниципальный район,Смоленская область,T3,1504;1005;2883;2177;1486,0.473;0.493;0.535;0.634;0.692,20.08,18.71,16.27,1.37,2.24
2049,Глинковский муниципальный район,Смоленская область,T6,1724;516;553;1309;1323,0.690;0.852;0.864;0.888;0.932,10.61,12.81,16.27,-2.2,-1.52
2050,Демидовский муниципальный район,Смоленская область,T6,924;570;1910;377;2152,0.313;0.530;0.600;0.649;0.671,16.27,13.35,16.27,2.92,0.49
2051,Дорогобужский муниципальный район,Смоленская область,T4,1976;2293;2324;995;1595,0.571;0.626;0.730;0.785;0.786,17.46,14.02,16.27,3.44,2.47
2052,Духовщинский муниципальный район,Смоленская область,T6,1903;1873;1869;1329;1115,0.595;0.675;0.677;0.683;0.685,17.77,13.42,16.27,4.35,4.02
2053,Ельнинский муниципальный район,Смоленская область,T6,1116;2139;377;1888;1429,0.485;0.540;0.550;0.574;0.584,17.32,15.91,16.27,1.41,1.54
2054,Ершичский муниципальный район,Смоленская область,T6,1266;2259;428;1614;567,0.736;0.833;0.945;0.959;0.995,17.96,13.72,16.27,4.24,1.59
2055,Кардымовский муниципальный район,Смоленская область,T4,1002;2330;1113;1529;1686,0.394;0.577;0.600;0.664;0.694,12.88,9.35,16.27,3.54,0.65
2056,Краснинский муниципальный район,Смоленская область,T6,295;296;1750;1420;566,0.552;0.589;0.632;0.717;0.732,12.0,13.75,16.27,-1.75,-4.27
2057,Монастырщинский муниципальный район,Смоленская область,T6,447;1606;1849;495;2088,1.018;1.044;1.170;1.181;1.273,11.67,13.51,16.27,-1.84,-3.2
2058,Новодугинский муниципальный район,Смоленская область,T6,1594;1773;2160;1903;570,0.565;0.668;0.737;0.749;0.763,13.52,13.24,16.27,0.28,-0.67
2059,Починковский муниципальный район,Смоленская область,T4,2322;2139;1004;1769;572,0.345;0.386;0.452;0.462;0.591,15.42,15.42,16.27,0.01,0.09
2060,Рославльский муниципальный район,Смоленская область,T3,2311;1237;2333;1922;992,0.430;0.473;0.492;0.510;0.603,13.35,18.34,16.27,-5.0,-4.33
2061,Руднянский муниципальный район,Смоленская область,T6,1618;1616;1893;1041;1532,0.392;0.520;0.618;0.688;0.693,11.91,15.19,16.27,-3.29,-5.2
2062,Сафоновский муниципальный район,Смоленская область,T4,1709;1112;1413;2167;2186,0.354;0.368;0.438;0.543;0.550,15.43,17.42,16.27,-1.99,-3.34
2063,Смоленский муниципальный район,Смоленская область,T3,1726;1492;2033;2652;1600,0.444;0.499;0.524;0.640;0.648,18.9,18.4,16.27,0.51,-1.21
2064,Сычевский муниципальный район,Смоленская область,T4,1213;2031;2134;1627;1308,0.741;0.783;0.791;0.820;0.840,14.63,12.63,16.27,2.0,0.74
2065,Темкинский муниципальный район,Смоленская область,T6,1220;1215;2133;2116;1328,0.951;1.006;1.028;1.100;1.228,17.86,16.53,16.27,1.33,2.19
2066,Угранский муниципальный район,Смоленская область,T5,2132;1214;2138;710;2618,0.694;0.808;0.862;0.864;0.910,16.85,13.5,16.27,3.35,4.08
2067,Хиславичский муниципальный район,Смоленская область,T6,1551;2087;706;305;922,0.402;0.504;0.523;0.565;0.596,10.39,13.18,16.27,-2.79,-4.66
2068,Холм-Жирковский муниципальный район,Смоленская область,T6,2162;1910;2137;1218;1594,0.588;0.623;0.626;0.729;0.733,20.99,12.8,16.27,8.2,5.9
2069,Шумячский муниципальный район,Смоленская область,T4,1939;2272;497;308;1934,0.510;0.562;0.728;0.764;0.810,14.35,15.74,16.27,-1.39,-2.63
2070,Ярцевский муниципальный район,Смоленская область,T4,2001;1996;995;1709;998,0.595;0.689;0.691;0.691;0.734,19.43,14.41,16.27,5.02,3.75
2072,городской округ город Кирсанов,Тамбовская область,T6,1887;1907;1714;1896;1419,0.431;0.536;0.554;0.563;0.577,14.19,14.22,14.55,-0.03,0.15
2073,городской округ город Котовск,Тамбовская область,T4,1947;2330;1900;2055;2180,0.800;0.850;0.881;0.883;0.897,12.18,14.09,14.55,-1.92,0.67
2074,городской округ город Мичуринск,Тамбовская область,T3,1683;1039;1719;1010;1021,0.497;0.561;0.585;0.603;0.676,17.19,16.32,14.55,0.87,0.68
2075,городской округ город Моршанск,Тамбовская область,T6,827;1941;836;831;1036,0.405;0.582;0.629;0.641;0.676,14.95,15.48,14.55,-0.53,4.0
2076,городской округ город Рассказово,Тамбовская область,T5,810;1032;1642;822;1421,0.500;0.645;0.654;0.702;0.753,18.55,17.37,14.55,1.17,4.38
2077,городской округ город Уварово,Тамбовская область,T6,1016;1745;1564;828;1941,0.420;0.469;0.473;0.559;0.668,14.87,13.72,14.55,1.15,1.62
2078,Бондарский муниципальный округ,Тамбовская область,T6,290;1350;1749;1344;2256,0.525;0.860;0.910;1.219;1.233,13.7,11.89,14.55,1.81,1.32
2079,Гавриловский муниципальный округ,Тамбовская область,T6,1743;306;1412;1044;1741,0.759;0.999;1.074;1.114;1.326,17.46,13.75,14.55,3.72,3.89
2080,Жердевский муниципальный округ,Тамбовская область,T6,1856;1417;1714;1419;1907,0.393;0.437;0.468;0.470;0.473,14.64,13.13,14.55,1.51,0.6
2081,Знаменский муниципальный округ,Тамбовская область,T6,307;1116;1034;831;1910,0.478;0.478;0.555;0.562;0.580,14.38,15.48,14.55,-1.1,1.3
2082,Инжавинский муниципальный округ,Тамбовская область,T6,1417;1747;1928;1761;2266,0.561;0.598;0.637;0.660;0.679,14.45,13.83,14.55,0.62,-0.08
2085,Мордовский муниципальный округ,Тамбовская область,T6,1762;1933;1750;1567;1949,0.737;0.810;0.863;0.873;0.883,10.83,14.69,14.55,-3.86,-4.56
2087,Мучкапский муниципальный округ,Тамбовская область,T6,1714;1417;2067;1928;1747,0.448;0.466;0.504;0.511;0.536,17.06,13.13,14.55,3.93,2.54
2088,Никифоровский муниципальный округ,Тамбовская область,T6,1849;287;1702;479;300,0.778;0.809;0.908;1.053;1.066,11.04,15.67,14.55,-4.63,-5.36
2089,Первомайский муниципальный округ,Тамбовская область,T6,922;1033;719;1714;1426,0.647;0.707;0.808;0.817;0.817,10.44,12.56,14.55,-2.12,-3.28
2090,Петровский муниципальный округ,Тамбовская область,T6,1016;293;1564;829;297,0.483;0.545;0.621;0.656;0.703,12.2,13.95,14.55,-1.76,-1.06
2091,Пичаевский муниципальный округ,Тамбовская область,T6,1746;2271;1751;2254;1023,0.794;1.081;1.104;1.242;1.348,16.32,14.36,14.55,1.96,1.08
2093,Ржаксинский муниципальный округ,Тамбовская область,T6,929;1924;1014;683;1033,0.650;0.666;0.679;0.681;0.701,15.84,11.86,14.55,3.98,3.79
2094,Сампурский муниципальный округ,Тамбовская область,T6,1902;2255;1537;1253;1884,0.349;0.424;0.548;0.558;0.568,11.82,15.29,14.55,-3.47,-2.83
2095,Сосновский муниципальный округ,Тамбовская область,T6,1739;2256;1949;1741;1749,0.461;0.704;0.863;0.936;0.987,14.11,12.96,14.55,1.14,-0.25
2096,Староюрьевский муниципальный округ,Тамбовская область,T6,1749;1933;1753;1744;1541,0.661;0.843;0.848;0.850;0.877,14.06,13.75,14.55,0.31,-0.49
2098,Токарёвский муниципальный округ,Тамбовская область,T6,1747;1417;1725;1848;1761,0.471;0.481;0.546;0.574;0.604,16.28,14.79,14.55,1.5,-0.38
2100,Умётский муниципальный округ,Тамбовская область,T5,2118;1717;2117;925;2264,0.977;1.106;1.134;1.159;1.198,18.64,16.18,14.55,2.46,4.22
2101,городской округ город Тверь,Тверская область,T3,1198;1397;986;1496;1480,0.156;0.582;0.587;0.628;0.631,17.13,16.58,17.13,0.55,-0.56
2105,городской округ Осташковский,Тверская область,T4,2189;1206;1589;1578;2158,0.502;0.569;0.758;0.875;0.900,15.12,13.85,17.13,1.27,-2.01
2108,городской округ город Торжок,Тверская область,T3,1883;1001;1983;2047;1478,0.517;0.524;0.645;0.655;0.693,18.69,18.88,17.13,-0.19,-1.04
2109,городской округ Удомельский,Тверская область,T4,1885;1861;1473;2045;1474,0.878;0.904;1.109;1.112;1.124,13.38,15.38,17.13,-2.0,-3.19
2110,муниципальный округ Андреапольский,Тверская область,T6,1494;2182;1415;1210;1581,0.771;0.794;1.040;1.061;1.066,17.58,13.53,17.13,4.05,1.16
2111,муниципальный округ Бежецкий,Тверская область,T4,1200;1912;1206;1894;1015,0.414;0.571;0.595;0.716;0.772,15.99,14.52,17.13,1.47,-1.14
2112,муниципальный округ Бельский,Тверская область,T6,1133;2068;914;1717;1984,0.435;1.100;1.106;1.110;1.178,22.77,17.62,17.13,5.15,3.02
2113,муниципальный округ Бологовский,Тверская область,T5,1207;920;1209;1494;1221,0.527;0.572;0.636;0.656;0.714,17.46,13.43,17.13,4.03,0.74
2114,муниципальный округ Весьегонский,Тверская область,T6,1215;1859;1984;1328;1017,1.209;1.289;1.369;1.375;1.554,14.51,13.89,17.13,0.63,-1.75
2116,муниципальный округ Жарковский,Тверская область,T6,1855;1854;1737;2065;1718,0.741;1.011;1.015;1.100;1.118,16.53,15.23,17.13,1.3,-1.24
2117,муниципальный округ Западнодвинский,Тверская область,T5,1590;1857;1717;1213;1777,0.668;0.709;0.894;0.953;0.989,18.64,13.67,17.13,4.96,1.48
2118,муниципальный округ Зубцовский,Тверская область,T6,1581;1203;1494;2182;1717,0.860;0.863;0.864;0.900;0.938,16.18,13.53,17.13,2.64,-0.87
2119,муниципальный округ Калининский,Тверская область,T3,2063;379;1440;1484;1447,0.664;0.690;0.696;0.757;0.790,18.93,18.3,17.13,0.63,-0.25
2120,муниципальный округ Калязинский,Тверская область,T4,1494;1203;1221;451;1209,0.441;0.678;0.703;0.801;0.886,15.88,13.43,17.13,2.45,-0.83
2121,городской округ Кашинский,Тверская область,T4,1889;1886;1711;1536;1951,0.519;0.560;0.612;0.628;0.633,14.97,13.88,17.13,1.09,-1.27
2122,муниципальный округ Кесовогорский,Тверская область,T4,1937;2064;1213;2327;1774,0.958;1.175;1.181;1.284;1.299,17.13,12.49,17.13,4.63,1.85
2124,муниципальный округ Конаковский,Тверская область,T3,1001;1478;1883;1983;818,0.505;0.649;0.726;0.859;0.869,18.36,18.88,17.13,-0.52,-1.36
2125,муниципальный округ Краснохолмский,Тверская область,T6,1220;1328;1872;1217;1215,0.722;0.817;1.161;1.214;1.232,19.21,13.13,17.13,6.08,3.7
2126,муниципальный округ Кувшиновский,Тверская область,T4,1494;1221;1203;2182;1984,0.665;0.887;0.995;1.022;1.056,11.26,17.05,17.13,-5.79,-5.79
2127,муниципальный округ Лесной,Тверская область,T6,2257;541;1323;1547;2156,0.628;0.646;0.657;0.692;0.703,20.39,14.95,17.13,5.44,2.92
2128,муниципальный округ Лихославльский,Тверская область,T6,1581;1218;914;1769;2162,0.327;0.669;0.724;0.732;0.745,13.57,12.68,17.13,0.89,-2.39
2129,муниципальный округ Максатихинский,Тверская область,T6,1218;1415;1034;1853;1862,0.500;0.532;0.544;0.627;0.639,17.38,12.94,17.13,4.44,1.42
2130,муниципальный округ Молоковский,Тверская область,T5,1787;1208;1781;1857;1590,2.030;2.050;2.114;2.143;2.143,15.46,14.37,17.13,1.09,-1.69
2131,городской округ Нелидовский,Тверская область,T4,1984;451;1861;1788;219,0.706;0.884;1.151;1.243;1.250,17.73,17.62,17.13,0.11,-2.65
2132,муниципальный округ Оленинский,Тверская область,T6,1214;2066;691;1312;1774,0.474;0.694;0.839;0.971;1.025,17.84,7.61,17.13,10.23,6.1
2133,муниципальный округ Пеновский,Тверская область,T6,1860;1205;2068;1854;2065,0.721;0.781;0.896;0.987;1.028,19.71,16.19,17.13,3.52,0.99
2134,муниципальный округ Рамешковский,Тверская область,T4,1133;2064;2618;1132;1627,0.767;0.791;0.809;0.870;0.922,11.47,13.5,17.13,-2.03,-2.63
2136,муниципальный округ Сандовский,Тверская область,T5,1584;1787;1159;1781;1590,1.776;1.836;2.530;2.607;2.648,12.64,9.72,17.13,2.91,-0.98
2137,муниципальный округ Селижаровский,Тверская область,T6,2068;1857;1213;1717;1860,0.626;0.759;0.883;0.913;0.934,15.6,16.19,17.13,-0.59,-2.97
2138,муниципальный округ Сонковский,Тверская область,T6,2066;1857;2068;2162;1854,0.862;1.040;1.053;1.117;1.174,12.2,15.39,17.13,-3.19,-5.51
2139,муниципальный округ Спировский,Тверская область,T6,2059;1910;1769;2053;1429,0.386;0.515;0.520;0.540;0.559,16.19,15.42,17.13,0.77,-0.09
2140,муниципальный округ Старицкий,Тверская область,T6,1862;1852;1853;1423;1034,0.382;0.418;0.444;0.498;0.511,14.14,12.94,17.13,1.2,-1.36
2142,муниципальный округ Торопецкий,Тверская область,T6,1426;1201;1415;1205;1907,0.655;0.750;0.774;0.782;0.813,19.98,15.56,17.13,4.43,1.95
2143,муниципальный округ Фировский,Тверская область,T6,1860;1201;1415;1210;2068,0.592;0.705;0.756;0.911;0.991,17.14,14.75,17.13,2.39,-0.89
2144,городской округ город Томск,Томская область,T1,1188;1632;2275;1224;1190,0.436;0.504;0.528;0.573;0.590,16.21,18.86,13.37,-2.66,-0.64
2145,городской округ город Кедровый,Томская область,T4,1120;2329;1121;223;2180,1.317;1.427;1.707;1.734;1.753,14.73,11.08,13.37,3.65,4.88
2146,городской округ город Стрежевой,Томская область,T2,228;891;234;229;1990,0.627;0.645;0.733;0.750;0.770,8.27,12.84,13.37,-4.57,-5.77
2148,Александровский муниципальный район,Томская область,T4,878;873;585;588;799,0.483;0.710;0.921;0.970;1.104,17.45,13.2,13.37,4.25,3.97
2149,Асиновский муниципальный район,Томская область,T4,1261;771;738;744;58,0.640;0.713;0.728;0.788;0.820,10.04,10.96,13.37,-0.92,-0.52
2150,Бакчарский муниципальный район,Томская область,T6,1544;2213;1421;2198;1637,0.341;0.586;0.615;0.628;0.738,16.73,11.62,13.37,5.11,4.13
2151,Верхнекетский муниципальный район,Томская область,T4,1057;231;1047;216;1066,0.872;0.955;0.994;1.022;1.046,13.37,11.93,13.37,1.44,0.77
2152,Зырянский муниципальный район,Томская область,T6,377;1614;562;1340;2050,0.590;0.622;0.650;0.651;0.671,12.05,13.92,13.37,-1.87,-0.84
2153,Каргасокский муниципальный район,Томская область,T4,1685;2297;2253;1574;1670,1.672;1.850;1.863;1.955;2.010,13.61,12.46,13.37,1.15,0.97
2154,Кожевниковский муниципальный район,Томская область,T6,898;1644;1664;1280;2304,0.393;0.566;0.800;0.804;0.857,12.08,11.8,13.37,0.28,-0.19
2155,Колпашевский муниципальный район,Томская область,T4,512;2012;1624;1533;574,0.512;0.627;0.700;0.743;0.745,15.54,15.07,13.37,0.48,1.25
2156,Кривошеинский муниципальный район,Томская область,T6,1580;1547;1614;2127;1242,0.493;0.653;0.663;0.703;0.717,11.13,17.59,13.37,-6.46,-3.51
2157,Молчановский муниципальный район,Томская область,T6,769;1244;915;898;1533,0.526;0.542;0.549;0.557;0.622,14.53,11.02,13.37,3.51,2.72
2158,Парабельский муниципальный район,Томская область,T4,2007;1578;2045;745;1583,0.521;0.549;0.553;0.823;0.831,13.33,14.17,13.37,-0.84,-0.6
2159,Первомайский муниципальный район,Томская область,T6,571;1637;2037;1358;1296,0.544;0.747;0.765;0.785;0.787,12.6,11.62,13.37,0.98,0.83
2160,Тегульдетский муниципальный район,Томская область,T6,2058;1660;1605;691;2066,0.737;0.942;0.996;1.061;1.115,15.09,14.0,13.37,1.1,3.56
2161,Томский муниципальный район,Томская область,T1,2275;504;1979;1977;1224,0.376;0.450;0.464;0.464;0.471,17.0,18.25,13.37,-1.24,0.41
2162,Чаинский муниципальный район,Томская область,T6,1594;2068;1205;1910;1218,0.437;0.588;0.634;0.643;0.653,12.8,15.56,13.37,-2.76,-1.91
2163,Шегарский муниципальный район,Томская область,T4,1261;898;751;1284;2314,0.567;0.707;0.714;0.786;0.795,6.02,11.63,13.37,-5.61,-6.99
2164,городской округ город Тула,Тульская область,T3,1560;1397;2044;1410;986,0.435;0.438;0.479;0.613;0.620,17.48,17.69,17.14,-0.21,-0.31
2165,городской округ город Алексин,Тульская область,T3,1879;1709;2062;1578;996,0.469;0.513;0.583;0.681;0.692,18.56,15.43,17.14,3.12,-0.33
2167,городской округ город Донской,Тульская область,T3,1413;1563;1540;1876;2062,0.302;0.497;0.501;0.513;0.543,21.36,19.62,17.14,1.74,-0.31
2168,городской округ город Ефремов,Тульская область,T3,1563;1212;1577;1526;1539,0.476;0.534;0.568;0.594;0.620,19.37,17.66,17.14,1.71,-1.11
2169,городской округ город Новомосковск,Тульская область,T3,991;1877;1009;1525;1560,0.471;0.616;0.649;0.678;0.695,17.86,17.71,17.14,0.15,-2.19
2171,Арсеньевский муниципальный район,Тульская область,T4,1025;1862;1429;1200;1218,0.706;0.729;0.800;0.823;0.828,13.25,12.93,17.14,0.33,-2.71
2172,Белевский муниципальный район,Тульская область,T6,1223;1755;1711;1889;1873,0.928;0.950;1.003;1.011;1.024,15.51,11.16,17.14,4.35,0.74
2173,Богородицкий муниципальный район,Тульская область,T4,1562;1528;1899;303;2310,0.729;0.814;0.852;0.882;0.906,16.96,15.92,17.14,1.04,-1.07
2174,Веневский муниципальный район,Тульская область,T4,1583;1006;1529;1780;1219,0.597;0.767;0.791;0.812;0.904,11.69,9.99,17.14,1.7,-2.44
2175,Воловский муниципальный район,Тульская область,T6,1873;1223;307;1862;1868,0.527;0.578;0.604;0.619;0.674,17.76,12.93,17.14,4.83,2.45
2176,Дубенский муниципальный район,Тульская область,T4,1534;2073;2055;1776;2052,0.964;1.030;1.086;1.102;1.132,14.89,12.76,17.14,2.13,0.12
2177,Заокский муниципальный район,Тульская область,T3,1504;1005;2048;212;996,0.460;0.525;0.634;0.710;0.755,18.71,19.0,17.14,-0.3,-0.19
2178,Каменский муниципальный район,Тульская область,T6,1534;2052;2321;1113;1903,0.912;0.914;0.946;1.071;1.178,17.91,17.77,17.14,0.15,-0.72
2179,Кимовский муниципальный район,Тульская область,T4,1530;668;1780;271;1528,0.612;0.656;0.687;0.734;0.801,16.41,14.67,17.14,1.74,0.07
2180,Киреевский муниципальный район,Тульская область,T4,1583;1219;1006;1900;3,0.584;0.798;0.800;0.828;0.882,14.09,15.64,17.14,-1.55,-1.44
2181,Куркинский муниципальный район,Тульская область,T6,1755;1869;1873;1773;1222,0.697;0.756;0.781;0.802;0.818,18.28,11.52,17.14,6.76,3.38
2182,Одоевский муниципальный район,Тульская область,T6,1025;1862;1218;2113;2110,0.629;0.733;0.738;0.764;0.794,17.05,15.05,17.14,2.0,-0.38
2183,Плавский муниципальный район,Тульская область,T4,1785;1203;1209;1308;1005,0.524;0.532;0.653;0.684;0.691,13.66,13.43,17.14,0.23,-2.08
2184,Суворовский муниципальный район,Тульская область,T6,1116;1888;1429;1530;2053,0.508;0.532;0.552;0.635;0.659,16.05,15.91,17.14,0.14,-1.06
2185,Тепло-Огаревский муниципальный район,Тульская область,T6,1223;1848;307;1423;1852,0.357;0.389;0.589;0.599;0.605,14.35,13.56,17.14,0.79,-1.32
2186,Узловский муниципальный район,Тульская область,T4,1879;1709;1899;2062;987,0.326;0.398;0.546;0.550;0.576,19.64,15.43,17.14,4.21,1.2
2187,Чернский муниципальный район,Тульская область,T4,449;1168;360;1158;2204,0.721;0.876;0.907;0.928;0.955,16.47,14.56,17.14,1.91,-0.67
2188,Щекинский муниципальный район,Тульская область,T3,1879;1212;1876;2619;991,0.532;0.568;0.630;0.637;0.739,19.64,17.73,17.14,1.92,-0.4
2189,Ясногорский муниципальный район,Тульская область,T4,2105;1589;1578;1206;2007,0.502;0.642;0.744;0.766;0.790,17.22,13.85,17.14,3.37,0.26
2190,городской округ город Тюмень,Тюменская область,T1,1134;666;1971;2161;1979,0.371;0.419;0.496;0.604;0.617,14.82,17.0,13.37,-2.19,-0.56
2191,городской округ Заводоуковский,Тюменская область,T5,1142;725;1139;1987;1137,0.443;0.569;0.645;0.720;0.820,13.97,15.68,13.37,-1.71,-0.08
2192,городской округ город Ишим,Тюменская область,T3,55;581;1054;1905;2620,0.619;0.642;0.657;0.723;0.775,17.54,16.15,13.37,1.39,1.78
2193,городской округ город Тобольск,Тюменская область,T3,2337;224;2228;2621;890,0.700;0.701;0.713;0.722;0.724,16.19,14.11,13.37,2.08,1.89
2194,городской округ город Ялуторовск,Тюменская область,T5,1142;725;1139;79;1987,0.421;0.793;0.868;0.878;0.896,13.5,16.16,13.37,-2.66,-1.79
2195,Абатский муниципальный район,Тюменская область,T5,1065;1061;1148;1544;1137,0.625;0.700;0.839;0.875;0.900,13.44,14.04,13.37,-0.6,-0.22
2196,Армизонский муниципальный район,Тюменская область,T6,695;705;1774;1555;1204,0.606;0.680;0.780;0.877;0.925,13.6,14.86,13.37,-1.25,0.15
2197,Аромашевский муниципальный район,Тюменская область,T6,558;555;569;713;1892,0.888;0.922;1.029;1.044;1.121,15.34,12.85,13.37,2.49,4.59
2198,Бердюжский муниципальный район,Тюменская область,T5,2150;1144;456;1544;691,0.628;0.634;0.678;0.784;0.932,13.11,9.84,13.37,3.27,4.91
2199,Вагайский муниципальный район,Тюменская область,T5,722;2030;1638;714;725,0.759;0.782;0.783;0.783;0.832,4.79,13.37,13.37,-8.58,-6.96
2200,Викуловский муниципальный район,Тюменская область,T5,1558;1571;721;1616;1777,0.516;0.637;0.864;0.986;0.990,17.13,15.07,13.37,2.07,3.08
2201,городской округ Голышмановский,Тюменская область,T5,460;1059;1061;1647;535,0.753;0.826;0.838;0.865;0.917,14.56,14.05,13.37,0.51,0.26
2202,Исетский муниципальный район,Тюменская область,T5,781;1142;722;50;725,0.973;1.074;1.098;1.101;1.110,6.83,13.84,13.37,-7.01,-5.1
2203,Ишимский муниципальный район,Тюменская область,T5,1142;453;1609;1178;1139,0.498;0.611;0.621;0.669;0.752,16.42,15.83,13.37,0.59,3.05
2204,Казанский муниципальный район,Тюменская область,T5,449;705;1052;1062;1166,0.599;0.741;0.875;0.928;0.940,11.38,14.8,13.37,-3.42,-2.54
2205,Нижнетавдинский муниципальный район,Тюменская область,T5,232;275;235;1137;2023,0.727;0.747;0.757;0.763;0.784,9.35,10.32,13.37,-0.97,-2.07
2206,Омутинский муниципальный район,Тюменская область,T5,1256;1167;1166;705;535,0.585;0.704;0.766;0.768;0.788,10.85,16.53,13.37,-5.69,-3.08
2207,Сладковский муниципальный район,Тюменская область,T6,1607;1573;1547;1891;1896,0.475;0.526;0.579;0.585;0.649,7.94,14.94,13.37,-7.0,-4.43
2208,Сорокинский муниципальный район,Тюменская область,T5,1062;1061;1059;1048;460,0.491;0.729;0.804;0.887;0.905,11.0,13.5,13.37,-2.5,-3.3
2210,Тюменский муниципальный район,Тюменская область,T1,2312;1620;1243;1258;1527,0.377;0.502;0.605;0.605;0.610,22.87,18.34,13.37,4.53,6.11
2211,Уватский муниципальный район,Тюменская область,T4,217;897;996;1404;2813,0.469;0.685;0.731;0.731;0.771,5.71,17.7,13.37,-11.99,-9.42
2212,Упоровский муниципальный район,Тюменская область,T5,1256;591;242;1630;243,0.627;0.694;0.713;0.735;0.750,13.31,13.16,13.37,0.15,-0.01
2213,Юргинский муниципальный район,Тюменская область,T6,2150;1421;1637;1204;1784,0.586;0.597;0.699;0.701;0.725,9.73,11.62,13.37,-1.88,-2.87
2215,Ярковский муниципальный район,Тюменская область,T5,2025;1189;2030;603;744,0.634;0.738;0.773;0.807;0.819,12.93,13.37,13.37,-0.44,-0.37
2216,городской округ город Ханты-Мансийск,Ханты-Мансийский автономный округ — Югра,T1,2242;1506;2243;896;1457,0.834;0.967;1.035;1.062;1.231,15.91,14.21,14.94,1.7,-0.02
2217,городской округ город Когалым,Ханты-Мансийский автономный округ — Югра,T3,896;2243;1507;1398;2879,0.489;0.617;0.646;0.698;0.762,16.1,14.21,14.94,1.9,0.23
2218,городской округ город Лангепас,Ханты-Мансийский автономный округ — Югра,T2,2245;2248;1509;327;2241,0.789;0.896;0.971;0.978;0.988,13.55,14.02,14.94,-0.48,-3.15
2219,городской округ город Мегион,Ханты-Мансийский автономный округ — Югра,T2,228;2146;234;229;2882,0.491;0.821;0.881;0.962;1.097,16.91,12.79,14.94,4.11,1.34
2220,городской округ город Нефтеюганск,Ханты-Мансийский автономный округ — Югра,T1,2243;890;2242;1506;896,0.668;0.701;0.789;0.870;0.918,15.04,14.11,14.94,0.94,-1.83
2221,городской округ город Нижневартовск,Ханты-Мансийский автономный округ — Югра,T1,890;843;2242;1961;896,0.844;0.927;0.959;1.038;1.119,14.66,13.27,14.94,1.39,-2.78
2222,городской округ город Нягань,Ханты-Мансийский автономный округ — Югра,T3,2882;2243;2879;2245;896,0.665;0.721;0.728;0.740;0.864,15.22,13.21,14.94,2.01,-0.66
2223,городской округ город Покачи,Ханты-Мансийский автономный округ — Югра,T2,2241;1510;1509;1519;1165,0.753;0.937;0.966;1.066;1.086,15.98,10.02,14.94,5.96,3.38
2224,городской округ город Пыть-Ях,Ханты-Мансийский автономный округ — Югра,T3,912;2040;1141;667;2243,0.585;0.767;0.894;0.896;0.972,19.39,15.5,14.94,3.89,3.34
2225,городской округ город Радужный,Ханты-Мансийский автономный округ — Югра,T2,226;1165;2248;2241;236,0.826;1.002;1.043;1.059;1.142,8.97,12.4,14.94,-3.43,-5.82
2226,городской округ город Сургут,Ханты-Мансийский автономный округ — Югра,T1,1506;890;2242;2193;206,0.778;0.795;0.913;0.918;0.947,14.84,15.06,14.94,-0.22,-2.79
2227,городской округ город Урай,Ханты-Мансийский автономный округ — Югра,T3,1398;207;1408;1446;1396,0.384;0.410;0.556;0.732;0.810,13.85,16.6,14.94,-2.75,-0.9
2228,городской округ город Югорск,Ханты-Мансийский автономный округ — Югра,T3,2337;1117;1783;218;1136,0.434;0.597;0.621;0.663;0.708,12.93,19.46,14.94,-6.53,-6.29
2229,Белоярский муниципальный район,Ханты-Мансийский автономный округ — Югра,T2,2245;2248;327;1165;1509,0.506;0.757;0.833;0.964;1.022,10.71,14.02,14.94,-3.32,-5.99
2230,Березовский муниципальный район,Ханты-Мансийский автономный округ — Югра,T2,1070;333;2872;613;2040,1.120;1.187;1.276;1.316;1.327,16.16,12.94,14.94,3.23,0.86
2231,Кондинский муниципальный район,Ханты-Мансийский автономный округ — Югра,T3,222;912;1393;2040;1250,0.822;0.858;0.967;1.052;1.066,11.6,17.33,14.94,-5.74,-4.45
2232,Нефтеюганский муниципальный район,Ханты-Мансийский автономный округ — Югра,T2,1165;333;222;2040;221,0.559;0.864;1.006;1.050;1.145,15.66,14.42,14.94,1.24,-0.39
2233,Нижневартовский муниципальный район,Ханты-Мансийский автономный округ — Югра,T2,1165;1519;221;1704;226,0.966;0.974;0.974;1.011;1.016,10.62,13.85,14.94,-3.23,-3.93
2234,Октябрьский муниципальный район,Ханты-Мансийский автономный округ — Югра,T4,1392;210;1997;1406;217,0.557;0.814;0.892;0.970;0.988,15.69,13.59,14.94,2.1,2.36
2235,Советский муниципальный район,Ханты-Мансийский автономный округ — Югра,T3,1250;218;1905;912;667,0.538;0.600;0.720;0.722;0.742,13.14,18.7,14.94,-5.57,-6.91
2236,Сургутский муниципальный район,Ханты-Мансийский автономный округ — Югра,T2,1165;2245;1519;2882;1509,0.568;0.905;0.935;0.983;1.048,13.87,9.26,14.94,4.61,1.94
2237,Ханты-Мансийский муниципальный район,Ханты-Мансийский автономный округ — Югра,T3,912;1905;2621;218;448,1.277;1.317;1.320;1.321;1.385,16.01,16.26,14.94,-0.25,-4.03
2238,городской округ город Салехард,Ямало-Ненецкий автономный округ,T1,2226;612;608;1961;2220,1.220;1.283;1.302;1.341;1.388,12.7,12.91,12.27,-0.21,0.52
2241,городской округ город Муравленко,Ямало-Ненецкий автономный округ,T2,1509;1510;2223;1512;2218,0.365;0.665;0.753;0.923;0.988,12.12,13.55,12.27,-1.43,1.24
2242,городской округ город Новый Уренгой,Ямало-Ненецкий автономный округ,T1,2220;2216;2226;2221;1506,0.789;0.834;0.913;0.959;1.159,13.27,15.04,12.27,-1.78,0.89
2243,городской округ город Ноябрьск,Ямало-Ненецкий автономный округ,T3,2217;2220;2222;896;2224,0.617;0.668;0.721;0.745;0.972,14.21,15.22,12.27,-1.01,1.66
2244,муниципальный округ Красноселькупский район,Ямало-Ненецкий автономный округ,T2,857;720;1970;718;844,1.495;1.626;1.666;1.769;1.772,10.12,13.72,12.27,-3.6,-0.41
2245,муниципальный округ Надымский район,Ямало-Ненецкий автономный округ,T2,2229;2222;2218;1509;2236,0.506;0.740;0.789;0.801;0.905,14.02,13.55,12.27,0.48,3.15
2248,муниципальный округ Тазовский район,Ямало-Ненецкий автономный округ,T2,327;2229;2218;1165;2225,0.744;0.757;0.896;0.982;1.043,16.53,13.55,12.27,2.98,5.65
2249,муниципальный округ Шурышкарский район,Ямало-Ненецкий автономный округ,T2,1967;1960;2341;889;1965,1.058;1.145;1.400;1.435;1.501,11.84,4.17,12.27,7.67,0.82
2250,муниципальный округ Ямальский район,Ямало-Ненецкий автономный округ,T2,1970;330;582;720;332,1.085;1.540;1.694;1.751;1.769,12.27,15.67,12.27,-3.4,-4.12
2251,городской округ город Ульяновск,Ульяновская область,T3,1707;1008;1952;1303;1007,0.371;0.466;0.521;0.522;0.524,18.03,17.47,13.15,0.57,1.52
2252,городской округ город Димитровград,Ульяновская область,T3,1980;1303;1919;1667;1039,0.440;0.603;0.620;0.630;0.640,18.06,18.81,13.15,-0.74,1.49
2253,городской округ город Новоульяновск,Ульяновская область,T4,2324;1900;2293;1947;482,0.959;1.032;1.118;1.218;1.266,10.55,12.52,13.15,-1.96,-1.25
2254,Базарносызганский муниципальный район,Ульяновская область,T6,1751;1567;1746;1023;713,0.502;0.689;0.701;0.952;0.980,15.28,13.59,13.15,1.7,3.32
2255,Барышский муниципальный район,Ульяновская область,T6,562;1902;2094;1915;1747,0.420;0.421;0.424;0.540;0.544,12.47,14.46,13.15,-1.98,-1.39
2256,Вешкаймский муниципальный район,Ульяновская область,T6,2095;1344;1933;296;1732,0.704;0.798;0.845;0.855;0.869,12.96,14.69,13.15,-1.73,-1.03
2257,Инзенский муниципальный район,Ульяновская область,T6,1929;1028;706;1614;1551,0.360;0.362;0.480;0.485;0.494,17.3,15.61,13.15,1.69,4.05
2258,Карсунский муниципальный район,Ульяновская область,T6,305;2067;1322;1348;1033,0.475;0.777;0.820;0.863;0.878,13.89,11.86,13.15,2.03,2.79
2259,Кузоватовский муниципальный район,Ульяновская область,T6,300;562;1416;1614;1725,0.485;0.552;0.590;0.645;0.671,13.72,14.79,13.15,-1.06,0.47
2260,Майнский муниципальный район,Ульяновская область,T6,1648;525;566;1925;1355,0.734;0.855;0.877;0.920;0.930,10.12,11.76,13.15,-1.63,-0.94
2262,Николаевский муниципальный район,Ульяновская область,T6,692;1754;840;555;2089,0.848;0.991;0.997;1.012;1.097,13.15,12.2,13.15,0.95,4.11
2264,Новоспасский муниципальный район,Ульяновская область,T6,1203;1610;1717;1785;1308,0.641;0.670;0.694;0.734;0.745,13.03,14.02,13.15,-0.99,1.69
2265,Павловский муниципальный район,Ульяновская область,T6,1762;2082;1757;1943;2098,0.677;0.756;0.759;0.772;0.826,7.39,14.45,13.15,-7.06,-5.66
2266,Радищевский муниципальный район,Ульяновская область,T6,1761;2098;1732;2087;2082,0.195;0.622;0.626;0.647;0.679,12.01,16.28,13.15,-4.27,-3.66
2267,Сенгилеевский муниципальный район,Ульяновская область,T6,1755;1884;1943;1222;304,0.661;0.704;0.768;0.773;0.775,13.17,11.52,13.15,1.66,2.35
2268,Старокулаткинский муниципальный район,Ульяновская область,T6,2078;1749;290;302;1559,1.294;1.342;1.352;1.428;1.449,11.71,13.7,13.15,-1.98,-0.59
2269,Старомайнский муниципальный район,Ульяновская область,T6,1678;1660;1901;687;1605,0.737;0.786;0.913;0.928;0.937,9.81,16.33,13.15,-6.53,-5.28
2270,Сурский муниципальный район,Ульяновская область,T6,1017;1932;1727;1909;1738,0.791;0.823;0.850;0.853;0.904,15.49,13.58,13.15,1.91,3.13
2271,Тереньгульский муниципальный район,Ульяновская область,T6,1746;1344;1751;1648;2056,0.606;0.720;0.888;0.919;0.960,13.85,11.89,13.15,1.96,3.78
2272,Ульяновский муниципальный район,Ульяновская область,T4,1939;2069;527;1634;2287,0.502;0.562;0.680;0.830;0.862,11.91,14.44,13.15,-2.53,-1.46
2274,Чердаклинский муниципальный район,Ульяновская область,T4,1703;1706;1930;2301;274,0.379;0.561;0.685;0.690;0.748,16.1,15.3,13.15,0.8,3.09
2275,городской округ Челябинский,Челябинская область,T1,504;1190;2161;727;1632,0.210;0.371;0.376;0.389;0.391,18.86,17.0,17.7,1.86,-2.32
2276,городской округ Верхнеуфалейский,Челябинская область,T4,1895;1608;1780;303;751,0.697;0.708;0.709;0.771;0.780,18.54,13.41,17.7,5.13,1.19
2278,городской округ Карабашский,Челябинская область,T4,739;271;1988;1770;1056,0.644;0.650;0.687;0.692;0.709,16.03,13.6,17.7,2.43,-1.51
2279,городской округ Копейский,Челябинская область,T3,763;57;1140;2000;1236,0.512;0.574;0.590;0.626;0.642,23.39,16.31,17.7,7.08,3.33
2280,городской округ Кыштымский,Челябинская область,T3,1009;1765;1980;1234;1978,0.309;0.471;0.502;0.569;0.582,20.83,17.71,17.7,3.12,0.18
2281,городской округ Магнитогорский,Челябинская область,T3,1665;25;1135;269;504,0.374;0.443;0.535;0.537;0.538,18.01,17.83,17.7,0.18,-3.2
2282,городской округ Миасский,Челябинская область,T3,1107;1303;1986;1707;1140,0.322;0.360;0.388;0.393;0.439,20.02,18.0,17.7,2.02,-0.42
2286,городской округ Троицкий,Челябинская область,T3,756;431;731;1252;1241,0.710;0.743;0.814;0.859;0.895,22.13,16.63,17.7,5.5,2.74
2287,городской округ Усть-Катавский,Челябинская область,T4,1904;1211;1592;1237;987,0.539;0.681;0.685;0.702;0.710,17.92,18.05,17.7,-0.13,-1.08
2288,городской округ Чебаркульский,Челябинская область,T3,1978;1234;2008;1260;1009,0.525;0.535;0.586;0.588;0.593,26.29,17.71,17.7,8.59,5.24
2289,городской округ Южноуральский,Челябинская область,T3,2008;1238;1234;1252;38,0.440;0.565;0.588;0.606;0.626,21.52,19.24,17.7,2.28,1.64
2292,Аргаяшский муниципальный район,Челябинская область,T4,1730;1693;58;531;1661,0.682;0.700;0.731;0.731;0.766,13.35,11.87,17.7,1.49,-3.41
2293,Ашинский муниципальный район,Челябинская область,T4,2051;1900;1595;2324;1321,0.626;0.634;0.714;0.807;0.964,16.42,17.46,17.7,-1.04,-3.61
2294,Брединский муниципальный район,Челябинская область,T4,1663;184;2332;1678;1280,0.554;0.572;0.686;0.834;0.875,19.84,12.97,17.7,6.87,1.84
2295,Варненский муниципальный район,Челябинская область,T5,1625;1611;540;1630;545,0.505;0.598;0.676;0.679;0.693,18.17,15.79,17.7,2.38,0.11
2296,Верхнеуральский муниципальный район,Челябинская область,T4,1639;1658;1608;303;1624,0.412;0.576;0.602;0.655;0.671,14.54,14.52,17.7,0.01,-2.8
2297,Еманжелинский муниципальный район,Челябинская область,T4,1270;1878;1305;2035;734,0.735;0.862;0.883;0.978;0.984,16.97,13.07,17.7,3.9,1.02
2298,Еткульский муниципальный район,Челябинская область,T4,999;1341;1639;1947;1529,0.640;0.679;0.707;0.780;0.846,17.7,12.02,17.7,5.68,3.25
2299,Карталинский муниципальный район,Челябинская область,T4,1624;1948;70;303;1950,0.611;0.611;0.620;0.654;0.675,15.18,14.52,17.7,0.66,-2.15
2300,Каслинский муниципальный район,Челябинская область,T4,1533;1565;1562;574;1244,0.570;0.601;0.642;0.654;0.705,13.38,15.18,17.7,-1.81,-5.25
2301,Катав-Ивановский муниципальный район,Челябинская область,T5,1629;1904;1930;1568;1596,0.527;0.546;0.552;0.579;0.623,16.05,15.37,17.7,0.68,-2.35
2302,Кизильский муниципальный район,Челябинская область,T4,1641;1644;531;743;1682,0.549;0.644;0.833;0.862;0.922,10.15,11.49,17.7,-1.34,-6.49
2303,Коркинский муниципальный округ,Челябинская область,T4,751;1608;2035;1973;1639,0.626;0.647;0.667;0.714;0.733,22.72,13.41,17.7,9.31,5.38
2304,Красноармейский муниципальный район,Челябинская область,T4,743;2018;755;1644;398,0.496;0.647;0.674;0.678;0.790,12.9,10.38,17.7,2.52,-1.41
2305,Кунашакский муниципальный район,Челябинская область,T5,1358;1296;554;564;524,0.672;0.690;0.697;0.771;0.787,13.91,14.08,17.7,-0.16,-3.25
2307,Нагайбакский муниципальный район,Челябинская область,T4,548;1730;1341;531;1693,0.456;0.783;0.807;0.820;0.886,17.0,12.8,17.7,4.2,-0.13
2308,Нязепетровский муниципальный район,Челябинская область,T6,1925;1574;1546;1685;1759,0.863;0.926;0.929;0.951;0.965,15.1,12.46,17.7,2.64,-1.85
2309,Октябрьский муниципальный район,Челябинская область,T4,1947;1690;1341;563;839,1.070;1.136;1.152;1.192;1.192,15.27,11.89,17.7,3.38,1.12
2310,Пластовский муниципальный район,Челябинская область,T4,303;1608;2042;2012;1904,0.504;0.582;0.587;0.604;0.621,13.14,13.34,17.7,-0.2,-2.9
2311,Саткинский муниципальный район,Челябинская область,T3,2060;1413;1237;1577;1978,0.430;0.506;0.517;0.524;0.527,20.91,15.64,17.7,5.27,1.8
2312,Сосновский муниципальный район,Челябинская область,T3,2210;76;1726;2033;278,0.377;0.436;0.544;0.607;0.612,23.8,19.41,17.7,4.39,-0.61
2314,Увельский муниципальный район,Челябинская область,T4,398;774;743;1624;2018,0.449;0.598;0.608;0.628;0.647,9.6,5.84,17.7,3.77,-0.17
2315,Уйский муниципальный район,Челябинская область,T4,489;999;538;1292;1530,0.520;0.539;0.639;0.691;0.736,12.62,11.91,17.7,0.7,-3.07
2316,Чебаркульский муниципальный район,Челябинская область,T4,743;1056;1624;1588;398,0.611;0.659;0.680;0.686;0.690,25.24,10.38,17.7,14.86,10.75
2317,Чесменский муниципальный район,Челябинская область,T5,1661;1300;749;554;1651,0.423;0.471;0.503;0.602;0.655,18.23,11.55,17.7,6.68,0.48
2318,городской округ город Ярославль,Ярославская область,T3,1107;2004;2000;988;206,0.375;0.447;0.481;0.485;0.496,16.44,18.14,15.56,-1.7,-1.86
2320,городской округ город Рыбинск,Ярославская область,T3,1986;2005;988;1993;1999,0.402;0.443;0.450;0.475;0.482,17.22,18.02,15.56,-0.8,-1.33
2321,Большесельский муниципальный район,Ярославская область,T4,1002;1113;2055;2178;2052,0.538;0.602;0.853;0.946;0.964,17.92,17.77,15.56,0.15,1.58
2322,Борисоглебский муниципальный район,Ярославская область,T4,1004;2059;1627;915;668,0.308;0.345;0.468;0.503;0.538,16.05,12.73,15.56,3.32,2.05
2323,Брейтовский муниципальный район,Ярославская область,T6,1865;1860;2116;2133;2142,0.917;1.307;1.314;1.358;1.433,17.32,16.53,15.56,0.79,0.32
2324,Гаврилов-Ямский муниципальный район,Ярославская область,T4,2051;2293;1321;1994;1130,0.730;0.807;0.834;0.841;0.871,12.52,16.42,15.56,-3.9,-1.76
2325,Даниловский муниципальный район,Ярославская область,T4,995;1304;1006;2055;1529,0.631;0.648;0.727;0.760;0.790,13.39,12.88,15.56,0.51,2.07
2326,Любимский муниципальный район,Ярославская область,T4,1947;1574;1002;2055;1715,0.790;0.804;0.962;1.001;1.064,13.6,10.3,15.56,3.3,1.42
2327,Мышкинский муниципальный район,Ярославская область,T4,223;1119;1770;1157;1588,0.790;0.795;0.851;0.877;0.897,13.54,14.12,15.56,-0.58,-1.89
2328,Некоузский муниципальный район,Ярославская область,T4,1688;1579;1776;694;993,1.146;1.216;1.294;1.322;1.386,11.85,12.76,15.56,-0.9,-2.52
2329,Некрасовский муниципальный район,Ярославская область,T4,1120;2055;1002;734;1121,0.783;0.795;0.803;0.873;0.909,11.08,11.93,15.56,-0.85,-1.09
2330,Первомайский муниципальный район,Ярославская область,T4,2055;1002;734;1686;1947,0.577;0.711;0.844;0.845;0.846,15.12,10.3,15.56,4.82,3.11
2332,Пошехонский муниципальный район,Ярославская область,T4,2294;1663;1938;703;1337,0.686;0.801;0.895;0.904;0.915,12.97,11.98,15.56,0.99,-0.72
2333,Ростовский муниципальный район,Ярославская область,T3,2060;1778;1413;1922;1577,0.492;0.494;0.506;0.508;0.531,15.56,15.25,15.56,0.31,-1.72
2334,Рыбинский муниципальный район,Ярославская область,T3,1063;1285;2886;697;1111,0.343;0.474;0.508;0.701;0.712,25.14,12.54,15.56,12.6,11.13
2335,Тутаевский муниципальный район,Ярославская область,T4,1992;1976;1180;2070;2001,0.710;0.796;0.890;0.931;0.981,22.0,14.41,15.56,7.58,7.03
2336,Угличский муниципальный район,Ярославская область,T3,897;1063;1404;996;1111,0.487;0.561;0.563;0.679;0.705,18.97,14.53,15.56,4.44,1.66
2337,Ярославский муниципальный район,Ярославская область,T3,2228;1136;1764;1117;1783,0.434;0.457;0.459;0.520;0.572,14.82,18.19,15.56,-3.37,-5.02
2338,городской округ город Биробиджан,Еврейская автономная область,T2,778;776;794;588;777,0.542;1.076;1.097;1.224;1.279,14.89,16.47,16.06,-1.58,-2.64
2339,Биробиджанский муниципальный район,Еврейская автономная область,T2,1969;1956;1963;889;1191,0.881;0.978;1.016;1.063;1.322,13.89,2.2,16.06,11.69,3.82
2340,Ленинский муниципальный район,Еврейская автономная область,T3,237;1047;911;1051;1072,0.704;0.791;0.850;0.933;0.941,21.33,12.66,16.06,8.67,5.18
2341,Облученский муниципальный район,Еврейская автономная область,T2,1956;1963;1969;1968;1962,0.481;0.557;0.827;1.037;1.113,15.77,3.61,16.06,12.16,1.52
2342,Октябрьский муниципальный район,Еврейская автономная область,T5,859;1954;791;787;708,1.078;1.274;1.516;1.537;1.575,16.36,19.86,16.06,-3.5,-4.56
2343,Смидовичский муниципальный район,Еврейская автономная область,T3,794;784;852;805;889,1.073;1.213;1.278;1.287;1.322,20.8,13.84,16.06,6.96,5.9
2344,городской округ Анадырь,Чукотский автономный округ,T1,1430;678;2238;916;2242,2.070;2.074;2.235;2.236;2.270,13.74,9.3,14.81,4.44,-1.07
2345,городской округ Эгвекинот,Чукотский автономный округ,T2,848;1152;1958;853;875,1.695;1.786;1.796;2.007;2.109,15.89,13.39,14.81,2.5,1.08
2348,Анадырский муниципальный район,Чукотский автономный округ,T2,917;916;330;888;678,1.446;1.583;1.706;1.767;1.804,18.18,10.1,14.81,8.08,2.21
2349,Билибинский муниципальный район,Чукотский автономный округ,T2,720;2244;1152;2250;1958,2.129;2.322;2.433;2.445;2.476,9.85,12.56,14.81,-2.71,-3.27
2351,внутригородская территория города федерального значения муниципальный округ Коломна,Санкт-Петербург,T1,2557;2507;2549;2468;2574,0.469;0.562;0.586;0.608;0.628,18.37,17.94,17.08,0.43,0.54
2352,внутригородская территория города федерального значения муниципальный округ Сенной округ,Санкт-Петербург,T1,2539;2573;2522;2468;2476,0.571;0.752;0.753;0.761;0.762,17.13,17.19,17.08,-0.06,0.04
2353,внутригородская территория города федерального значения муниципальный округ Адмиралтейский округ,Санкт-Петербург,T1,2573;2539;2574;2557;2518,0.402;0.412;0.510;0.538;0.578,16.46,18.36,17.08,-1.9,-1.79
2354,внутригородская территория города федерального значения муниципальный округ Семеновский,Санкт-Петербург,T1,2468;2475;2507;2514;2549,0.478;0.578;0.579;0.604;0.628,17.3,15.91,17.08,1.39,1.5
2355,внутригородская территория города федерального значения муниципальный округ Измайловское,Санкт-Петербург,T1,2539;2573;2506;2476;2497,0.298;0.392;0.438;0.446;0.454,16.38,17.71,17.08,-1.34,-1.23
2356,внутригородская территория города федерального значения муниципальный округ Екатерингофский,Санкт-Петербург,T1,2548;2474;2546;2466;2551,0.477;0.549;0.603;0.613;0.617,16.3,16.57,17.08,-0.27,-0.16
2357,внутригородская территория города федерального значения муниципальный округ № 7,Санкт-Петербург,T1,2539;2506;2573;2510;2476,0.439;0.531;0.535;0.550;0.564,15.39,18.9,17.08,-3.51,-3.41
2358,внутригородская территория города федерального значения муниципальный округ Васильевский,Санкт-Петербург,T1,2539;2573;2510;2506;2574,0.489;0.586;0.602;0.602;0.608,17.52,18.9,17.08,-1.39,-1.28
2359,внутригородская территория города федерального значения муниципальный округ Гавань,Санкт-Петербург,T1,2574;2518;2573;2505;2507,0.343;0.398;0.411;0.485;0.492,18.32,17.71,17.08,0.61,0.71
2360,внутригородская территория города федерального значения муниципальный округ Морской,Санкт-Петербург,T1,2574;2518;2505;2507;2477,0.257;0.264;0.353;0.374;0.375,16.33,17.6,17.08,-1.26,-1.15
2361,внутригородская территория города федерального значения муниципальный округ Остров Декабристов,Санкт-Петербург,T1,2510;2573;2539;2506;2476,0.364;0.390;0.406;0.437;0.439,16.38,18.9,17.08,-2.52,-2.41
2362,внутригородская территория города федерального значения поселок Левашово,Санкт-Петербург,T1,2590;2604;2592;2606;2501,0.580;0.586;0.749;0.779;0.786,15.13,17.05,17.08,-1.93,-1.82
2363,внутригородская территория города федерального значения поселок Парголово,Санкт-Петербург,T1,2499;2562;2474;2556;2534,0.244;0.258;0.287;0.311;0.318,16.17,16.57,17.08,-0.4,-0.29
2364,внутригородская территория города федерального значения муниципальный округ Сампсониевское,Санкт-Петербург,T1,2539;2510;2561;2522;2583,0.378;0.439;0.452;0.464;0.468,18.27,16.37,17.08,1.9,2.01
2365,внутригородская территория города федерального значения муниципальный округ Светлановское,Санкт-Петербург,T1,2510;2566;2503;2476;2561,0.289;0.428;0.443;0.452;0.469,19.2,17.19,17.08,2.01,2.12
2366,внутригородская территория города федерального значения муниципальный округ Сосновское,Санкт-Петербург,T1,2561;2477;2475;2579;2512,0.319;0.351;0.355;0.361;0.364,16.17,16.37,17.08,-0.2,-0.09
2367,внутригородская территория города федерального значения муниципальный округ № 15,Санкт-Петербург,T1,2474;2463;2466;2546;2556,0.273;0.393;0.394;0.425;0.431,16.81,16.26,17.08,0.55,0.66
2368,внутригородская территория города федерального значения муниципальный округ Сергиевское,Санкт-Петербург,T1,2474;2473;2475;2463;2575,0.366;0.462;0.493;0.495;0.495,17.2,16.03,17.08,1.16,1.27
2369,внутригородская территория города федерального значения муниципальный округ Шувалово-Озерки,Санкт-Петербург,T1,2561;2579;2477;2529;2512,0.362;0.364;0.378;0.383;0.399,15.67,17.3,17.08,-1.63,-1.52
2370,внутригородская территория города федерального значения поселок Лисий Нос,Санкт-Петербург,T1,2605;2565;2528;2487;2568,0.552;0.629;0.641;0.643;0.718,18.58,16.2,17.08,2.38,2.48
2371,внутригородская территория города федерального значения муниципальный округ Лахта-Ольгино,Санкт-Петербург,T1,2500;2526;2501;2576;2524,0.525;0.558;0.562;0.584;0.599,15.97,17.45,17.08,-1.48,-1.38
2372,внутригородская территория города федерального значения муниципальный округ № 65,Санкт-Петербург,T1,2574;2518;2505;2573;2557,0.180;0.207;0.300;0.311;0.339,16.19,18.11,17.08,-1.93,-1.82
2373,внутригородская территория города федерального значения муниципальный округ Ланское,Санкт-Петербург,T1,2518;2510;2574;2573;2507,0.276;0.298;0.327;0.371;0.392,19.01,18.11,17.08,0.9,1.01
2374,внутригородская территория города федерального значения муниципальный округ Комендантский аэродром,Санкт-Петербург,T1,2539;2561;2583;2579;2510,0.397;0.412;0.420;0.446;0.453,17.09,17.3,17.08,-0.21,-0.1
2375,внутригородская территория города федерального значения муниципальный округ Озеро Долгое,Санкт-Петербург,T1,2561;2510;2579;2583;2518,0.320;0.356;0.395;0.398;0.400,14.42,17.3,17.08,-2.88,-2.77
2376,внутригородская территория города федерального значения муниципальный округ Юнтолово,Санкт-Петербург,T1,2477;2507;2577;2549;2529,0.313;0.320;0.339;0.350;0.373,17.77,17.94,17.08,-0.18,-0.07
2377,внутригородская территория города федерального значения муниципальный округ Коломяги,Санкт-Петербург,T1,2505;2574;2557;2518;2577,0.261;0.345;0.350;0.363;0.379,16.58,18.36,17.08,-1.78,-1.67
2378,внутригородская территория города федерального значения муниципальный округ Гражданка,Санкт-Петербург,T1,2477;2561;2579;2475;2529,0.386;0.400;0.416;0.427;0.431,15.26,16.37,17.08,-1.11,-1.0
2379,внутригородская территория города федерального значения муниципальный округ Академическое,Санкт-Петербург,T1,2561;2583;2579;2477;2468,0.331;0.413;0.420;0.430;0.447,14.78,15.94,17.08,-1.16,-1.05
2380,внутригородская территория города федерального значения муниципальный округ Финляндский округ,Санкт-Петербург,T1,2474;2562;2499;2520;2556,0.271;0.388;0.389;0.397;0.397,15.51,16.71,17.08,-1.2,-1.1
2381,внутригородская территория города федерального значения муниципальный округ № 21,Санкт-Петербург,T1,2474;2473;2520;2475;2575,0.288;0.437;0.494;0.494;0.496,16.47,16.57,17.08,-0.1,0.01
2382,внутригородская территория города федерального значения муниципальный округ Пискаревка,Санкт-Петербург,T1,2577;2477;2507;2529;2549,0.320;0.323;0.353;0.363;0.371,17.73,17.94,17.08,-0.21,-0.1
2383,внутригородская территория города федерального значения муниципальный округ Северный,Санкт-Петербург,T1,2548;2466;2556;2467;2562,0.314;0.390;0.418;0.428;0.462,16.76,17.0,17.08,-0.24,-0.13
2384,внутригородская территория города федерального значения муниципальный округ Прометей,Санкт-Петербург,T1,2474;2562;2499;2473;2556,0.230;0.452;0.466;0.469;0.475,17.38,16.57,17.08,0.82,0.92
2385,внутригородская территория города федерального значения муниципальный округ Княжево,Санкт-Петербург,T1,2474;2463;2473;2546;2584,0.406;0.568;0.595;0.595;0.602,17.79,15.88,17.08,1.91,2.02
2386,внутригородская территория города федерального значения муниципальный округ Ульянка,Санкт-Петербург,T1,2548;2474;2466;2556;2463,0.345;0.374;0.401;0.449;0.458,16.41,16.57,17.08,-0.15,-0.05
2387,внутригородская территория города федерального значения муниципальный округ Дачное,Санкт-Петербург,T1,2474;2475;2584;2546;2529,0.426;0.484;0.523;0.533;0.545,16.35,15.59,17.08,0.76,0.87
2388,внутригородская территория города федерального значения муниципальный округ Автово,Санкт-Петербург,T1,2474;2475;2584;2546;2580,0.486;0.544;0.599;0.603;0.622,16.09,15.59,17.08,0.5,0.61
2389,внутригородская территория города федерального значения муниципальный округ Нарвский округ,Санкт-Петербург,T1,2474;2548;2546;2584;2466,0.513;0.567;0.589;0.612;0.628,16.89,16.57,17.08,0.33,0.43
2390,внутригородская территория города федерального значения муниципальный округ Красненькая речка,Санкт-Петербург,T1,2474;2546;2584;2548;2466,0.448;0.518;0.543;0.559;0.569,17.97,16.57,17.08,1.4,1.51
2391,внутригородская территория города федерального значения муниципальный округ Морские ворота,Санкт-Петербург,T1,2553;2550;2548;2526;2511,0.512;0.516;0.594;0.623;0.631,19.32,17.6,17.08,1.72,1.83
2392,внутригородская территория города федерального значения город Колпино,Санкт-Петербург,T1,2472;2554;2511;2582;2465,0.345;0.405;0.515;0.528;0.541,17.57,16.68,17.08,0.89,1.0
2393,внутригородская территория города федерального значения поселок Металлострой,Санкт-Петербург,T3,2588;2465;2554;2472;2504,0.472;0.522;0.531;0.562;0.694,19.84,16.68,17.08,3.16,3.27
2395,внутригородская территория города федерального значения поселок Понтонный,Санкт-Петербург,T3,2597;2465;2588;2596;2547,0.617;0.658;0.766;0.806;0.858,17.34,16.01,17.08,1.33,1.44
2398,внутригородская территория города федерального значения муниципальный округ Полюстрово,Санкт-Петербург,T1,2556;2466;2548;2562;2474,0.358;0.372;0.396;0.400;0.401,15.99,17.0,17.08,-1.01,-0.9
2399,внутригородская территория города федерального значения муниципальный округ Большая Охта,Санкт-Петербург,T1,2477;2529;2507;2557;2577,0.412;0.442;0.444;0.458;0.492,17.6,18.97,17.08,-1.37,-1.27
2400,внутригородская территория города федерального значения муниципальный округ Малая Охта,Санкт-Петербург,T1,2561;2475;2468;2583;2579,0.419;0.421;0.422;0.441;0.446,17.33,15.94,17.08,1.39,1.5
2401,внутригородская территория города федерального значения муниципальный округ Пороховые,Санкт-Петербург,T1,2474;2463;2466;2556;2575,0.372;0.454;0.493;0.530;0.544,16.7,16.57,17.08,0.13,0.24
2402,внутригородская территория города федерального значения муниципальный округ Ржевка,Санкт-Петербург,T1,2474;2466;2548;2556;2463,0.353;0.356;0.372;0.387;0.429,17.28,16.57,17.08,0.72,0.82
2403,внутригородская территория города федерального значения город Красное Село,Санкт-Петербург,T3,2504;2547;2472;2554;2511,0.516;0.547;0.561;0.599;0.600,17.94,16.68,17.08,1.26,1.37
2404,внутригородская территория города федерального значения муниципальный округ Юго-Запад,Санкт-Петербург,T1,2546;2584;2474;2499;2466,0.339;0.344;0.345;0.393;0.442,16.0,16.57,17.08,-0.57,-0.46
2405,внутригородская территория города федерального значения муниципальный округ Южно-Приморский,Санкт-Петербург,T1,2557;2529;2477;2577;2560,0.297;0.305;0.345;0.353;0.364,16.3,18.97,17.08,-2.67,-2.56
2406,внутригородская территория города федерального значения муниципальный округ Сосновая поляна,Санкт-Петербург,T1,2548;2466;2467;2556;2553,0.261;0.339;0.372;0.384;0.416,18.73,17.0,17.08,1.72,1.83
2407,внутригородская территория города федерального значения муниципальный округ Урицк,Санкт-Петербург,T1,2463;2466;2556;2474;2548,0.235;0.261;0.303;0.329;0.367,17.56,16.57,17.08,0.99,1.1
2408,внутригородская территория города федерального значения муниципальный округ Константиновское,Санкт-Петербург,T1,2466;2548;2556;2511;2467,0.332;0.333;0.396;0.397;0.412,16.95,16.37,17.08,0.58,0.69
2409,внутригородская территория города федерального значения муниципальный округ Горелово,Санкт-Петербург,T1,2511;2553;2498;2570;2500,0.473;0.478;0.505;0.507;0.519,16.13,17.95,17.08,-1.82,-1.71
2410,внутригородская территория города федерального значения город Кронштадт,Санкт-Петербург,T3,2588;2552;2571;2570;2504,0.451;0.590;0.624;0.643;0.649,16.44,17.18,17.08,-0.74,-0.63
2411,внутригородская территория города федерального значения город Зеленогорск,Санкт-Петербург,T1,2504;2604;2491;2592;2602,0.410;0.465;0.570;0.574;0.586,17.13,17.05,17.08,0.07,0.18
2412,внутригородская территория города федерального значения город Сестрорецк,Санкт-Петербург,T1,2516;2491;2496;2500;2592,0.505;0.538;0.575;0.593;0.603,17.18,17.96,17.08,-0.78,-0.67
2416,внутригородская территория города федерального значения поселок Песочный,Санкт-Петербург,T1,2493;2482;2575;2473;2587,0.824;0.886;0.890;0.898;0.937,15.69,17.02,17.08,-1.34,-1.23
2422,внутригородская территория города федерального значения город Ломоносов,Санкт-Петербург,T3,2547;2504;2571;2554;2588,0.497;0.571;0.572;0.732;0.740,18.01,16.82,17.08,1.19,1.3
2423,внутригородская территория города федерального значения муниципальный округ Московская застава,Санкт-Петербург,T1,2476;2497;2510;2503;2540,0.372;0.440;0.454;0.476;0.503,16.82,17.72,17.08,-0.91,-0.8
2424,внутригородская территория города федерального значения муниципальный округ Гагаринское,Санкт-Петербург,T1,2477;2561;2579;2529;2507,0.351;0.401;0.402;0.404;0.429,17.9,17.3,17.08,0.6,0.71
2425,внутригородская территория города федерального значения муниципальный округ Новоизмайловское,Санкт-Петербург,T1,2475;2512;2561;2468;2477,0.371;0.424;0.429;0.431;0.442,17.29,15.92,17.08,1.38,1.48
2426,внутригородская территория города федерального значения муниципальный округ Пулковский меридиан,Санкт-Петербург,T1,2529;2579;2477;2566;2561,0.354;0.359;0.374;0.388;0.418,15.16,16.37,17.08,-1.21,-1.1
2427,внутригородская территория города федерального значения муниципальный округ Звездное,Санкт-Петербург,T1,2510;2566;2518;2476;2567,0.235;0.407;0.408;0.454;0.457,15.79,17.19,17.08,-1.4,-1.29
2428,внутригородская территория города федерального значения муниципальный округ Невская застава,Санкт-Петербург,T1,2474;2584;2546;2556;2466,0.241;0.356;0.368;0.386;0.401,17.15,16.26,17.08,0.89,1.0
2429,внутригородская территория города федерального значения муниципальный округ Ивановский,Санкт-Петербург,T1,2474;2546;2584;2548;2551,0.398;0.405;0.409;0.423;0.461,20.18,15.98,17.08,4.2,4.31
2430,внутригородская территория города федерального значения муниципальный округ Обуховский,Санкт-Петербург,T1,2548;2466;2556;2474;2499,0.201;0.334;0.362;0.371;0.400,17.23,17.0,17.08,0.23,0.33
2431,внутригородская территория города федерального значения муниципальный округ Рыбацкое,Санкт-Петербург,T1,2548;2556;2467;2466;2496,0.231;0.264;0.288;0.298;0.357,15.49,17.0,17.08,-1.51,-1.41
2432,внутригородская территория города федерального значения муниципальный округ Народный,Санкт-Петербург,T1,2526;2550;2553;2511;2570,0.435;0.448;0.483;0.593;0.594,17.91,17.46,17.08,0.46,0.56
2433,внутригородская территория города федерального значения муниципальный округ № 54,Санкт-Петербург,T1,2548;2466;2556;2553;2467,0.228;0.358;0.431;0.436;0.441,18.69,17.0,17.08,1.68,1.79
2434,внутригородская территория города федерального значения муниципальный округ Невский округ,Санкт-Петербург,T1,2475;2529;2477;2474;2584,0.332;0.361;0.385;0.388;0.389,15.9,15.92,17.08,-0.02,0.09
2435,внутригородская территория города федерального значения муниципальный округ Оккервиль,Санкт-Петербург,T1,2474;2548;2466;2463;2546,0.321;0.428;0.436;0.462;0.462,15.76,16.57,17.08,-0.81,-0.7
2436,внутригородская территория города федерального значения муниципальный округ Правобережный,Санкт-Петербург,T1,2529;2477;2577;2560;2507,0.291;0.329;0.360;0.369;0.378,16.34,17.6,17.08,-1.26,-1.15
2437,внутригородская территория города федерального значения город Павловск,Санкт-Петербург,T1,2592;2500;2501;2552;2604,0.351;0.387;0.427;0.461;0.467,15.75,17.18,17.08,-1.43,-1.32
2439,внутригородская территория города федерального значения муниципальный округ Введенский,Санкт-Петербург,T1,2573;2557;2574;2505;2519,0.491;0.569;0.591;0.637;0.653,19.37,17.71,17.08,1.66,1.77
2440,внутригородская территория города федерального значения муниципальный округ Кронверкское,Санкт-Петербург,T1,2539;2506;2573;2476;2574,0.496;0.509;0.527;0.623;0.635,17.47,18.36,17.08,-0.89,-0.79
2441,внутригородская территория города федерального значения муниципальный округ Посадский,Санкт-Петербург,T1,2573;2506;2539;2519;2536,0.347;0.381;0.454;0.473;0.500,22.81,19.7,17.08,3.11,3.21
2442,внутригородская территория города федерального значения муниципальный округ Аптекарский остров,Санкт-Петербург,T1,2494;2536;2495;2537;2479,0.383;0.427;0.441;0.450;0.480,19.97,19.15,17.08,0.82,0.93
2443,внутригородская территория города федерального значения муниципальный округ округ Петровский,Санкт-Петербург,T1,2506;2537;2573;2536;2495,0.480;0.481;0.494;0.510;0.529,17.7,19.81,17.08,-2.11,-2.0
2444,внутригородская территория города федерального значения муниципальный округ Чкаловское,Санкт-Петербург,T1,2479;2541;2485;2509;2486,0.426;0.464;0.498;0.557;0.565,21.77,18.63,17.08,3.14,3.25
2445,внутригородская территория города федерального значения город Петергоф,Санкт-Петербург,T1,2472;2498;2467;2511;2554,0.445;0.452;0.533;0.535;0.536,17.07,16.68,17.08,0.39,0.5
2446,внутригородская территория города федерального значения поселок Стрельна,Санкт-Петербург,T1,2556;2466;2496;2467;2548,0.385;0.419;0.455;0.462;0.498,16.94,17.0,17.08,-0.06,0.05
2447,внутригородская территория города федерального значения город Пушкин,Санкт-Петербург,T1,2516;2496;2534;2499;2502,0.346;0.399;0.400;0.401;0.425,17.14,17.96,17.08,-0.83,-0.72
2449,внутригородская территория города федерального значения поселок Шушары,Санкт-Петербург,T1,2553;2526;2550;2570;2511,0.311;0.316;0.348;0.359;0.409,17.26,17.46,17.08,-0.2,-0.09
2450,внутригородская территория города федерального значения муниципальный округ Волковское,Санкт-Петербург,T1,2474;2546;2584;2548;2466,0.484;0.559;0.567;0.602;0.616,16.12,16.57,17.08,-0.44,-0.34
2451,внутригородская территория города федерального значения муниципальный округ № 72,Санкт-Петербург,T1,2474;2584;2546;2529;2463,0.459;0.562;0.564;0.574;0.590,16.91,15.88,17.08,1.03,1.14
2452,внутригородская территория города федерального значения муниципальный округ Купчино,Санкт-Петербург,T1,2474;2463;2473;2575;2466,0.419;0.570;0.594;0.602;0.639,17.76,16.57,17.08,1.19,1.3
2453,внутригородская территория города федерального значения муниципальный округ Георгиевский,Санкт-Петербург,T1,2474;2463;2499;2584;2575,0.379;0.548;0.563;0.566;0.567,15.59,16.57,17.08,-0.98,-0.87
2454,внутригородская территория города федерального значения муниципальный округ № 75,Санкт-Петербург,T1,2529;2477;2577;2474;2482,0.402;0.468;0.487;0.503;0.512,16.57,17.96,17.08,-1.4,-1.29
2455,внутригородская территория города федерального значения муниципальный округ Балканский,Санкт-Петербург,T1,2474;2463;2575;2473;2466,0.455;0.540;0.571;0.572;0.630,16.47,16.57,17.08,-0.09,0.01
2456,внутригородская территория города федерального значения муниципальный округ Дворцовый округ,Санкт-Петербург,T1,2537;2539;2536;2497;2476,0.498;0.712;0.728;0.754;0.769,17.72,18.85,17.08,-1.13,-1.02
2457,внутригородская территория города федерального значения муниципальный округ № 78,Санкт-Петербург,T1,2539;2476;2537;2497;2573,0.619;0.699;0.723;0.747;0.792,19.95,17.71,17.08,2.24,2.34
2458,внутригородская территория города федерального значения муниципальный округ Литейный округ,Санкт-Петербург,T1,2476;2539;2497;2537;2536,0.450;0.510;0.524;0.528;0.535,17.65,18.85,17.08,-1.2,-1.1
2459,внутригородская территория города федерального значения муниципальный округ Смольнинское,Санкт-Петербург,T1,2540;2476;2536;2564;2497,0.388;0.491;0.563;0.571;0.583,16.8,17.72,17.08,-0.92,-0.81
2460,внутригородская территория города федерального значения муниципальный округ Лиговка-Ямская,Санкт-Петербург,T1,2539;2573;2522;2574;2476,0.237;0.413;0.491;0.516;0.519,17.76,17.71,17.08,0.04,0.15
2461,внутригородская территория города федерального значения муниципальный округ Владимирский округ,Санкт-Петербург,T1,2539;2476;2497;2522;2573,0.551;0.693;0.756;0.760;0.781,16.52,17.19,17.08,-0.67,-0.57
2462,внутригородская территория города федерального значения муниципальный округ Богородское,Москва,T1,2363;2382;2380;2428;2434,0.345;0.415;0.420;0.427;0.428,18.01,16.17,17.19,1.84,1.74
2463,внутригородская территория города федерального значения муниципальный округ Вешняки,Москва,T1,2407;2367;2408;2402;2431,0.235;0.393;0.418;0.429;0.431,15.88,16.95,17.19,-1.07,-1.18
2464,внутригородская территория города федерального значения муниципальный округ Восточное Измайлово,Москва,T1,2363;2380;2428;2431;2447,0.393;0.418;0.523;0.539;0.550,17.38,16.17,17.19,1.21,1.1
2465,внутригородская территория города федерального значения муниципальный округ Восточный,Москва,T1,2393;2392;2403;2395;2411,0.522;0.541;0.643;0.658;0.789,14.69,17.57,17.19,-2.88,-2.98
2466,внутригородская территория города федерального значения муниципальный округ Гольяново,Москва,T1,2407;2431;2408;2430;2406,0.261;0.298;0.332;0.334;0.339,17.0,17.23,17.19,-0.23,-0.33
2467,внутригородская территория города федерального значения муниципальный округ Ивановское,Москва,T1,2431;2406;2430;2408;2383,0.288;0.372;0.400;0.412;0.428,14.76,16.95,17.19,-2.19,-2.3
2468,внутригородская территория города федерального значения муниципальный округ Измайлово,Москва,T1,2434;2366;2400;2425;2379,0.402;0.415;0.422;0.431;0.447,15.91,16.17,17.19,-0.26,-0.37
2469,внутригородская территория города федерального значения муниципальный округ Косино-Ухтомский,Москва,T1,2447;2433;2430;2363;2429,0.583;0.645;0.646;0.659;0.660,16.03,17.23,17.19,-1.2,-1.3
2470,внутригородская территория города федерального значения муниципальный округ Новогиреево,Москва,T1,2380;2363;2429;2428;2434,0.464;0.465;0.497;0.503;0.520,16.26,16.17,17.19,0.09,-0.02
2471,внутригородская территория города федерального значения муниципальный округ Новокосино,Москва,T1,2363;2431;2428;2447;2430,0.588;0.600;0.621;0.621;0.627,15.18,17.14,17.19,-1.96,-2.07
2472,внутригородская территория города федерального значения муниципальный округ Метрогородок,Москва,T1,2392;2408;2445;2431;2407,0.345;0.445;0.445;0.464;0.525,16.68,17.07,17.19,-0.39,-0.5
2473,внутригородская территория города федерального значения муниципальный округ Перово,Москва,T1,2428;2407;2381;2363;2368,0.416;0.435;0.437;0.440;0.462,16.03,17.15,17.19,-1.11,-1.22
2474,внутригородская территория города федерального значения муниципальный округ Северное Измайлово,Москва,T1,2384;2428;2380;2367;2363,0.230;0.241;0.271;0.273;0.287,16.57,16.81,17.19,-0.24,-0.35
2475,внутригородская территория города федерального значения муниципальный округ Соколиная гора,Москва,T1,2434;2366;2425;2369;2436,0.332;0.355;0.371;0.406;0.417,14.67,16.17,17.19,-1.5,-1.61
2476,внутригородская территория города федерального значения муниципальный округ Сокольники,Москва,T1,2423;2361;2355;2458;2365,0.372;0.439;0.446;0.450;0.452,17.19,16.82,17.19,0.38,0.27
2477,внутригородская территория города федерального значения муниципальный округ Преображенское,Москва,T1,2376;2382;2436;2405;2424,0.313;0.323;0.329;0.345;0.351,15.92,17.73,17.19,-1.82,-1.92
2478,внутригородская территория города федерального значения муниципальный округ Внуково,Москва,T1,2411;2403;2392;2445;2446,0.592;0.618;0.683;0.703;0.721,12.58,17.13,17.19,-4.55,-4.66
2479,внутригородская территория города федерального значения муниципальный округ Дорогомилово,Москва,T1,2444;2442;2443;2459;2458,0.426;0.480;0.725;0.758;0.881,19.15,17.7,17.19,1.45,1.34
2480,внутригородская территория города федерального значения муниципальный округ Крылатское,Москва,T1,2442;2441;2361;2443;2427,0.687;0.771;0.782;0.784;0.787,15.65,17.7,17.19,-2.05,-2.16
2481,внутригородская территория города федерального значения муниципальный округ Кунцево,Москва,T1,2365;2375;2427;2369;2379,0.513;0.545;0.566;0.571;0.612,18.03,15.67,17.19,2.36,2.26
2482,внутригородская территория города федерального значения муниципальный округ Можайский,Москва,T1,2382;2363;2447;2376;2436,0.407;0.415;0.456;0.464;0.485,17.96,17.14,17.19,0.83,0.72
2483,внутригородская территория города федерального значения муниципальный округ Ново-Переделкино,Москва,T1,2447;2363;2431;2412;2446,0.470;0.545;0.608;0.610;0.624,16.42,16.94,17.19,-0.53,-0.63
2484,внутригородская территория города федерального значения муниципальный округ Очаково-Матвеевское,Москва,T1,2447;2377;2382;2376;2412,0.488;0.531;0.561;0.596;0.607,19.15,17.18,17.19,1.97,1.86
2485,внутригородская территория города федерального значения муниципальный округ Проспект Вернадского,Москва,T1,2444;2442;2459;2443;2423,0.498;0.530;0.695;0.772;0.829,17.22,17.7,17.19,-0.48,-0.59
2486,внутригородская территория города федерального значения муниципальный округ Раменки,Москва,T1,2444;2442;2443;2459;2441,0.565;0.785;1.056;1.119;1.200,18.63,19.97,17.19,-1.34,-1.45
2487,внутригородская территория города федерального значения муниципальный округ Солнцево,Москва,T1,2447;2382;2376;2370;2405,0.575;0.628;0.636;0.643;0.648,16.31,17.73,17.19,-1.42,-1.53
2488,внутригородская территория города федерального значения муниципальный округ Тропарево-Никулино,Москва,T1,2442;2444;2459;2423;2443,0.560;0.686;0.686;0.731;0.740,17.05,17.7,17.19,-0.65,-0.75
2489,внутригородская территория города федерального значения муниципальный округ Филевский парк,Москва,T1,2372;2377;2441;2373;2442,0.647;0.689;0.693;0.696;0.701,17.8,19.01,17.19,-1.22,-1.33
2490,внутригородская территория города федерального значения муниципальный округ Фили-Давыдково,Москва,T1,2365;2427;2375;2369;2379,0.486;0.513;0.542;0.603;0.623,15.99,15.67,17.19,0.32,0.22
2491,внутригородская территория города федерального значения муниципальный округ Крюково,Москва,T1,2437;2412;2411;2447;2446,0.510;0.538;0.570;0.591;0.632,16.58,17.13,17.19,-0.54,-0.65
2492,внутригородская территория города федерального значения муниципальный округ Матушкино,Москва,T1,2446;2363;2431;2407;2447,0.753;0.781;0.794;0.807;0.827,16.68,16.94,17.19,-0.26,-0.36
2493,внутригородская территория города федерального значения муниципальный округ Силино,Москва,T1,2446;2445;2431;2407;2363,0.625;0.716;0.734;0.741;0.753,17.55,16.94,17.19,0.61,0.51
2494,внутригородская территория города федерального значения муниципальный округ Аэропорт,Москва,T1,2442;2443;2459;2441;2361,0.383;0.553;0.607;0.628;0.637,18.04,17.7,17.19,0.34,0.23
2495,внутригородская территория города федерального значения муниципальный округ Беговой,Москва,T1,2442;2443;2441;2361;2427,0.441;0.529;0.596;0.620;0.687,20.33,17.7,17.19,2.63,2.52
2496,внутригородская территория города федерального значения муниципальный округ Бескудниковский,Москва,T1,2363;2431;2447;2430;2446,0.345;0.357;0.399;0.444;0.455,18.72,16.94,17.19,1.78,1.67
2497,внутригородская территория города федерального значения муниципальный округ Войковский,Москва,T1,2423;2355;2361;2427;2365,0.440;0.454;0.484;0.486;0.491,17.03,16.38,17.19,0.65,0.54
2498,внутригородская территория города федерального значения муниципальный округ Восточное Дегунино,Москва,T1,2431;2445;2449;2409;2446,0.419;0.452;0.475;0.505;0.509,17.95,16.94,17.19,1.01,0.9
2499,внутригородская территория города федерального значения муниципальный округ Головинский,Москва,T1,2363;2382;2380;2404;2430,0.244;0.382;0.389;0.393;0.400,18.16,16.17,17.19,1.99,1.88
2500,внутригородская территория города федерального значения муниципальный округ Дмитровский,Москва,T1,2437;2449;2409;2371;2431,0.387;0.430;0.519;0.525;0.565,18.2,15.97,17.19,2.24,2.13
2501,внутригородская территория города федерального значения муниципальный округ Западное Дегунино,Москва,T1,2437;2447;2371;2449;2431,0.427;0.557;0.562;0.598;0.607,17.45,15.97,17.19,1.48,1.38
2502,внутригородская территория города федерального значения муниципальный округ Коптево,Москва,T1,2363;2382;2376;2447;2436,0.347;0.375;0.400;0.425;0.442,16.4,17.14,17.19,-0.73,-0.84
2503,внутригородская территория города федерального значения муниципальный округ Левобережный,Москва,T1,2365;2427;2423;2375;2374,0.443;0.474;0.476;0.522;0.536,19.69,16.82,17.19,2.87,2.76
2504,внутригородская территория города федерального значения муниципальный округ Молжаниновский,Москва,T1,2411;2437;2403;2449;2409,0.410;0.513;0.516;0.523;0.550,20.39,17.13,17.19,3.27,3.16
2505,внутригородская территория города федерального значения муниципальный округ Савеловский,Москва,T1,2377;2372;2360;2405;2376,0.261;0.300;0.353;0.396;0.399,16.89,16.33,17.19,0.56,0.45
2506,внутригородская территория города федерального значения муниципальный округ Сокол,Москва,T1,2441;2373;2361;2355;2443,0.381;0.415;0.437;0.438;0.480,21.09,17.7,17.19,3.39,3.29
2507,внутригородская территория города федерального значения муниципальный округ Тимирязевский,Москва,T1,2376;2372;2382;2405;2360,0.320;0.340;0.353;0.370;0.374,17.6,16.33,17.19,1.26,1.15
2508,внутригородская территория города федерального значения муниципальный округ Ховрино,Москва,T1,2372;2405;2377;2426;2436,0.395;0.422;0.436;0.480;0.508,17.8,16.3,17.19,1.49,1.39
2509,внутригородская территория города федерального значения муниципальный округ Хорошевский,Москва,T1,2444;2442;2443;2459;2441,0.557;0.658;0.870;0.963;1.021,17.0,19.97,17.19,-2.97,-3.08
2510,внутригородская территория города федерального значения муниципальный округ Алексеевский,Москва,T1,2427;2365;2373;2375;2361,0.235;0.289;0.298;0.356;0.364,18.9,16.38,17.19,2.52,2.41
2511,внутригородская территория города федерального значения муниципальный округ Алтуфьевский,Москва,T1,2408;2449;2406;2431;2409,0.397;0.409;0.424;0.429;0.473,16.37,16.95,17.19,-0.58,-0.69
2512,внутригородская территория города федерального значения муниципальный округ Бабушкинский,Москва,T1,2366;2369;2425;2379;2400,0.364;0.399;0.424;0.475;0.477,17.71,16.17,17.19,1.54,1.43
2513,внутригородская территория города федерального значения муниципальный округ Бибирево,Москва,T1,2407;2431;2408;2430;2433,0.452;0.490;0.514;0.550;0.562,15.04,17.23,17.19,-2.18,-2.29
2514,внутригородская территория города федерального значения муниципальный округ Бутырский,Москва,T1,2434;2366;2376;2405;2436,0.448;0.457;0.460;0.470;0.473,15.23,16.3,17.19,-1.07,-1.18
2515,внутригородская территория города федерального значения муниципальный округ Лианозово,Москва,T1,2363;2447;2428;2429;2430,0.486;0.523;0.526;0.553;0.556,16.87,17.15,17.19,-0.28,-0.38
2516,внутригородская территория города федерального значения муниципальный округ Лосиноостровский,Москва,T1,2447;2363;2431;2412;2446,0.346;0.411;0.498;0.505;0.510,17.96,16.94,17.19,1.02,0.91
2517,внутригородская территория города федерального значения муниципальный округ Марфино,Москва,T1,2382;2376;2377;2405;2436,0.528;0.529;0.559;0.561;0.577,19.4,16.58,17.19,2.82,2.71
2518,внутригородская территория города федерального значения муниципальный округ Марьина роща,Москва,T1,2372;2360;2373;2377;2359,0.207;0.264;0.276;0.363;0.398,18.11,16.58,17.19,1.53,1.42
2519,внутригородская территория города федерального значения муниципальный округ Останкинский,Москва,T1,2372;2373;2441;2360;2377,0.406;0.444;0.473;0.477;0.480,16.29,16.58,17.19,-0.3,-0.4
2520,внутригородская территория города федерального значения муниципальный округ Отрадное,Москва,T1,2363;2380;2428;2434;2381,0.381;0.397;0.410;0.435;0.494,16.71,16.17,17.19,0.54,0.43
2521,внутригородская территория города федерального значения муниципальный округ Ростокино,Москва,T1,2377;2382;2376;2447;2405,0.567;0.608;0.615;0.645;0.689,17.74,17.14,17.19,0.6,0.5
2522,внутригородская территория города федерального значения муниципальный округ Свиблово,Москва,T1,2364;2355;2460;2441;2373,0.464;0.475;0.491;0.518;0.530,14.46,18.27,17.19,-3.82,-3.93
2523,внутригородская территория города федерального значения муниципальный округ Северное Медведково,Москва,T1,2428;2363;2380;2431;2429,0.573;0.578;0.597;0.627;0.636,17.79,16.17,17.19,1.62,1.52
2524,внутригородская территория города федерального значения муниципальный округ Северный,Москва,T1,2437;2371;2412;2447;2362,0.557;0.599;0.615;0.741;0.850,16.74,15.97,17.19,0.77,0.67
2525,внутригородская территория города федерального значения муниципальный округ Южное Медведково,Москва,T1,2447;2363;2430;2431;2433,0.482;0.508;0.535;0.551;0.576,17.33,17.14,17.19,0.19,0.08
2526,внутригородская территория города федерального значения муниципальный округ Ярославский,Москва,T1,2449;2432;2409;2406;2371,0.316;0.435;0.526;0.527;0.558,16.53,17.26,17.19,-0.73,-0.83
2527,внутригородская территория города федерального значения муниципальный округ Куркино,Москва,T1,2444;2442;2443;2441;2361,0.805;0.967;1.115;1.237;1.253,15.23,19.97,17.19,-4.74,-4.85
2528,внутригородская территория города федерального значения муниципальный округ Митино,Москва,T1,2377;2405;2447;2382;2370,0.569;0.619;0.620;0.625;0.641,14.87,17.14,17.19,-2.26,-2.37
2529,внутригородская территория города федерального значения муниципальный округ Покровское-Стрешнево,Москва,T1,2436;2405;2426;2434;2382,0.291;0.305;0.354;0.361;0.363,20.64,16.3,17.19,4.34,4.23
2530,внутригородская территория города федерального значения муниципальный округ Северное Тушино,Москва,T1,2363;2380;2431;2428;2430,0.408;0.417;0.473;0.475;0.493,16.77,16.17,17.19,0.6,0.49
2531,внутригородская территория города федерального значения муниципальный округ Строгино,Москва,T1,2405;2436;2382;2376;2377,0.403;0.427;0.478;0.493;0.494,15.59,16.58,17.19,-1.0,-1.11
2532,внутригородская территория города федерального значения муниципальный округ Хорошево-Мневники,Москва,T1,2377;2372;2360;2405;2373,0.440;0.505;0.594;0.614;0.656,18.44,16.33,17.19,2.1,2.0
2533,внутригородская территория города федерального значения муниципальный округ Щукино,Москва,T1,2372;2441;2361;2373;2355,0.509;0.544;0.547;0.548;0.584,17.3,16.38,17.19,0.92,0.81
2534,внутригородская территория города федерального значения муниципальный округ Южное Тушино,Москва,T1,2363;2447;2431;2380;2430,0.318;0.400;0.400;0.430;0.434,15.87,16.17,17.19,-0.3,-0.41
2535,внутригородская территория города федерального значения муниципальный округ Арбат,Москва,T1,2444;2442;2443;2459;2456,0.814;1.142;1.367;1.466;1.491,16.63,17.72,17.19,-1.09,-1.19
2536,внутригородская территория города федерального значения муниципальный округ Басманный,Москва,T1,2442;2441;2443;2355;2458,0.427;0.500;0.510;0.521;0.535,19.81,17.7,17.19,2.11,2.0
2537,внутригородская территория города федерального значения муниципальный округ Замоскворечье,Москва,T1,2442;2443;2456;2441;2355,0.450;0.481;0.498;0.508;0.523,18.85,17.72,17.19,1.13,1.02
2538,внутригородская территория города федерального значения муниципальное образование Савелки,Москва,T1,2363;2447;2366;2428;2380,0.751;0.768;0.786;0.821;0.825,17.91,16.17,17.19,1.74,1.63
2539,внутригородская территория города федерального значения муниципальный округ Красносельский,Москва,T1,2460;2355;2364;2374;2361,0.237;0.298;0.378;0.397;0.406,19.7,17.09,17.19,2.61,2.5
2540,внутригородская территория города федерального значения муниципальный округ Мещанский,Москва,T1,2459;2423;2442;2458;2361,0.388;0.503;0.536;0.566;0.667,17.72,16.82,17.19,0.91,0.8
2541,внутригородская территория города федерального значения муниципальный округ Пресненский,Москва,T1,2444;2442;2459;2443;2458,0.464;0.551;0.804;0.805;0.933,19.19,17.7,17.19,1.49,1.38
2542,внутригородская территория города федерального значения муниципальный округ Таганский,Москва,T1,2355;2423;2441;2361;2427,0.501;0.510;0.519;0.523;0.538,17.09,16.38,17.19,0.71,0.6
2543,внутригородская территория города федерального значения муниципальный округ Тверской,Москва,T1,2442;2444;2459;2443;2458,0.601;0.645;0.759;0.847;0.876,19.79,17.7,17.19,2.09,1.99
2544,внутригородская территория города федерального значения муниципальный округ Хамовники,Москва,T1,2444;2442;2459;2443;2423,0.780;1.010;1.138;1.289;1.311,20.12,17.7,17.19,2.42,2.31
2545,внутригородская территория города федерального значения муниципальный округ Якиманка,Москва,T1,2444;2442;2456;2443;2459,0.795;0.808;1.004;1.027;1.032,20.56,17.72,17.19,2.85,2.74
2546,внутригородская территория города федерального значения муниципальный округ Выхино-Жулебино,Москва,T1,2404;2428;2363;2429;2430,0.339;0.368;0.385;0.405;0.418,15.48,17.15,17.19,-1.67,-1.77
2547,внутригородская территория города федерального значения муниципальный округ Капотня,Москва,T3,2422;2403;2449;2409;2393,0.497;0.547;0.633;0.722;0.724,15.55,17.94,17.19,-2.39,-2.5
2548,внутригородская территория города федерального значения муниципальный округ Кузьминки,Москва,T1,2430;2433;2431;2406;2383,0.201;0.228;0.231;0.261;0.314,17.96,17.23,17.19,0.73,0.62
2549,внутригородская территория города федерального значения муниципальный округ Лефортово,Москва,T1,2376;2382;2405;2372;2436,0.350;0.371;0.395;0.397;0.406,17.94,16.34,17.19,1.6,1.5
2550,внутригородская территория города федерального значения муниципальный округ Люблино,Москва,T1,2449;2432;2433;2391;2406,0.348;0.448;0.486;0.516;0.533,17.6,18.69,17.19,-1.09,-1.19
2551,внутригородская территория города федерального значения муниципальный округ Марьино,Москва,T1,2429;2363;2430;2447;2380,0.461;0.471;0.474;0.481;0.507,15.98,17.14,17.19,-1.16,-1.27
2552,внутригородская территория города федерального значения муниципальный округ Некрасовка,Москва,T1,2437;2410;2411;2449;2445,0.461;0.590;0.612;0.644;0.723,17.18,17.07,17.19,0.11,0.01
2553,внутригородская территория города федерального значения муниципальный округ Нижегородский,Москва,T1,2449;2431;2408;2406;2433,0.311;0.402;0.413;0.416;0.436,21.41,17.26,17.19,4.15,4.05
2554,внутригородская территория города федерального значения муниципальный округ Печатники,Москва,T1,2392;2449;2393;2445;2408,0.405;0.517;0.531;0.536;0.562,17.96,17.26,17.19,0.7,0.6
2555,внутригородская территория города федерального значения муниципальный округ Рязанский,Москва,T1,2363;2447;2429;2428;2382,0.468;0.479;0.506;0.518;0.527,19.31,17.15,17.19,2.17,2.06
2556,внутригородская территория города федерального значения муниципальный округ Текстильщики,Москва,T1,2431;2407;2363;2398;2430,0.264;0.303;0.311;0.358;0.362,16.26,16.17,17.19,0.09,-0.02
2557,внутригородская территория города федерального значения муниципальный округ Южнопортовый,Москва,T1,2405;2372;2377;2436;2376,0.297;0.339;0.350;0.386;0.395,19.21,16.34,17.19,2.88,2.77
2558,внутригородская территория города федерального значения муниципальный округ Академический,Москва,T1,2423;2442;2427;2459;2355,0.574;0.597;0.619;0.623;0.630,19.33,16.8,17.19,2.53,2.42
2559,внутригородская территория города федерального значения муниципальный округ Гагаринский,Москва,T1,2459;2444;2442;2423;2458,0.803;0.877;0.913;0.941;1.009,17.86,17.65,17.19,0.21,0.11
2560,внутригородская территория города федерального значения муниципальный округ Зюзино,Москва,T1,2405;2436;2376;2382;2434,0.364;0.369;0.380;0.386;0.400,14.82,16.34,17.19,-1.52,-1.63
2561,внутригородская территория города федерального значения муниципальный округ Коньково,Москва,T1,2366;2375;2379;2369;2378,0.319;0.320;0.331;0.362;0.400,16.37,15.26,17.19,1.11,1.0
2562,внутригородская территория города федерального значения муниципальный округ Котловка,Москва,T1,2363;2380;2398;2431;2430,0.258;0.388;0.400;0.401;0.421,18.33,15.99,17.19,2.33,2.22
2563,внутригородская территория города федерального значения муниципальный округ Ломоносовский,Москва,T1,2459;2423;2442;2458;2444,0.780;0.844;0.898;0.950;0.964,17.51,17.65,17.19,-0.14,-0.25
2564,внутригородская территория города федерального значения муниципальный округ Обручевский,Москва,T1,2423;2459;2442;2458;2355,0.566;0.571;0.595;0.644;0.697,18.58,16.82,17.19,1.76,1.65
2565,внутригородская территория города федерального значения муниципальный округ Северное Бутово,Москва,T1,2447;2370;2382;2377;2376,0.603;0.629;0.654;0.655;0.664,16.57,17.73,17.19,-1.17,-1.27
2566,внутригородская территория города федерального значения муниципальный округ Теплый Стан,Москва,T1,2426;2427;2365;2369;2375,0.388;0.407;0.428;0.456;0.466,15.15,15.67,17.19,-0.52,-0.63
2567,внутригородская территория города федерального значения муниципальный округ Черемушки,Москва,T1,2373;2427;2372;2361;2360,0.450;0.457;0.469;0.474;0.517,16.32,16.33,17.19,-0.01,-0.12
2568,внутригородская территория города федерального значения муниципальный округ Южное Бутово,Москва,T1,2437;2447;2370;2362;2412,0.670;0.703;0.718;0.806;0.826,16.2,17.14,17.19,-0.93,-1.04
2569,внутригородская территория города федерального значения муниципальный округ Ясенево,Москва,T1,2363;2447;2428;2404;2436,0.391;0.473;0.480;0.482;0.498,16.67,16.34,17.19,0.33,0.22
2570,внутригородская территория города федерального значения муниципальный округ Бирюлево Восточное,Москва,T1,2449;2437;2409;2432;2431,0.359;0.485;0.507;0.594;0.603,17.46,16.13,17.19,1.33,1.22
2571,внутригородская территория города федерального значения муниципальный округ Бирюлево Западное,Москва,T3,2422;2410;2449;2403;2393,0.572;0.624;0.659;0.736;0.796,16.82,17.94,17.19,-1.11,-1.22
2572,внутригородская территория города федерального значения муниципальный округ Братеево,Москва,T1,2431;2433;2430;2406;2408,0.519;0.521;0.544;0.577;0.580,15.57,17.23,17.19,-1.66,-1.77
2573,внутригородская территория города федерального значения муниципальный округ Даниловский,Москва,T1,2372;2441;2373;2361;2355,0.311;0.347;0.371;0.390;0.392,17.71,16.38,17.19,1.33,1.23
2574,внутригородская территория города федерального значения муниципальный округ Донской,Москва,T1,2372;2360;2373;2359;2377,0.180;0.257;0.327;0.343;0.345,18.36,16.58,17.19,1.78,1.67
2575,внутригородская территория города федерального значения муниципальный округ Зябликово,Москва,T1,2407;2367;2363;2428;2384,0.394;0.437;0.477;0.478;0.493,17.02,17.15,17.19,-0.12,-0.23
2576,внутригородская территория города федерального значения муниципальный округ Москворечье-Сабурово,Москва,T1,2431;2447;2430;2363;2433,0.495;0.498;0.500;0.525;0.547,19.24,17.14,17.19,2.1,1.99
2577,внутригородская территория города федерального значения муниципальный округ Нагатино-Садовники,Москва,T1,2382;2376;2405;2436;2377,0.320;0.339;0.353;0.360;0.379,18.97,16.58,17.19,2.39,2.28
2578,внутригородская территория города федерального значения муниципальный округ Нагатинский затон,Москва,T1,2366;2369;2425;2379;2434,0.428;0.510;0.532;0.536;0.541,17.71,15.9,17.19,1.81,1.7
2579,внутригородская территория города федерального значения муниципальный округ Нагорный,Москва,T1,2426;2366;2369;2375;2424,0.359;0.361;0.364;0.395;0.402,17.3,15.67,17.19,1.63,1.52
2580,внутригородская территория города федерального значения муниципальный округ Орехово-Борисово Северное,Москва,T1,2428;2434;2404;2363;2367,0.453;0.453;0.475;0.479;0.515,16.75,16.17,17.19,0.58,0.48
2581,внутригородская территория города федерального значения муниципальный округ Орехово-Борисово Южное,Москва,T1,2363;2429;2428;2404;2430,0.464;0.481;0.484;0.492;0.494,17.69,17.15,17.19,0.54,0.44
2582,внутригородская территория города федерального значения муниципальный округ Царицыно,Москва,T1,2407;2392;2408;2431;2445,0.522;0.528;0.572;0.576;0.594,16.71,17.07,17.19,-0.36,-0.47
2583,внутригородская территория города федерального значения муниципальный округ Чертаново Северное,Москва,T1,2375;2366;2379;2374;2369,0.398;0.403;0.413;0.420;0.424,15.94,15.67,17.19,0.27,0.16
2584,внутригородская территория города федерального значения муниципальный округ Чертаново Центральное,Москва,T1,2404;2363;2428;2434;2429,0.344;0.352;0.356;0.389;0.409,15.59,16.17,17.19,-0.58,-0.69
2585,внутригородская территория города федерального значения муниципальный округ Чертаново Южное,Москва,T1,2447;2430;2433;2431;2437,0.505;0.557;0.560;0.579;0.594,17.2,17.14,17.19,0.07,-0.04
2586,внутригородская территория города федерального значения муниципальный округ Старое Крюково,Москва,T1,2445;2446;2431;2411;2392,0.643;0.673;0.715;0.718;0.776,15.32,17.07,17.19,-1.75,-1.85
2587,внутригородская территория города федерального значения городской округ Троицк,Москва,T1,2412;2447;2446;2411;2370,0.755;0.759;0.768;0.771;0.776,14.62,17.14,17.19,-2.52,-2.62
2588,внутригородская территория города федерального значения городской округ Щербинка,Москва,T1,2410;2393;2403;2411;2392,0.451;0.472;0.659;0.677;0.690,16.01,17.57,17.19,-1.56,-1.67
2589,внутригородская территория города федерального значения поселение Внуковское,Москва,T1,2370;2377;2447;2412;2382,0.836;1.144;1.162;1.252;1.259,15.7,17.18,17.19,-1.48,-1.59
2590,внутригородская территория города федерального значения поселение Воскресенское,Москва,T1,2437;2362;2412;2411;2370,0.467;0.580;0.703;0.713;0.730,16.65,17.13,17.19,-0.47,-0.58
2591,внутригородская территория города федерального значения поселение Вороновское,Москва,T3,2395;2393;2411;2422;2410,1.341;1.586;1.614;1.680;1.751,20.45,17.34,17.19,3.11,3.0
2592,внутригородская территория города федерального значения поселение Десеновское,Москва,T1,2437;2411;2412;2371;2362,0.351;0.574;0.603;0.657;0.749,15.58,15.97,17.19,-0.39,-0.49
2593,внутригородская территория города федерального значения поселение Киевский,Москва,T4,2395;2393;2392;2403;2422,2.383;2.693;2.879;3.007;3.088,24.49,17.94,17.19,6.55,6.44
2595,внутригородская территория города федерального значения поселение Кокошкино,Москва,T3,2395;2393;2392;2410;2403,1.296;1.608;1.904;1.971;1.983,24.6,17.57,17.19,7.03,6.92
2596,внутригородская территория города федерального значения поселение Краснопахорское,Москва,T3,2395;2411;2393;2422;2403,0.806;1.004;1.043;1.083;1.095,18.45,17.94,17.19,0.51,0.4
2597,внутригородская территория города федерального значения поселение Марушкинское,Москва,T3,2395;2411;2403;2393;2422,0.617;0.637;0.647;0.736;0.772,19.03,17.94,17.19,1.09,0.99
2598,внутригородская территория города федерального значения поселение Михайлово-Ярцевское,Москва,T3,2395;2393;2410;2422;2411,1.747;2.048;2.161;2.261;2.263,16.42,17.34,17.19,-0.92,-1.02
2599,внутригородская территория города федерального значения поселение Московский,Москва,T1,2370;2377;2447;2405;2382,0.718;0.772;0.857;0.887;0.896,15.89,17.14,17.19,-1.24,-1.35
2600,"внутригородская территория города федерального значения поселение Мосрентген""""",Москва,T1,2409;2432;2371;2412;2398,0.826;0.846;0.886;0.905;0.917,14.1,16.13,17.19,-2.03,-2.14
2601,внутригородская территория города федерального значения поселение Новофедоровское,Москва,T3,2395;2411;2410;2422;2362,1.539;1.578;1.584;1.670;1.699,8.21,17.13,17.19,-8.92,-9.02
2602,внутригородская территория города федерального значения поселение Первомайское,Москва,T1,2411;2437;2362;2412;2370,0.586;0.603;0.805;0.856;0.977,19.09,17.13,17.19,1.97,1.86
2604,внутригородская территория города федерального значения поселение Рязановское,Москва,T1,2411;2437;2362;2410;2403,0.465;0.467;0.586;0.805;0.877,17.05,16.44,17.19,0.61,0.5
2605,внутригородская территория города федерального значения поселение Сосенское,Москва,T1,2370;2377;2372;2405;2447,0.552;0.870;0.970;0.974;0.986,15.45,16.58,17.19,-1.13,-1.24
2606,внутригородская территория города федерального значения поселение Филимонковское,Москва,T1,2362;2410;2437;2411;2393,0.779;0.823;0.888;0.921;1.169,20.8,16.44,17.19,4.36,4.25
2607,внутригородская территория города федерального значения поселение Щаповское,Москва,T3,2395;2422;2393;2410;2403,1.341;1.590;1.654;1.726;1.746,22.89,17.94,17.19,4.95,4.84
2618,Мантуровский муниципальный округ,Костромская область,T6,710;1769;572;2053;1594,0.394;0.533;0.636;0.648;0.665,13.5,15.42,16.99,-1.92,-3.61
2619,городской округ город Переславль-Залесский,Ярославская область,T3,1876;996;991;2047;2883,0.374;0.426;0.454;0.495;0.573,17.63,20.16,15.56,-2.53,-0.96
2620,городской округ Соликамский,Пермский край,T3,1136;2006;2032;1141;674,0.535;0.573;0.640;0.651;0.658,16.15,18.19,13.77,-2.03,-0.7
2621,городской округ город Березники,Пермский край,T3,1136;2337;2193;667;2228,0.684;0.706;0.722;0.750;0.753,14.69,14.82,13.77,-0.13,0.89
2644,городской округ Серпухов,Московская область,T3,1402;1396;2063;7;1783,0.616;0.642;0.652;0.668;0.692,17.58,18.9,16.25,-1.32,0.7
2646,городской округ город Обнинск,Калужская область,T1,1397;1845;1464;2164;1560,0.524;0.624;0.698;0.707;0.759,16.22,16.96,13.85,-0.74,1.66
2647,Боровский муниципальный район,Калужская область,T3,1477;1863;2884;1454;1489,0.459;0.720;0.727;0.751;0.766,16.73,19.62,13.85,-2.89,-0.24
2648,городской округ Лосино-Петровский,Московская область,T3,1400;2119;1396;1403;1408,0.730;0.838;0.888;0.893;0.956,19.49,16.96,16.25,2.53,3.42
2649,городской округ Щёлково,Московская область,T1,1396;1402;1397;1400;1783,0.744;0.756;0.767;0.837;0.852,16.2,16.6,16.25,-0.4,0.49
2651,городской округ Одинцовский,Московская область,T1,1395;1402;1620;824;7,0.747;1.008;1.163;1.192;1.199,16.76,18.34,16.25,-1.58,0.34
2652,городской округ Орехово-Зуевский,Московская область,T3,1400;1403;1396;2063;1890,0.422;0.501;0.613;0.640;0.738,16.58,18.9,16.25,-2.32,-2.3
2710,городской округ Вышневолоцкий,Тверская область,T3,1883;1667;1983;1422;1922,0.349;0.684;0.709;0.806;0.826,18.63,18.34,17.13,0.29,-3.0
2808,городской округ Коломна,Московская область,T3,1397;1400;2164;1408;2044,0.492;0.502;0.630;0.648;0.650,16.45,16.92,16.25,-0.47,0.39
2809,муниципальный округ Кунгурский,Пермский край,T3,1995;1333;357;686;81,0.482;0.542;0.558;0.565;0.588,17.3,19.07,13.77,-1.77,-0.54
2813,городской округ Шатура,Московская область,T3,1401;1405;1394;2211;996,0.576;0.602;0.605;0.771;0.788,18.65,19.0,16.25,-0.35,0.65
2814,городской округ Пушкинский,Московская область,T1,1402;1397;1395;1620;7,0.764;0.836;0.854;0.904;0.969,16.01,17.78,16.25,-1.77,-0.42
2872,муниципальный округ Приуральский район,Ямало-Ненецкий автономный округ,T2,613;2230;847;333;846,1.270;1.276;1.464;1.482;1.484,7.49,14.42,12.27,-6.94,-6.01
2876,городской округ город-курорт Кисловодск,Ставропольский край,T3,1;1501;918;1198;3009,0.860;1.037;1.037;1.043;1.045,21.76,16.78,19.08,4.98,0.02
2879,городской округ город Губкинский,Ямало-Ненецкий автономный округ,T3,1507;2222;2217;1509;1398,0.670;0.728;0.762;0.883;1.062,13.21,16.1,12.27,-2.89,0.66
2880,городской округ город Лабытнанги,Ямало-Ненецкий автономный округ,T2,333;847;325;312;2220,0.792;1.016;1.154;1.203;1.231,11.1,15.04,12.27,-3.94,-2.88
2881,Предгорный муниципальный округ,Ставропольский край,T3,196;351;201;1758;1,0.823;0.989;1.039;1.140;1.190,20.16,17.85,19.08,2.31,1.05
2882,муниципальный округ Пуровский район,Ямало-Ненецкий автономный округ,T3,2222;1398;2217;1519;2236,0.665;0.826;0.896;0.915;0.983,9.26,15.22,12.27,-5.96,-2.21
2883,муниципальный округ Кимрский,Тверская область,T3,2047;2048;1005;1504;2619,0.428;0.535;0.548;0.548;0.573,20.72,19.31,17.13,1.41,0.55
2884,муниципальный округ Ржевский,Тверская область,T3,1411;1863;1615;2647;1315,0.454;0.603;0.723;0.727;0.764,20.25,20.14,17.13,0.1,-1.2
2885,муниципальный округ Кудымкарский,Пермский край,T3,357;81;421;1995;1275,0.409;0.501;0.692;0.704;0.758,14.75,16.82,13.77,-2.07,-3.09
2886,муниципальный округ Губахинский,Пермский край,T4,2334;1063;211;1110;1996,0.508;0.540;0.560;0.655;0.662,14.02,14.35,13.77,-0.33,-1.52
2887,городской округ город Саратов,Саратовская область,T3,1007;918;478;1977;1410,0.288;0.405;0.420;0.516;0.562,17.09,18.87,13.85,-1.78,-1.86
3005,городской округ город Арзамас,Нижегородская область,T3,989;506;1599;1235;1765,0.357;0.511;0.615;0.648;0.662,18.56,18.05,14.77,0.51,3.05
3007,Прокопьевский муниципальный округ,Кемеровская область,T3,899;992;1740;3005;685,0.522;0.648;0.727;0.751;0.773,13.41,18.56,17.67,-5.15,-8.05
3009,городской округ город Тамбов,Тамбовская область,T3,841;1758;819;1726;820,0.266;0.410;0.492;0.577;0.640,18.63,21.0,14.55,-2.37,1.27
3011,городской округ Златоустовский,Челябинская область,T3,748;763;509;1995;1668,0.306;0.369;0.425;0.449;0.473,23.07,19.07,17.7,4.0,1.3
3012,Кусинский муниципальный район,Челябинская область,T4,1341;1338;1284;548;531,0.449;0.665;0.808;0.839;0.987,15.36,12.8,17.7,2.56,-1.77
3013,городской округ Солнечногорск,Московская область,T3,1402;1396;2119;7;1783,0.508;0.646;0.824;0.841;0.860,18.18,18.93,16.25,-0.75,1.29
